[33mWARNING[0m:  [21-06-2025 17:29:48] chroma_server_nofile is set to 65535, but this is less than current soft limit of 1048575. chroma_server_nofile will not be set.
[32mINFO[0m:     [21-06-2025 17:29:48] Anonymized telemetry enabled. See                     https://docs.trychroma.com/telemetry for more information.
[36mDEBUG[0m:    [21-06-2025 17:29:48] Starting component System
[36mDEBUG[0m:    [21-06-2025 17:29:48] Starting component OpenTelemetryClient
[36mDEBUG[0m:    [21-06-2025 17:29:48] Starting component SqliteDB
[36mDEBUG[0m:    [21-06-2025 17:29:48] Starting component QuotaEnforcer
[36mDEBUG[0m:    [21-06-2025 17:29:48] Starting component Posthog
[36mDEBUG[0m:    [21-06-2025 17:29:48] Starting component LocalSegmentManager
[36mDEBUG[0m:    [21-06-2025 17:29:48] Starting component SegmentAPI
[32mINFO[0m:     [21-06-2025 17:29:48] Started server process [[36m8288[0m]
[32mINFO[0m:     [21-06-2025 17:29:48] Waiting for application startup.
[32mINFO[0m:     [21-06-2025 17:29:48] Application startup complete.
[32mINFO[0m:     [21-06-2025 17:29:48] Uvicorn running on [1mhttp://localhost:8000[0m (Press CTRL+C to quit)
[32mINFO[0m:     [21-06-2025 17:30:04] ::1:52667 - "GET /api/v1/collections HTTP/1.1" 200
[32mINFO[0m:     [21-06-2025 17:30:04] ::1:52667 - "POST /api/v1/collections HTTP/1.1" 200
[32mINFO[0m:     [21-06-2025 17:30:15] ::1:52671 - "GET /api/v1/collections HTTP/1.1" 200
[36mDEBUG[0m:    [21-06-2025 17:30:15] Starting component PersistentLocalHnswSegment
[32mINFO[0m:     [21-06-2025 17:30:15] ::1:52671 - "POST /api/v1/collections/f61f865b-75a2-446d-8195-edca78283a9d/add HTTP/1.1" 201
[32mINFO[0m:     [21-06-2025 17:35:05] ::1:52693 - "GET /api/v1/collections HTTP/1.1" 200
[31mERROR[0m:    [21-06-2025 17:35:05] Collection maintstar-docs already exists
Traceback (most recent call last):
  File "/Users/juliareinhart/anaconda3/lib/python3.11/site-packages/starlette/middleware/base.py", line 148, in call_next
    message = await recv_stream.receive()
              ^^^^^^^^^^^^^^^^^^^^^^^^^^^
  File "/Users/juliareinhart/anaconda3/lib/python3.11/site-packages/anyio/streams/memory.py", line 126, in receive
    raise EndOfStream from None
anyio.EndOfStream

During handling of the above exception, another exception occurred:

Traceback (most recent call last):
  File "/Users/juliareinhart/anaconda3/lib/python3.11/site-packages/chromadb/server/fastapi/__init__.py", line 78, in catch_exceptions_middleware
    return await call_next(request)
           ^^^^^^^^^^^^^^^^^^^^^^^^
  File "/Users/juliareinhart/anaconda3/lib/python3.11/site-packages/starlette/middleware/base.py", line 156, in call_next
    raise app_exc
  File "/Users/juliareinhart/anaconda3/lib/python3.11/site-packages/starlette/middleware/base.py", line 141, in coro
    await self.app(scope, receive_or_disconnect, send_no_error)
  File "/Users/juliareinhart/anaconda3/lib/python3.11/site-packages/starlette/middleware/base.py", line 176, in __call__
    with recv_stream, send_stream, collapse_excgroups():
  File "/Users/juliareinhart/anaconda3/lib/python3.11/contextlib.py", line 155, in __exit__
    self.gen.throw(typ, value, traceback)
  File "/Users/juliareinhart/anaconda3/lib/python3.11/site-packages/starlette/_utils.py", line 82, in collapse_excgroups
    raise exc
  File "/Users/juliareinhart/anaconda3/lib/python3.11/site-packages/starlette/middleware/base.py", line 178, in __call__
    response = await self.dispatch_func(request, call_next)
               ^^^^^^^^^^^^^^^^^^^^^^^^^^^^^^^^^^^^^^^^^^^^
  File "/Users/juliareinhart/anaconda3/lib/python3.11/site-packages/chromadb/server/fastapi/__init__.py", line 92, in check_http_version_middleware
    return await call_next(request)
           ^^^^^^^^^^^^^^^^^^^^^^^^
  File "/Users/juliareinhart/anaconda3/lib/python3.11/site-packages/starlette/middleware/base.py", line 156, in call_next
    raise app_exc
  File "/Users/juliareinhart/anaconda3/lib/python3.11/site-packages/starlette/middleware/base.py", line 141, in coro
    await self.app(scope, receive_or_disconnect, send_no_error)
  File "/Users/juliareinhart/anaconda3/lib/python3.11/site-packages/starlette/middleware/exceptions.py", line 62, in __call__
    await wrap_app_handling_exceptions(self.app, conn)(scope, receive, send)
  File "/Users/juliareinhart/anaconda3/lib/python3.11/site-packages/starlette/_exception_handler.py", line 53, in wrapped_app
    raise exc
  File "/Users/juliareinhart/anaconda3/lib/python3.11/site-packages/starlette/_exception_handler.py", line 42, in wrapped_app
    await app(scope, receive, sender)
  File "/Users/juliareinhart/anaconda3/lib/python3.11/site-packages/starlette/routing.py", line 714, in __call__
    await self.middleware_stack(scope, receive, send)
  File "/Users/juliareinhart/anaconda3/lib/python3.11/site-packages/starlette/routing.py", line 734, in app
    await route.handle(scope, receive, send)
  File "/Users/juliareinhart/anaconda3/lib/python3.11/site-packages/starlette/routing.py", line 288, in handle
    await self.app(scope, receive, send)
  File "/Users/juliareinhart/anaconda3/lib/python3.11/site-packages/starlette/routing.py", line 76, in app
    await wrap_app_handling_exceptions(app, request)(scope, receive, send)
  File "/Users/juliareinhart/anaconda3/lib/python3.11/site-packages/starlette/_exception_handler.py", line 53, in wrapped_app
    raise exc
  File "/Users/juliareinhart/anaconda3/lib/python3.11/site-packages/starlette/_exception_handler.py", line 42, in wrapped_app
    await app(scope, receive, sender)
  File "/Users/juliareinhart/anaconda3/lib/python3.11/site-packages/starlette/routing.py", line 73, in app
    response = await f(request)
               ^^^^^^^^^^^^^^^^
  File "/Users/juliareinhart/anaconda3/lib/python3.11/site-packages/fastapi/routing.py", line 301, in app
    raw_response = await run_endpoint_function(
                   ^^^^^^^^^^^^^^^^^^^^^^^^^^^^
  File "/Users/juliareinhart/anaconda3/lib/python3.11/site-packages/fastapi/routing.py", line 212, in run_endpoint_function
    return await dependant.call(**values)
           ^^^^^^^^^^^^^^^^^^^^^^^^^^^^^^
  File "/Users/juliareinhart/anaconda3/lib/python3.11/site-packages/chromadb/telemetry/opentelemetry/__init__.py", line 130, in wrapper
    return await f(*args, **kwargs)
           ^^^^^^^^^^^^^^^^^^^^^^^^
  File "/Users/juliareinhart/anaconda3/lib/python3.11/site-packages/chromadb/server/fastapi/__init__.py", line 630, in create_collection
    await to_thread.run_sync(
  File "/Users/juliareinhart/anaconda3/lib/python3.11/site-packages/anyio/to_thread.py", line 56, in run_sync
    return await get_async_backend().run_sync_in_worker_thread(
           ^^^^^^^^^^^^^^^^^^^^^^^^^^^^^^^^^^^^^^^^^^^^^^^^^^^^
  File "/Users/juliareinhart/anaconda3/lib/python3.11/site-packages/anyio/_backends/_asyncio.py", line 2470, in run_sync_in_worker_thread
    return await future
           ^^^^^^^^^^^^
  File "/Users/juliareinhart/anaconda3/lib/python3.11/site-packages/anyio/_backends/_asyncio.py", line 967, in run
    result = context.run(func, *args)
             ^^^^^^^^^^^^^^^^^^^^^^^^
  File "/Users/juliareinhart/anaconda3/lib/python3.11/site-packages/chromadb/server/fastapi/__init__.py", line 620, in process_create_collection
    return self._api.create_collection(
           ^^^^^^^^^^^^^^^^^^^^^^^^^^^^
  File "/Users/juliareinhart/anaconda3/lib/python3.11/site-packages/chromadb/telemetry/opentelemetry/__init__.py", line 143, in wrapper
    return f(*args, **kwargs)
           ^^^^^^^^^^^^^^^^^^
  File "/Users/juliareinhart/anaconda3/lib/python3.11/site-packages/chromadb/api/segment.py", line 173, in create_collection
    coll, created = self._sysdb.create_collection(
                    ^^^^^^^^^^^^^^^^^^^^^^^^^^^^^^
  File "/Users/juliareinhart/anaconda3/lib/python3.11/site-packages/chromadb/telemetry/opentelemetry/__init__.py", line 143, in wrapper
    return f(*args, **kwargs)
           ^^^^^^^^^^^^^^^^^^
  File "/Users/juliareinhart/anaconda3/lib/python3.11/site-packages/chromadb/db/mixins/sysdb.py", line 220, in create_collection
    raise UniqueConstraintError(f"Collection {name} already exists")
chromadb.db.base.UniqueConstraintError: Collection maintstar-docs already exists
[32mINFO[0m:     [21-06-2025 17:35:05] ::1:52693 - "POST /api/v1/collections HTTP/1.1" 500
[32mINFO[0m:     [21-06-2025 17:35:11] ::1:52695 - "GET /api/v1/collections HTTP/1.1" 200
[33mWARNING[0m:  [21-06-2025 17:35:11] Insert of existing embedding ID: CH1-Work Orders.md-chunk-0
[33mWARNING[0m:  [21-06-2025 17:35:11] Insert of existing embedding ID: CH1-Work Orders.md-chunk-1
[33mWARNING[0m:  [21-06-2025 17:35:11] Insert of existing embedding ID: CH1-Work Orders.md-chunk-2
[33mWARNING[0m:  [21-06-2025 17:35:11] Insert of existing embedding ID: CH1-Work Orders.md-chunk-3
[33mWARNING[0m:  [21-06-2025 17:35:11] Insert of existing embedding ID: CH1-Work Orders.md-chunk-4
[33mWARNING[0m:  [21-06-2025 17:35:11] Insert of existing embedding ID: CH1-Work Orders.md-chunk-5
[33mWARNING[0m:  [21-06-2025 17:35:11] Insert of existing embedding ID: CH1-Work Orders.md-chunk-6
[33mWARNING[0m:  [21-06-2025 17:35:11] Insert of existing embedding ID: CH1-Work Orders.md-chunk-7
[33mWARNING[0m:  [21-06-2025 17:35:11] Insert of existing embedding ID: CH1-Work Orders.md-chunk-8
[33mWARNING[0m:  [21-06-2025 17:35:11] Insert of existing embedding ID: CH1-Work Orders.md-chunk-9
[33mWARNING[0m:  [21-06-2025 17:35:11] Insert of existing embedding ID: CH1-Work Orders.md-chunk-10
[33mWARNING[0m:  [21-06-2025 17:35:11] Insert of existing embedding ID: CH1-Work Orders.md-chunk-11
[33mWARNING[0m:  [21-06-2025 17:35:11] Insert of existing embedding ID: CH1-Work Orders.md-chunk-12
[33mWARNING[0m:  [21-06-2025 17:35:11] Insert of existing embedding ID: CH1-Work Orders.md-chunk-13
[33mWARNING[0m:  [21-06-2025 17:35:11] Insert of existing embedding ID: CH1-Work Orders.md-chunk-14
[33mWARNING[0m:  [21-06-2025 17:35:11] Insert of existing embedding ID: CH1-Work Orders.md-chunk-15
[33mWARNING[0m:  [21-06-2025 17:35:11] Insert of existing embedding ID: CH1-Work Orders.md-chunk-16
[33mWARNING[0m:  [21-06-2025 17:35:11] Insert of existing embedding ID: CH1-Work Orders.md-chunk-17
[33mWARNING[0m:  [21-06-2025 17:35:11] Insert of existing embedding ID: CH1-Work Orders.md-chunk-18
[33mWARNING[0m:  [21-06-2025 17:35:11] Insert of existing embedding ID: CH1-Work Orders.md-chunk-19
[33mWARNING[0m:  [21-06-2025 17:35:11] Add of existing embedding ID: CH1-Work Orders.md-chunk-0
[33mWARNING[0m:  [21-06-2025 17:35:11] Add of existing embedding ID: CH1-Work Orders.md-chunk-1
[33mWARNING[0m:  [21-06-2025 17:35:11] Add of existing embedding ID: CH1-Work Orders.md-chunk-2
[33mWARNING[0m:  [21-06-2025 17:35:11] Add of existing embedding ID: CH1-Work Orders.md-chunk-3
[33mWARNING[0m:  [21-06-2025 17:35:11] Add of existing embedding ID: CH1-Work Orders.md-chunk-4
[33mWARNING[0m:  [21-06-2025 17:35:11] Add of existing embedding ID: CH1-Work Orders.md-chunk-5
[33mWARNING[0m:  [21-06-2025 17:35:11] Add of existing embedding ID: CH1-Work Orders.md-chunk-6
[33mWARNING[0m:  [21-06-2025 17:35:11] Add of existing embedding ID: CH1-Work Orders.md-chunk-7
[33mWARNING[0m:  [21-06-2025 17:35:11] Add of existing embedding ID: CH1-Work Orders.md-chunk-8
[33mWARNING[0m:  [21-06-2025 17:35:11] Add of existing embedding ID: CH1-Work Orders.md-chunk-9
[33mWARNING[0m:  [21-06-2025 17:35:11] Add of existing embedding ID: CH1-Work Orders.md-chunk-10
[33mWARNING[0m:  [21-06-2025 17:35:11] Add of existing embedding ID: CH1-Work Orders.md-chunk-11
[33mWARNING[0m:  [21-06-2025 17:35:11] Add of existing embedding ID: CH1-Work Orders.md-chunk-12
[33mWARNING[0m:  [21-06-2025 17:35:11] Add of existing embedding ID: CH1-Work Orders.md-chunk-13
[33mWARNING[0m:  [21-06-2025 17:35:11] Add of existing embedding ID: CH1-Work Orders.md-chunk-14
[33mWARNING[0m:  [21-06-2025 17:35:11] Add of existing embedding ID: CH1-Work Orders.md-chunk-15
[33mWARNING[0m:  [21-06-2025 17:35:11] Add of existing embedding ID: CH1-Work Orders.md-chunk-16
[33mWARNING[0m:  [21-06-2025 17:35:11] Add of existing embedding ID: CH1-Work Orders.md-chunk-17
[33mWARNING[0m:  [21-06-2025 17:35:11] Add of existing embedding ID: CH1-Work Orders.md-chunk-18
[33mWARNING[0m:  [21-06-2025 17:35:11] Add of existing embedding ID: CH1-Work Orders.md-chunk-19
[32mINFO[0m:     [21-06-2025 17:35:11] ::1:52695 - "POST /api/v1/collections/f61f865b-75a2-446d-8195-edca78283a9d/add HTTP/1.1" 201
[32mINFO[0m:     [21-06-2025 17:35:11] ::1:52695 - "GET /api/v1/collections HTTP/1.1" 200
[31mERROR[0m:    [21-06-2025 17:35:11] Collection maintstar-docs already exists
Traceback (most recent call last):
  File "/Users/juliareinhart/anaconda3/lib/python3.11/site-packages/starlette/middleware/base.py", line 148, in call_next
    message = await recv_stream.receive()
              ^^^^^^^^^^^^^^^^^^^^^^^^^^^
  File "/Users/juliareinhart/anaconda3/lib/python3.11/site-packages/anyio/streams/memory.py", line 126, in receive
    raise EndOfStream from None
anyio.EndOfStream

During handling of the above exception, another exception occurred:

Traceback (most recent call last):
  File "/Users/juliareinhart/anaconda3/lib/python3.11/site-packages/chromadb/server/fastapi/__init__.py", line 78, in catch_exceptions_middleware
    return await call_next(request)
           ^^^^^^^^^^^^^^^^^^^^^^^^
  File "/Users/juliareinhart/anaconda3/lib/python3.11/site-packages/starlette/middleware/base.py", line 156, in call_next
    raise app_exc
  File "/Users/juliareinhart/anaconda3/lib/python3.11/site-packages/starlette/middleware/base.py", line 141, in coro
    await self.app(scope, receive_or_disconnect, send_no_error)
  File "/Users/juliareinhart/anaconda3/lib/python3.11/site-packages/starlette/middleware/base.py", line 176, in __call__
    with recv_stream, send_stream, collapse_excgroups():
  File "/Users/juliareinhart/anaconda3/lib/python3.11/contextlib.py", line 155, in __exit__
    self.gen.throw(typ, value, traceback)
  File "/Users/juliareinhart/anaconda3/lib/python3.11/site-packages/starlette/_utils.py", line 82, in collapse_excgroups
    raise exc
  File "/Users/juliareinhart/anaconda3/lib/python3.11/site-packages/starlette/middleware/base.py", line 178, in __call__
    response = await self.dispatch_func(request, call_next)
               ^^^^^^^^^^^^^^^^^^^^^^^^^^^^^^^^^^^^^^^^^^^^
  File "/Users/juliareinhart/anaconda3/lib/python3.11/site-packages/chromadb/server/fastapi/__init__.py", line 92, in check_http_version_middleware
    return await call_next(request)
           ^^^^^^^^^^^^^^^^^^^^^^^^
  File "/Users/juliareinhart/anaconda3/lib/python3.11/site-packages/starlette/middleware/base.py", line 156, in call_next
    raise app_exc
  File "/Users/juliareinhart/anaconda3/lib/python3.11/site-packages/starlette/middleware/base.py", line 141, in coro
    await self.app(scope, receive_or_disconnect, send_no_error)
  File "/Users/juliareinhart/anaconda3/lib/python3.11/site-packages/starlette/middleware/exceptions.py", line 62, in __call__
    await wrap_app_handling_exceptions(self.app, conn)(scope, receive, send)
  File "/Users/juliareinhart/anaconda3/lib/python3.11/site-packages/starlette/_exception_handler.py", line 53, in wrapped_app
    raise exc
  File "/Users/juliareinhart/anaconda3/lib/python3.11/site-packages/starlette/_exception_handler.py", line 42, in wrapped_app
    await app(scope, receive, sender)
  File "/Users/juliareinhart/anaconda3/lib/python3.11/site-packages/starlette/routing.py", line 714, in __call__
    await self.middleware_stack(scope, receive, send)
  File "/Users/juliareinhart/anaconda3/lib/python3.11/site-packages/starlette/routing.py", line 734, in app
    await route.handle(scope, receive, send)
  File "/Users/juliareinhart/anaconda3/lib/python3.11/site-packages/starlette/routing.py", line 288, in handle
    await self.app(scope, receive, send)
  File "/Users/juliareinhart/anaconda3/lib/python3.11/site-packages/starlette/routing.py", line 76, in app
    await wrap_app_handling_exceptions(app, request)(scope, receive, send)
  File "/Users/juliareinhart/anaconda3/lib/python3.11/site-packages/starlette/_exception_handler.py", line 53, in wrapped_app
    raise exc
  File "/Users/juliareinhart/anaconda3/lib/python3.11/site-packages/starlette/_exception_handler.py", line 42, in wrapped_app
    await app(scope, receive, sender)
  File "/Users/juliareinhart/anaconda3/lib/python3.11/site-packages/starlette/routing.py", line 73, in app
    response = await f(request)
               ^^^^^^^^^^^^^^^^
  File "/Users/juliareinhart/anaconda3/lib/python3.11/site-packages/fastapi/routing.py", line 301, in app
    raw_response = await run_endpoint_function(
                   ^^^^^^^^^^^^^^^^^^^^^^^^^^^^
  File "/Users/juliareinhart/anaconda3/lib/python3.11/site-packages/fastapi/routing.py", line 212, in run_endpoint_function
    return await dependant.call(**values)
           ^^^^^^^^^^^^^^^^^^^^^^^^^^^^^^
  File "/Users/juliareinhart/anaconda3/lib/python3.11/site-packages/chromadb/telemetry/opentelemetry/__init__.py", line 130, in wrapper
    return await f(*args, **kwargs)
           ^^^^^^^^^^^^^^^^^^^^^^^^
  File "/Users/juliareinhart/anaconda3/lib/python3.11/site-packages/chromadb/server/fastapi/__init__.py", line 630, in create_collection
    await to_thread.run_sync(
  File "/Users/juliareinhart/anaconda3/lib/python3.11/site-packages/anyio/to_thread.py", line 56, in run_sync
    return await get_async_backend().run_sync_in_worker_thread(
           ^^^^^^^^^^^^^^^^^^^^^^^^^^^^^^^^^^^^^^^^^^^^^^^^^^^^
  File "/Users/juliareinhart/anaconda3/lib/python3.11/site-packages/anyio/_backends/_asyncio.py", line 2470, in run_sync_in_worker_thread
    return await future
           ^^^^^^^^^^^^
  File "/Users/juliareinhart/anaconda3/lib/python3.11/site-packages/anyio/_backends/_asyncio.py", line 967, in run
    result = context.run(func, *args)
             ^^^^^^^^^^^^^^^^^^^^^^^^
  File "/Users/juliareinhart/anaconda3/lib/python3.11/site-packages/chromadb/server/fastapi/__init__.py", line 620, in process_create_collection
    return self._api.create_collection(
           ^^^^^^^^^^^^^^^^^^^^^^^^^^^^
  File "/Users/juliareinhart/anaconda3/lib/python3.11/site-packages/chromadb/telemetry/opentelemetry/__init__.py", line 143, in wrapper
    return f(*args, **kwargs)
           ^^^^^^^^^^^^^^^^^^
  File "/Users/juliareinhart/anaconda3/lib/python3.11/site-packages/chromadb/api/segment.py", line 173, in create_collection
    coll, created = self._sysdb.create_collection(
                    ^^^^^^^^^^^^^^^^^^^^^^^^^^^^^^
  File "/Users/juliareinhart/anaconda3/lib/python3.11/site-packages/chromadb/telemetry/opentelemetry/__init__.py", line 143, in wrapper
    return f(*args, **kwargs)
           ^^^^^^^^^^^^^^^^^^
  File "/Users/juliareinhart/anaconda3/lib/python3.11/site-packages/chromadb/db/mixins/sysdb.py", line 220, in create_collection
    raise UniqueConstraintError(f"Collection {name} already exists")
chromadb.db.base.UniqueConstraintError: Collection maintstar-docs already exists
[32mINFO[0m:     [21-06-2025 17:35:11] ::1:52695 - "POST /api/v1/collections HTTP/1.1" 500
[32mINFO[0m:     [21-06-2025 17:35:12] ::1:52695 - "GET /api/v1/collections HTTP/1.1" 200
[32mINFO[0m:     [21-06-2025 17:35:12] ::1:52695 - "POST /api/v1/collections/f61f865b-75a2-446d-8195-edca78283a9d/add HTTP/1.1" 201
[32mINFO[0m:     [21-06-2025 17:38:18] ::1:53185 - "GET /api/v1/collections HTTP/1.1" 200
[32mINFO[0m:     [21-06-2025 17:38:18] ::1:53185 - "POST /api/v1/collections/f61f865b-75a2-446d-8195-edca78283a9d/query HTTP/1.1" 200
[32mINFO[0m:     [21-06-2025 17:38:31] ::1:53189 - "GET /api/v1/collections HTTP/1.1" 200
[32mINFO[0m:     [21-06-2025 17:38:31] ::1:53189 - "POST /api/v1/collections/f61f865b-75a2-446d-8195-edca78283a9d/query HTTP/1.1" 200
[32mINFO[0m:     [21-06-2025 17:39:25] ::1:53211 - "GET /api/v1/collections HTTP/1.1" 200
[32mINFO[0m:     [21-06-2025 17:39:25] ::1:53211 - "POST /api/v1/collections/f61f865b-75a2-446d-8195-edca78283a9d/query HTTP/1.1" 200
[32mINFO[0m:     [21-06-2025 17:39:42] ::1:53214 - "GET /api/v1/collections HTTP/1.1" 200
[32mINFO[0m:     [21-06-2025 17:39:42] ::1:53214 - "POST /api/v1/collections/f61f865b-75a2-446d-8195-edca78283a9d/query HTTP/1.1" 200
[32mINFO[0m:     [21-06-2025 17:40:08] ::1:53226 - "GET /api/v1/collections HTTP/1.1" 200
[32mINFO[0m:     [21-06-2025 17:40:08] ::1:53226 - "POST /api/v1/collections/f61f865b-75a2-446d-8195-edca78283a9d/query HTTP/1.1" 200
[32mINFO[0m:     [21-06-2025 17:40:22] ::1:53229 - "GET /api/v1/collections HTTP/1.1" 200
[32mINFO[0m:     [21-06-2025 17:40:22] ::1:53229 - "POST /api/v1/collections/f61f865b-75a2-446d-8195-edca78283a9d/query HTTP/1.1" 200
[32mINFO[0m:     [21-06-2025 17:40:37] ::1:53233 - "GET /api/v1/collections HTTP/1.1" 200
[32mINFO[0m:     [21-06-2025 17:40:37] ::1:53233 - "POST /api/v1/collections/f61f865b-75a2-446d-8195-edca78283a9d/query HTTP/1.1" 200
[32mINFO[0m:     [21-06-2025 17:41:09] ::1:53236 - "GET /api/v1/collections HTTP/1.1" 200
[32mINFO[0m:     [21-06-2025 17:41:09] ::1:53236 - "POST /api/v1/collections/f61f865b-75a2-446d-8195-edca78283a9d/query HTTP/1.1" 200
[32mINFO[0m:     [21-06-2025 17:41:35] ::1:53240 - "GET /api/v1/collections HTTP/1.1" 200
[32mINFO[0m:     [21-06-2025 17:41:35] ::1:53240 - "POST /api/v1/collections/f61f865b-75a2-446d-8195-edca78283a9d/query HTTP/1.1" 200
[32mINFO[0m:     [21-06-2025 17:41:53] ::1:53244 - "GET /api/v1/collections HTTP/1.1" 200
[32mINFO[0m:     [21-06-2025 17:41:53] ::1:53244 - "POST /api/v1/collections/f61f865b-75a2-446d-8195-edca78283a9d/query HTTP/1.1" 200
[32mINFO[0m:     [21-06-2025 17:42:17] ::1:53247 - "GET /api/v1/collections HTTP/1.1" 200
[32mINFO[0m:     [21-06-2025 17:42:17] ::1:53247 - "POST /api/v1/collections/f61f865b-75a2-446d-8195-edca78283a9d/query HTTP/1.1" 200
[32mINFO[0m:     [21-06-2025 17:42:55] ::1:53250 - "GET /api/v1/collections HTTP/1.1" 200
[32mINFO[0m:     [21-06-2025 17:42:55] ::1:53250 - "POST /api/v1/collections/f61f865b-75a2-446d-8195-edca78283a9d/query HTTP/1.1" 200
[32mINFO[0m:     [21-06-2025 17:44:40] ::1:53265 - "GET /api/v1/collections HTTP/1.1" 200
[32mINFO[0m:     [21-06-2025 17:44:40] ::1:53265 - "POST /api/v1/collections/f61f865b-75a2-446d-8195-edca78283a9d/query HTTP/1.1" 200
[32mINFO[0m:     [21-06-2025 17:45:05] ::1:53270 - "GET /api/v1/collections HTTP/1.1" 200
[32mINFO[0m:     [21-06-2025 17:45:05] ::1:53270 - "POST /api/v1/collections/f61f865b-75a2-446d-8195-edca78283a9d/query HTTP/1.1" 200
[32mINFO[0m:     [21-06-2025 17:45:33] ::1:53274 - "GET /api/v1/collections HTTP/1.1" 200
[32mINFO[0m:     [21-06-2025 17:45:33] ::1:53274 - "POST /api/v1/collections/f61f865b-75a2-446d-8195-edca78283a9d/query HTTP/1.1" 200
[32mINFO[0m:     [21-06-2025 17:45:50] ::1:53277 - "GET /api/v1/collections HTTP/1.1" 200
[32mINFO[0m:     [21-06-2025 17:45:50] ::1:53277 - "POST /api/v1/collections/f61f865b-75a2-446d-8195-edca78283a9d/query HTTP/1.1" 200
[32mINFO[0m:     [21-06-2025 17:46:03] ::1:53281 - "GET /api/v1/collections HTTP/1.1" 200
[32mINFO[0m:     [21-06-2025 17:46:03] ::1:53281 - "POST /api/v1/collections/f61f865b-75a2-446d-8195-edca78283a9d/query HTTP/1.1" 200
[32mINFO[0m:     [21-06-2025 17:46:23] ::1:53284 - "GET /api/v1/collections HTTP/1.1" 200
[32mINFO[0m:     [21-06-2025 17:46:23] ::1:53284 - "POST /api/v1/collections/f61f865b-75a2-446d-8195-edca78283a9d/query HTTP/1.1" 200
[32mINFO[0m:     [21-06-2025 17:46:34] ::1:53287 - "GET /api/v1/collections HTTP/1.1" 200
[32mINFO[0m:     [21-06-2025 17:46:34] ::1:53287 - "POST /api/v1/collections/f61f865b-75a2-446d-8195-edca78283a9d/query HTTP/1.1" 200
[32mINFO[0m:     [21-06-2025 17:46:50] ::1:53290 - "GET /api/v1/collections HTTP/1.1" 200
[32mINFO[0m:     [21-06-2025 17:46:50] ::1:53290 - "POST /api/v1/collections/f61f865b-75a2-446d-8195-edca78283a9d/query HTTP/1.1" 200
[32mINFO[0m:     [21-06-2025 17:47:13] ::1:53293 - "GET /api/v1/collections HTTP/1.1" 200
[32mINFO[0m:     [21-06-2025 17:47:13] ::1:53293 - "POST /api/v1/collections/f61f865b-75a2-446d-8195-edca78283a9d/query HTTP/1.1" 200
[32mINFO[0m:     [21-06-2025 17:47:27] ::1:53296 - "GET /api/v1/collections HTTP/1.1" 200
[32mINFO[0m:     [21-06-2025 17:47:27] ::1:53296 - "POST /api/v1/collections/f61f865b-75a2-446d-8195-edca78283a9d/query HTTP/1.1" 200
[32mINFO[0m:     [21-06-2025 17:47:43] ::1:53299 - "GET /api/v1/collections HTTP/1.1" 200
[32mINFO[0m:     [21-06-2025 17:47:43] ::1:53299 - "POST /api/v1/collections/f61f865b-75a2-446d-8195-edca78283a9d/query HTTP/1.1" 200
[32mINFO[0m:     [21-06-2025 17:48:00] ::1:53302 - "GET /api/v1/collections HTTP/1.1" 200
[32mINFO[0m:     [21-06-2025 17:48:00] ::1:53302 - "POST /api/v1/collections/f61f865b-75a2-446d-8195-edca78283a9d/query HTTP/1.1" 200
[32mINFO[0m:     [21-06-2025 17:48:24] ::1:53305 - "GET /api/v1/collections HTTP/1.1" 200
[32mINFO[0m:     [21-06-2025 17:48:24] ::1:53305 - "POST /api/v1/collections/f61f865b-75a2-446d-8195-edca78283a9d/query HTTP/1.1" 200
[32mINFO[0m:     [21-06-2025 17:48:35] ::1:53316 - "GET /api/v1/collections HTTP/1.1" 200
[32mINFO[0m:     [21-06-2025 17:48:35] ::1:53316 - "POST /api/v1/collections/f61f865b-75a2-446d-8195-edca78283a9d/query HTTP/1.1" 200
[32mINFO[0m:     [21-06-2025 17:48:51] ::1:53322 - "GET /api/v1/collections HTTP/1.1" 200
[32mINFO[0m:     [21-06-2025 17:48:51] ::1:53322 - "POST /api/v1/collections/f61f865b-75a2-446d-8195-edca78283a9d/query HTTP/1.1" 200
[32mINFO[0m:     [21-06-2025 17:49:08] ::1:53326 - "GET /api/v1/collections HTTP/1.1" 200
[32mINFO[0m:     [21-06-2025 17:49:08] ::1:53326 - "POST /api/v1/collections/f61f865b-75a2-446d-8195-edca78283a9d/query HTTP/1.1" 200
[32mINFO[0m:     [21-06-2025 17:49:15] ::1:53327 - "GET /api/v1/collections HTTP/1.1" 200
[32mINFO[0m:     [21-06-2025 17:49:15] ::1:53327 - "POST /api/v1/collections/f61f865b-75a2-446d-8195-edca78283a9d/query HTTP/1.1" 200
[32mINFO[0m:     [21-06-2025 17:49:39] ::1:53330 - "GET /api/v1/collections HTTP/1.1" 200
[32mINFO[0m:     [21-06-2025 17:49:39] ::1:53330 - "POST /api/v1/collections/f61f865b-75a2-446d-8195-edca78283a9d/query HTTP/1.1" 200
[32mINFO[0m:     [21-06-2025 17:50:06] ::1:53333 - "GET /api/v1/collections HTTP/1.1" 200
[32mINFO[0m:     [21-06-2025 17:50:06] ::1:53333 - "POST /api/v1/collections/f61f865b-75a2-446d-8195-edca78283a9d/query HTTP/1.1" 200
[32mINFO[0m:     [21-06-2025 17:50:23] ::1:53336 - "GET /api/v1/collections HTTP/1.1" 200
[32mINFO[0m:     [21-06-2025 17:50:23] ::1:53336 - "POST /api/v1/collections/f61f865b-75a2-446d-8195-edca78283a9d/query HTTP/1.1" 200
[32mINFO[0m:     [21-06-2025 17:51:12] ::1:53362 - "GET /api/v1/collections HTTP/1.1" 200
[32mINFO[0m:     [21-06-2025 17:51:12] ::1:53362 - "POST /api/v1/collections/f61f865b-75a2-446d-8195-edca78283a9d/query HTTP/1.1" 200
[32mINFO[0m:     [21-06-2025 17:51:36] ::1:53366 - "GET /api/v1/collections HTTP/1.1" 200
[32mINFO[0m:     [21-06-2025 17:51:36] ::1:53366 - "POST /api/v1/collections/f61f865b-75a2-446d-8195-edca78283a9d/query HTTP/1.1" 200
[32mINFO[0m:     [21-06-2025 17:51:46] ::1:53371 - "GET /api/v1/collections HTTP/1.1" 200
[32mINFO[0m:     [21-06-2025 17:51:46] ::1:53371 - "POST /api/v1/collections/f61f865b-75a2-446d-8195-edca78283a9d/query HTTP/1.1" 200
[32mINFO[0m:     [21-06-2025 17:51:51] ::1:53372 - "GET /api/v1/collections HTTP/1.1" 200
[32mINFO[0m:     [21-06-2025 17:51:51] ::1:53372 - "POST /api/v1/collections/f61f865b-75a2-446d-8195-edca78283a9d/query HTTP/1.1" 200
[32mINFO[0m:     [21-06-2025 17:52:01] ::1:53375 - "GET /api/v1/collections HTTP/1.1" 200
[32mINFO[0m:     [21-06-2025 17:52:01] ::1:53375 - "POST /api/v1/collections/f61f865b-75a2-446d-8195-edca78283a9d/query HTTP/1.1" 200
[32mINFO[0m:     [21-06-2025 17:52:16] ::1:53378 - "GET /api/v1/collections HTTP/1.1" 200
[32mINFO[0m:     [21-06-2025 17:52:16] ::1:53378 - "POST /api/v1/collections/f61f865b-75a2-446d-8195-edca78283a9d/query HTTP/1.1" 200
[32mINFO[0m:     [21-06-2025 17:55:16] ::1:53396 - "GET /api/v1/collections HTTP/1.1" 200
[31mERROR[0m:    [21-06-2025 17:55:16] Collection maintstar-docs already exists
Traceback (most recent call last):
  File "/Users/juliareinhart/anaconda3/lib/python3.11/site-packages/starlette/middleware/base.py", line 148, in call_next
    message = await recv_stream.receive()
              ^^^^^^^^^^^^^^^^^^^^^^^^^^^
  File "/Users/juliareinhart/anaconda3/lib/python3.11/site-packages/anyio/streams/memory.py", line 126, in receive
    raise EndOfStream from None
anyio.EndOfStream

During handling of the above exception, another exception occurred:

Traceback (most recent call last):
  File "/Users/juliareinhart/anaconda3/lib/python3.11/site-packages/chromadb/server/fastapi/__init__.py", line 78, in catch_exceptions_middleware
    return await call_next(request)
           ^^^^^^^^^^^^^^^^^^^^^^^^
  File "/Users/juliareinhart/anaconda3/lib/python3.11/site-packages/starlette/middleware/base.py", line 156, in call_next
    raise app_exc
  File "/Users/juliareinhart/anaconda3/lib/python3.11/site-packages/starlette/middleware/base.py", line 141, in coro
    await self.app(scope, receive_or_disconnect, send_no_error)
  File "/Users/juliareinhart/anaconda3/lib/python3.11/site-packages/starlette/middleware/base.py", line 176, in __call__
    with recv_stream, send_stream, collapse_excgroups():
  File "/Users/juliareinhart/anaconda3/lib/python3.11/contextlib.py", line 155, in __exit__
    self.gen.throw(typ, value, traceback)
  File "/Users/juliareinhart/anaconda3/lib/python3.11/site-packages/starlette/_utils.py", line 82, in collapse_excgroups
    raise exc
  File "/Users/juliareinhart/anaconda3/lib/python3.11/site-packages/starlette/middleware/base.py", line 178, in __call__
    response = await self.dispatch_func(request, call_next)
               ^^^^^^^^^^^^^^^^^^^^^^^^^^^^^^^^^^^^^^^^^^^^
  File "/Users/juliareinhart/anaconda3/lib/python3.11/site-packages/chromadb/server/fastapi/__init__.py", line 92, in check_http_version_middleware
    return await call_next(request)
           ^^^^^^^^^^^^^^^^^^^^^^^^
  File "/Users/juliareinhart/anaconda3/lib/python3.11/site-packages/starlette/middleware/base.py", line 156, in call_next
    raise app_exc
  File "/Users/juliareinhart/anaconda3/lib/python3.11/site-packages/starlette/middleware/base.py", line 141, in coro
    await self.app(scope, receive_or_disconnect, send_no_error)
  File "/Users/juliareinhart/anaconda3/lib/python3.11/site-packages/starlette/middleware/exceptions.py", line 62, in __call__
    await wrap_app_handling_exceptions(self.app, conn)(scope, receive, send)
  File "/Users/juliareinhart/anaconda3/lib/python3.11/site-packages/starlette/_exception_handler.py", line 53, in wrapped_app
    raise exc
  File "/Users/juliareinhart/anaconda3/lib/python3.11/site-packages/starlette/_exception_handler.py", line 42, in wrapped_app
    await app(scope, receive, sender)
  File "/Users/juliareinhart/anaconda3/lib/python3.11/site-packages/starlette/routing.py", line 714, in __call__
    await self.middleware_stack(scope, receive, send)
  File "/Users/juliareinhart/anaconda3/lib/python3.11/site-packages/starlette/routing.py", line 734, in app
    await route.handle(scope, receive, send)
  File "/Users/juliareinhart/anaconda3/lib/python3.11/site-packages/starlette/routing.py", line 288, in handle
    await self.app(scope, receive, send)
  File "/Users/juliareinhart/anaconda3/lib/python3.11/site-packages/starlette/routing.py", line 76, in app
    await wrap_app_handling_exceptions(app, request)(scope, receive, send)
  File "/Users/juliareinhart/anaconda3/lib/python3.11/site-packages/starlette/_exception_handler.py", line 53, in wrapped_app
    raise exc
  File "/Users/juliareinhart/anaconda3/lib/python3.11/site-packages/starlette/_exception_handler.py", line 42, in wrapped_app
    await app(scope, receive, sender)
  File "/Users/juliareinhart/anaconda3/lib/python3.11/site-packages/starlette/routing.py", line 73, in app
    response = await f(request)
               ^^^^^^^^^^^^^^^^
  File "/Users/juliareinhart/anaconda3/lib/python3.11/site-packages/fastapi/routing.py", line 301, in app
    raw_response = await run_endpoint_function(
                   ^^^^^^^^^^^^^^^^^^^^^^^^^^^^
  File "/Users/juliareinhart/anaconda3/lib/python3.11/site-packages/fastapi/routing.py", line 212, in run_endpoint_function
    return await dependant.call(**values)
           ^^^^^^^^^^^^^^^^^^^^^^^^^^^^^^
  File "/Users/juliareinhart/anaconda3/lib/python3.11/site-packages/chromadb/telemetry/opentelemetry/__init__.py", line 130, in wrapper
    return await f(*args, **kwargs)
           ^^^^^^^^^^^^^^^^^^^^^^^^
  File "/Users/juliareinhart/anaconda3/lib/python3.11/site-packages/chromadb/server/fastapi/__init__.py", line 630, in create_collection
    await to_thread.run_sync(
  File "/Users/juliareinhart/anaconda3/lib/python3.11/site-packages/anyio/to_thread.py", line 56, in run_sync
    return await get_async_backend().run_sync_in_worker_thread(
           ^^^^^^^^^^^^^^^^^^^^^^^^^^^^^^^^^^^^^^^^^^^^^^^^^^^^
  File "/Users/juliareinhart/anaconda3/lib/python3.11/site-packages/anyio/_backends/_asyncio.py", line 2470, in run_sync_in_worker_thread
    return await future
           ^^^^^^^^^^^^
  File "/Users/juliareinhart/anaconda3/lib/python3.11/site-packages/anyio/_backends/_asyncio.py", line 967, in run
    result = context.run(func, *args)
             ^^^^^^^^^^^^^^^^^^^^^^^^
  File "/Users/juliareinhart/anaconda3/lib/python3.11/site-packages/chromadb/server/fastapi/__init__.py", line 620, in process_create_collection
    return self._api.create_collection(
           ^^^^^^^^^^^^^^^^^^^^^^^^^^^^
  File "/Users/juliareinhart/anaconda3/lib/python3.11/site-packages/chromadb/telemetry/opentelemetry/__init__.py", line 143, in wrapper
    return f(*args, **kwargs)
           ^^^^^^^^^^^^^^^^^^
  File "/Users/juliareinhart/anaconda3/lib/python3.11/site-packages/chromadb/api/segment.py", line 173, in create_collection
    coll, created = self._sysdb.create_collection(
                    ^^^^^^^^^^^^^^^^^^^^^^^^^^^^^^
  File "/Users/juliareinhart/anaconda3/lib/python3.11/site-packages/chromadb/telemetry/opentelemetry/__init__.py", line 143, in wrapper
    return f(*args, **kwargs)
           ^^^^^^^^^^^^^^^^^^
  File "/Users/juliareinhart/anaconda3/lib/python3.11/site-packages/chromadb/db/mixins/sysdb.py", line 220, in create_collection
    raise UniqueConstraintError(f"Collection {name} already exists")
chromadb.db.base.UniqueConstraintError: Collection maintstar-docs already exists
[32mINFO[0m:     [21-06-2025 17:55:16] ::1:53396 - "POST /api/v1/collections HTTP/1.1" 500
[32mINFO[0m:     [21-06-2025 17:55:21] ::1:53396 - "GET /api/v1/collections HTTP/1.1" 200
[33mWARNING[0m:  [21-06-2025 17:55:21] Insert of existing embedding ID: CH1-Work Orders.md-chunk-0
[33mWARNING[0m:  [21-06-2025 17:55:21] Insert of existing embedding ID: CH1-Work Orders.md-chunk-1
[33mWARNING[0m:  [21-06-2025 17:55:21] Insert of existing embedding ID: CH1-Work Orders.md-chunk-2
[33mWARNING[0m:  [21-06-2025 17:55:21] Insert of existing embedding ID: CH1-Work Orders.md-chunk-3
[33mWARNING[0m:  [21-06-2025 17:55:21] Insert of existing embedding ID: CH1-Work Orders.md-chunk-4
[33mWARNING[0m:  [21-06-2025 17:55:21] Insert of existing embedding ID: CH1-Work Orders.md-chunk-5
[33mWARNING[0m:  [21-06-2025 17:55:21] Insert of existing embedding ID: CH1-Work Orders.md-chunk-6
[33mWARNING[0m:  [21-06-2025 17:55:21] Insert of existing embedding ID: CH1-Work Orders.md-chunk-7
[33mWARNING[0m:  [21-06-2025 17:55:21] Insert of existing embedding ID: CH1-Work Orders.md-chunk-8
[33mWARNING[0m:  [21-06-2025 17:55:21] Insert of existing embedding ID: CH1-Work Orders.md-chunk-9
[33mWARNING[0m:  [21-06-2025 17:55:21] Insert of existing embedding ID: CH1-Work Orders.md-chunk-10
[33mWARNING[0m:  [21-06-2025 17:55:21] Insert of existing embedding ID: CH1-Work Orders.md-chunk-11
[33mWARNING[0m:  [21-06-2025 17:55:21] Insert of existing embedding ID: CH1-Work Orders.md-chunk-12
[33mWARNING[0m:  [21-06-2025 17:55:21] Insert of existing embedding ID: CH1-Work Orders.md-chunk-13
[33mWARNING[0m:  [21-06-2025 17:55:21] Insert of existing embedding ID: CH1-Work Orders.md-chunk-14
[33mWARNING[0m:  [21-06-2025 17:55:21] Insert of existing embedding ID: CH1-Work Orders.md-chunk-15
[33mWARNING[0m:  [21-06-2025 17:55:21] Insert of existing embedding ID: CH1-Work Orders.md-chunk-16
[33mWARNING[0m:  [21-06-2025 17:55:21] Insert of existing embedding ID: CH1-Work Orders.md-chunk-17
[33mWARNING[0m:  [21-06-2025 17:55:21] Insert of existing embedding ID: CH1-Work Orders.md-chunk-18
[33mWARNING[0m:  [21-06-2025 17:55:21] Insert of existing embedding ID: CH1-Work Orders.md-chunk-19
[33mWARNING[0m:  [21-06-2025 17:55:21] Add of existing embedding ID: CH1-Work Orders.md-chunk-0
[33mWARNING[0m:  [21-06-2025 17:55:21] Add of existing embedding ID: CH1-Work Orders.md-chunk-1
[33mWARNING[0m:  [21-06-2025 17:55:21] Add of existing embedding ID: CH1-Work Orders.md-chunk-2
[33mWARNING[0m:  [21-06-2025 17:55:21] Add of existing embedding ID: CH1-Work Orders.md-chunk-3
[33mWARNING[0m:  [21-06-2025 17:55:21] Add of existing embedding ID: CH1-Work Orders.md-chunk-4
[33mWARNING[0m:  [21-06-2025 17:55:21] Add of existing embedding ID: CH1-Work Orders.md-chunk-5
[33mWARNING[0m:  [21-06-2025 17:55:21] Add of existing embedding ID: CH1-Work Orders.md-chunk-6
[33mWARNING[0m:  [21-06-2025 17:55:21] Add of existing embedding ID: CH1-Work Orders.md-chunk-7
[33mWARNING[0m:  [21-06-2025 17:55:21] Add of existing embedding ID: CH1-Work Orders.md-chunk-8
[33mWARNING[0m:  [21-06-2025 17:55:21] Add of existing embedding ID: CH1-Work Orders.md-chunk-9
[33mWARNING[0m:  [21-06-2025 17:55:21] Add of existing embedding ID: CH1-Work Orders.md-chunk-10
[33mWARNING[0m:  [21-06-2025 17:55:21] Add of existing embedding ID: CH1-Work Orders.md-chunk-11
[33mWARNING[0m:  [21-06-2025 17:55:21] Add of existing embedding ID: CH1-Work Orders.md-chunk-12
[33mWARNING[0m:  [21-06-2025 17:55:21] Add of existing embedding ID: CH1-Work Orders.md-chunk-13
[33mWARNING[0m:  [21-06-2025 17:55:21] Add of existing embedding ID: CH1-Work Orders.md-chunk-14
[33mWARNING[0m:  [21-06-2025 17:55:21] Add of existing embedding ID: CH1-Work Orders.md-chunk-15
[33mWARNING[0m:  [21-06-2025 17:55:21] Add of existing embedding ID: CH1-Work Orders.md-chunk-16
[33mWARNING[0m:  [21-06-2025 17:55:21] Add of existing embedding ID: CH1-Work Orders.md-chunk-17
[33mWARNING[0m:  [21-06-2025 17:55:21] Add of existing embedding ID: CH1-Work Orders.md-chunk-18
[33mWARNING[0m:  [21-06-2025 17:55:21] Add of existing embedding ID: CH1-Work Orders.md-chunk-19
[32mINFO[0m:     [21-06-2025 17:55:21] ::1:53396 - "POST /api/v1/collections/f61f865b-75a2-446d-8195-edca78283a9d/add HTTP/1.1" 201
[32mINFO[0m:     [21-06-2025 17:55:21] ::1:53396 - "GET /api/v1/collections HTTP/1.1" 200
[31mERROR[0m:    [21-06-2025 17:55:21] Collection maintstar-docs already exists
Traceback (most recent call last):
  File "/Users/juliareinhart/anaconda3/lib/python3.11/site-packages/starlette/middleware/base.py", line 148, in call_next
    message = await recv_stream.receive()
              ^^^^^^^^^^^^^^^^^^^^^^^^^^^
  File "/Users/juliareinhart/anaconda3/lib/python3.11/site-packages/anyio/streams/memory.py", line 126, in receive
    raise EndOfStream from None
anyio.EndOfStream

During handling of the above exception, another exception occurred:

Traceback (most recent call last):
  File "/Users/juliareinhart/anaconda3/lib/python3.11/site-packages/chromadb/server/fastapi/__init__.py", line 78, in catch_exceptions_middleware
    return await call_next(request)
           ^^^^^^^^^^^^^^^^^^^^^^^^
  File "/Users/juliareinhart/anaconda3/lib/python3.11/site-packages/starlette/middleware/base.py", line 156, in call_next
    raise app_exc
  File "/Users/juliareinhart/anaconda3/lib/python3.11/site-packages/starlette/middleware/base.py", line 141, in coro
    await self.app(scope, receive_or_disconnect, send_no_error)
  File "/Users/juliareinhart/anaconda3/lib/python3.11/site-packages/starlette/middleware/base.py", line 176, in __call__
    with recv_stream, send_stream, collapse_excgroups():
  File "/Users/juliareinhart/anaconda3/lib/python3.11/contextlib.py", line 155, in __exit__
    self.gen.throw(typ, value, traceback)
  File "/Users/juliareinhart/anaconda3/lib/python3.11/site-packages/starlette/_utils.py", line 82, in collapse_excgroups
    raise exc
  File "/Users/juliareinhart/anaconda3/lib/python3.11/site-packages/starlette/middleware/base.py", line 178, in __call__
    response = await self.dispatch_func(request, call_next)
               ^^^^^^^^^^^^^^^^^^^^^^^^^^^^^^^^^^^^^^^^^^^^
  File "/Users/juliareinhart/anaconda3/lib/python3.11/site-packages/chromadb/server/fastapi/__init__.py", line 92, in check_http_version_middleware
    return await call_next(request)
           ^^^^^^^^^^^^^^^^^^^^^^^^
  File "/Users/juliareinhart/anaconda3/lib/python3.11/site-packages/starlette/middleware/base.py", line 156, in call_next
    raise app_exc
  File "/Users/juliareinhart/anaconda3/lib/python3.11/site-packages/starlette/middleware/base.py", line 141, in coro
    await self.app(scope, receive_or_disconnect, send_no_error)
  File "/Users/juliareinhart/anaconda3/lib/python3.11/site-packages/starlette/middleware/exceptions.py", line 62, in __call__
    await wrap_app_handling_exceptions(self.app, conn)(scope, receive, send)
  File "/Users/juliareinhart/anaconda3/lib/python3.11/site-packages/starlette/_exception_handler.py", line 53, in wrapped_app
    raise exc
  File "/Users/juliareinhart/anaconda3/lib/python3.11/site-packages/starlette/_exception_handler.py", line 42, in wrapped_app
    await app(scope, receive, sender)
  File "/Users/juliareinhart/anaconda3/lib/python3.11/site-packages/starlette/routing.py", line 714, in __call__
    await self.middleware_stack(scope, receive, send)
  File "/Users/juliareinhart/anaconda3/lib/python3.11/site-packages/starlette/routing.py", line 734, in app
    await route.handle(scope, receive, send)
  File "/Users/juliareinhart/anaconda3/lib/python3.11/site-packages/starlette/routing.py", line 288, in handle
    await self.app(scope, receive, send)
  File "/Users/juliareinhart/anaconda3/lib/python3.11/site-packages/starlette/routing.py", line 76, in app
    await wrap_app_handling_exceptions(app, request)(scope, receive, send)
  File "/Users/juliareinhart/anaconda3/lib/python3.11/site-packages/starlette/_exception_handler.py", line 53, in wrapped_app
    raise exc
  File "/Users/juliareinhart/anaconda3/lib/python3.11/site-packages/starlette/_exception_handler.py", line 42, in wrapped_app
    await app(scope, receive, sender)
  File "/Users/juliareinhart/anaconda3/lib/python3.11/site-packages/starlette/routing.py", line 73, in app
    response = await f(request)
               ^^^^^^^^^^^^^^^^
  File "/Users/juliareinhart/anaconda3/lib/python3.11/site-packages/fastapi/routing.py", line 301, in app
    raw_response = await run_endpoint_function(
                   ^^^^^^^^^^^^^^^^^^^^^^^^^^^^
  File "/Users/juliareinhart/anaconda3/lib/python3.11/site-packages/fastapi/routing.py", line 212, in run_endpoint_function
    return await dependant.call(**values)
           ^^^^^^^^^^^^^^^^^^^^^^^^^^^^^^
  File "/Users/juliareinhart/anaconda3/lib/python3.11/site-packages/chromadb/telemetry/opentelemetry/__init__.py", line 130, in wrapper
    return await f(*args, **kwargs)
           ^^^^^^^^^^^^^^^^^^^^^^^^
  File "/Users/juliareinhart/anaconda3/lib/python3.11/site-packages/chromadb/server/fastapi/__init__.py", line 630, in create_collection
    await to_thread.run_sync(
  File "/Users/juliareinhart/anaconda3/lib/python3.11/site-packages/anyio/to_thread.py", line 56, in run_sync
    return await get_async_backend().run_sync_in_worker_thread(
           ^^^^^^^^^^^^^^^^^^^^^^^^^^^^^^^^^^^^^^^^^^^^^^^^^^^^
  File "/Users/juliareinhart/anaconda3/lib/python3.11/site-packages/anyio/_backends/_asyncio.py", line 2470, in run_sync_in_worker_thread
    return await future
           ^^^^^^^^^^^^
  File "/Users/juliareinhart/anaconda3/lib/python3.11/site-packages/anyio/_backends/_asyncio.py", line 967, in run
    result = context.run(func, *args)
             ^^^^^^^^^^^^^^^^^^^^^^^^
  File "/Users/juliareinhart/anaconda3/lib/python3.11/site-packages/chromadb/server/fastapi/__init__.py", line 620, in process_create_collection
    return self._api.create_collection(
           ^^^^^^^^^^^^^^^^^^^^^^^^^^^^
  File "/Users/juliareinhart/anaconda3/lib/python3.11/site-packages/chromadb/telemetry/opentelemetry/__init__.py", line 143, in wrapper
    return f(*args, **kwargs)
           ^^^^^^^^^^^^^^^^^^
  File "/Users/juliareinhart/anaconda3/lib/python3.11/site-packages/chromadb/api/segment.py", line 173, in create_collection
    coll, created = self._sysdb.create_collection(
                    ^^^^^^^^^^^^^^^^^^^^^^^^^^^^^^
  File "/Users/juliareinhart/anaconda3/lib/python3.11/site-packages/chromadb/telemetry/opentelemetry/__init__.py", line 143, in wrapper
    return f(*args, **kwargs)
           ^^^^^^^^^^^^^^^^^^
  File "/Users/juliareinhart/anaconda3/lib/python3.11/site-packages/chromadb/db/mixins/sysdb.py", line 220, in create_collection
    raise UniqueConstraintError(f"Collection {name} already exists")
chromadb.db.base.UniqueConstraintError: Collection maintstar-docs already exists
[32mINFO[0m:     [21-06-2025 17:55:21] ::1:53396 - "POST /api/v1/collections HTTP/1.1" 500
[32mINFO[0m:     [21-06-2025 17:55:22] ::1:53396 - "GET /api/v1/collections HTTP/1.1" 200
[33mWARNING[0m:  [21-06-2025 17:55:22] Insert of existing embedding ID: Work Order FAQ Questions.md-chunk-0
[33mWARNING[0m:  [21-06-2025 17:55:22] Insert of existing embedding ID: Work Order FAQ Questions.md-chunk-1
[33mWARNING[0m:  [21-06-2025 17:55:22] Insert of existing embedding ID: Work Order FAQ Questions.md-chunk-2
[33mWARNING[0m:  [21-06-2025 17:55:22] Insert of existing embedding ID: Work Order FAQ Questions.md-chunk-3
[33mWARNING[0m:  [21-06-2025 17:55:22] Insert of existing embedding ID: Work Order FAQ Questions.md-chunk-4
[33mWARNING[0m:  [21-06-2025 17:55:22] Add of existing embedding ID: Work Order FAQ Questions.md-chunk-0
[33mWARNING[0m:  [21-06-2025 17:55:22] Add of existing embedding ID: Work Order FAQ Questions.md-chunk-1
[33mWARNING[0m:  [21-06-2025 17:55:22] Add of existing embedding ID: Work Order FAQ Questions.md-chunk-2
[33mWARNING[0m:  [21-06-2025 17:55:22] Add of existing embedding ID: Work Order FAQ Questions.md-chunk-3
[33mWARNING[0m:  [21-06-2025 17:55:22] Add of existing embedding ID: Work Order FAQ Questions.md-chunk-4
[32mINFO[0m:     [21-06-2025 17:55:22] ::1:53396 - "POST /api/v1/collections/f61f865b-75a2-446d-8195-edca78283a9d/add HTTP/1.1" 201
[32mINFO[0m:     [21-06-2025 17:56:08] ::1:53413 - "GET /api/v1/collections HTTP/1.1" 200
[32mINFO[0m:     [21-06-2025 17:56:08] ::1:53413 - "POST /api/v1/collections/f61f865b-75a2-446d-8195-edca78283a9d/query HTTP/1.1" 200
[32mINFO[0m:     [21-06-2025 18:45:27] ::1:53827 - "GET /api/v1/collections HTTP/1.1" 200
[32mINFO[0m:     [21-06-2025 18:45:27] ::1:53827 - "POST /api/v1/collections/f61f865b-75a2-446d-8195-edca78283a9d/query HTTP/1.1" 200
[32mINFO[0m:     [21-06-2025 18:45:56] ::1:53830 - "GET /api/v1/collections HTTP/1.1" 200
[32mINFO[0m:     [21-06-2025 18:45:56] ::1:53830 - "POST /api/v1/collections/f61f865b-75a2-446d-8195-edca78283a9d/query HTTP/1.1" 200
[32mINFO[0m:     [21-06-2025 18:46:22] ::1:53834 - "GET /api/v1/collections HTTP/1.1" 200
[32mINFO[0m:     [21-06-2025 18:46:22] ::1:53834 - "POST /api/v1/collections/f61f865b-75a2-446d-8195-edca78283a9d/query HTTP/1.1" 200
[32mINFO[0m:     [21-06-2025 18:46:45] ::1:53838 - "GET /api/v1/collections HTTP/1.1" 200
[32mINFO[0m:     [21-06-2025 18:46:45] ::1:53838 - "POST /api/v1/collections/f61f865b-75a2-446d-8195-edca78283a9d/query HTTP/1.1" 200
[32mINFO[0m:     [21-06-2025 19:01:43] ::1:53948 - "GET /api/v1/collections HTTP/1.1" 200
[32mINFO[0m:     [21-06-2025 19:01:43] ::1:53948 - "POST /api/v1/collections/f61f865b-75a2-446d-8195-edca78283a9d/query HTTP/1.1" 200
[32mINFO[0m:     [21-06-2025 19:02:02] ::1:53952 - "GET /api/v1/collections HTTP/1.1" 200
[32mINFO[0m:     [21-06-2025 19:02:02] ::1:53952 - "POST /api/v1/collections/f61f865b-75a2-446d-8195-edca78283a9d/query HTTP/1.1" 200
[32mINFO[0m:     [21-06-2025 19:02:27] ::1:53956 - "GET /api/v1/collections HTTP/1.1" 200
[32mINFO[0m:     [21-06-2025 19:02:27] ::1:53956 - "POST /api/v1/collections/f61f865b-75a2-446d-8195-edca78283a9d/query HTTP/1.1" 200
[32mINFO[0m:     [21-06-2025 19:02:52] ::1:53968 - "GET /api/v1/collections HTTP/1.1" 200
[32mINFO[0m:     [21-06-2025 19:02:52] ::1:53968 - "POST /api/v1/collections/f61f865b-75a2-446d-8195-edca78283a9d/query HTTP/1.1" 200
[32mINFO[0m:     [22-06-2025 12:23:16] Shutting down
[32mINFO[0m:     [22-06-2025 12:23:16] Waiting for application shutdown.
[36mDEBUG[0m:    [22-06-2025 12:23:16] Stopping component System
[36mDEBUG[0m:    [22-06-2025 12:23:16] Stopping component SegmentAPI
[36mDEBUG[0m:    [22-06-2025 12:23:16] Stopping component PersistentLocalHnswSegment
[36mDEBUG[0m:    [22-06-2025 12:23:16] Stopping component LocalSegmentManager
[36mDEBUG[0m:    [22-06-2025 12:23:16] Stopping component Posthog
[36mDEBUG[0m:    [22-06-2025 12:23:16] Stopping component QuotaEnforcer
[36mDEBUG[0m:    [22-06-2025 12:23:16] Stopping component SqliteDB
[36mDEBUG[0m:    [22-06-2025 12:23:16] Stopping component OpenTelemetryClient
[32mINFO[0m:     [22-06-2025 12:23:16] Application shutdown complete.
[32mINFO[0m:     [22-06-2025 12:23:16] Finished server process [[36m8288[0m]
[33mWARNING[0m:  [29-06-2025 12:02:49] chroma_server_nofile is set to 65535, but this is less than current soft limit of 1048575. chroma_server_nofile will not be set.
[32mINFO[0m:     [29-06-2025 12:02:49] Anonymized telemetry enabled. See                     https://docs.trychroma.com/telemetry for more information.
[36mDEBUG[0m:    [29-06-2025 12:02:49] Starting component System
[36mDEBUG[0m:    [29-06-2025 12:02:49] Starting component OpenTelemetryClient
[36mDEBUG[0m:    [29-06-2025 12:02:49] Starting component SqliteDB
[36mDEBUG[0m:    [29-06-2025 12:02:49] Starting component QuotaEnforcer
[36mDEBUG[0m:    [29-06-2025 12:02:49] Starting component Posthog
[36mDEBUG[0m:    [29-06-2025 12:02:49] Starting component LocalSegmentManager
[36mDEBUG[0m:    [29-06-2025 12:02:49] Starting component SegmentAPI
[32mINFO[0m:     [29-06-2025 12:02:49] Started server process [[36m63023[0m]
[32mINFO[0m:     [29-06-2025 12:02:49] Waiting for application startup.
[32mINFO[0m:     [29-06-2025 12:02:49] Application startup complete.
[32mINFO[0m:     [29-06-2025 12:02:49] Uvicorn running on [1mhttp://0.0.0.0:8000[0m (Press CTRL+C to quit)
[32mINFO[0m:     [29-06-2025 12:03:15] 127.0.0.1:50773 - "GET /api/v1/collections HTTP/1.1" 200
[32mINFO[0m:     [29-06-2025 12:03:15] 127.0.0.1:50773 - "POST /api/v1/collections HTTP/1.1" 200
[32mINFO[0m:     [29-06-2025 12:03:19] 127.0.0.1:50773 - "GET /api/v1/collections HTTP/1.1" 200
[36mDEBUG[0m:    [29-06-2025 12:03:19] Starting component PersistentLocalHnswSegment
[32mINFO[0m:     [29-06-2025 12:03:19] 127.0.0.1:50773 - "POST /api/v1/collections/06759ce4-e469-411b-abf9-124c05eb9bf1/add HTTP/1.1" 201
[32mINFO[0m:     [29-06-2025 12:03:19] 127.0.0.1:50773 - "GET /api/v1/collections HTTP/1.1" 200
[31mERROR[0m:    [29-06-2025 12:03:19] Collection maintstar-docs already exists
Traceback (most recent call last):
  File "/Users/juliareinhart/anaconda3/lib/python3.11/site-packages/anyio/streams/memory.py", line 98, in receive
    return self.receive_nowait()
           ^^^^^^^^^^^^^^^^^^^^^
  File "/Users/juliareinhart/anaconda3/lib/python3.11/site-packages/anyio/streams/memory.py", line 93, in receive_nowait
    raise WouldBlock
anyio.WouldBlock

During handling of the above exception, another exception occurred:

Traceback (most recent call last):
  File "/Users/juliareinhart/anaconda3/lib/python3.11/site-packages/starlette/middleware/base.py", line 148, in call_next
    message = await recv_stream.receive()
              ^^^^^^^^^^^^^^^^^^^^^^^^^^^
  File "/Users/juliareinhart/anaconda3/lib/python3.11/site-packages/anyio/streams/memory.py", line 118, in receive
    raise EndOfStream
anyio.EndOfStream

During handling of the above exception, another exception occurred:

Traceback (most recent call last):
  File "/Users/juliareinhart/anaconda3/lib/python3.11/site-packages/chromadb/server/fastapi/__init__.py", line 78, in catch_exceptions_middleware
    return await call_next(request)
           ^^^^^^^^^^^^^^^^^^^^^^^^
  File "/Users/juliareinhart/anaconda3/lib/python3.11/site-packages/starlette/middleware/base.py", line 156, in call_next
    raise app_exc
  File "/Users/juliareinhart/anaconda3/lib/python3.11/site-packages/starlette/middleware/base.py", line 141, in coro
    await self.app(scope, receive_or_disconnect, send_no_error)
  File "/Users/juliareinhart/anaconda3/lib/python3.11/site-packages/starlette/middleware/base.py", line 178, in __call__
    response = await self.dispatch_func(request, call_next)
               ^^^^^^^^^^^^^^^^^^^^^^^^^^^^^^^^^^^^^^^^^^^^
  File "/Users/juliareinhart/anaconda3/lib/python3.11/site-packages/chromadb/server/fastapi/__init__.py", line 92, in check_http_version_middleware
    return await call_next(request)
           ^^^^^^^^^^^^^^^^^^^^^^^^
  File "/Users/juliareinhart/anaconda3/lib/python3.11/site-packages/starlette/middleware/base.py", line 156, in call_next
    raise app_exc
  File "/Users/juliareinhart/anaconda3/lib/python3.11/site-packages/starlette/middleware/base.py", line 141, in coro
    await self.app(scope, receive_or_disconnect, send_no_error)
  File "/Users/juliareinhart/anaconda3/lib/python3.11/site-packages/starlette/middleware/exceptions.py", line 62, in __call__
    await wrap_app_handling_exceptions(self.app, conn)(scope, receive, send)
  File "/Users/juliareinhart/anaconda3/lib/python3.11/site-packages/starlette/_exception_handler.py", line 53, in wrapped_app
    raise exc
  File "/Users/juliareinhart/anaconda3/lib/python3.11/site-packages/starlette/_exception_handler.py", line 42, in wrapped_app
    await app(scope, receive, sender)
  File "/Users/juliareinhart/anaconda3/lib/python3.11/site-packages/starlette/routing.py", line 714, in __call__
    await self.middleware_stack(scope, receive, send)
  File "/Users/juliareinhart/anaconda3/lib/python3.11/site-packages/starlette/routing.py", line 734, in app
    await route.handle(scope, receive, send)
  File "/Users/juliareinhart/anaconda3/lib/python3.11/site-packages/starlette/routing.py", line 288, in handle
    await self.app(scope, receive, send)
  File "/Users/juliareinhart/anaconda3/lib/python3.11/site-packages/starlette/routing.py", line 76, in app
    await wrap_app_handling_exceptions(app, request)(scope, receive, send)
  File "/Users/juliareinhart/anaconda3/lib/python3.11/site-packages/starlette/_exception_handler.py", line 53, in wrapped_app
    raise exc
  File "/Users/juliareinhart/anaconda3/lib/python3.11/site-packages/starlette/_exception_handler.py", line 42, in wrapped_app
    await app(scope, receive, sender)
  File "/Users/juliareinhart/anaconda3/lib/python3.11/site-packages/starlette/routing.py", line 73, in app
    response = await f(request)
               ^^^^^^^^^^^^^^^^
  File "/Users/juliareinhart/anaconda3/lib/python3.11/site-packages/fastapi/routing.py", line 301, in app
    raw_response = await run_endpoint_function(
                   ^^^^^^^^^^^^^^^^^^^^^^^^^^^^
  File "/Users/juliareinhart/anaconda3/lib/python3.11/site-packages/fastapi/routing.py", line 212, in run_endpoint_function
    return await dependant.call(**values)
           ^^^^^^^^^^^^^^^^^^^^^^^^^^^^^^
  File "/Users/juliareinhart/anaconda3/lib/python3.11/site-packages/chromadb/telemetry/opentelemetry/__init__.py", line 130, in wrapper
    return await f(*args, **kwargs)
           ^^^^^^^^^^^^^^^^^^^^^^^^
  File "/Users/juliareinhart/anaconda3/lib/python3.11/site-packages/chromadb/server/fastapi/__init__.py", line 630, in create_collection
    await to_thread.run_sync(
  File "/Users/juliareinhart/anaconda3/lib/python3.11/site-packages/anyio/to_thread.py", line 33, in run_sync
    return await get_asynclib().run_sync_in_worker_thread(
           ^^^^^^^^^^^^^^^^^^^^^^^^^^^^^^^^^^^^^^^^^^^^^^^
  File "/Users/juliareinhart/anaconda3/lib/python3.11/site-packages/anyio/_backends/_asyncio.py", line 877, in run_sync_in_worker_thread
    return await future
           ^^^^^^^^^^^^
  File "/Users/juliareinhart/anaconda3/lib/python3.11/site-packages/anyio/_backends/_asyncio.py", line 807, in run
    result = context.run(func, *args)
             ^^^^^^^^^^^^^^^^^^^^^^^^
  File "/Users/juliareinhart/anaconda3/lib/python3.11/site-packages/chromadb/server/fastapi/__init__.py", line 620, in process_create_collection
    return self._api.create_collection(
           ^^^^^^^^^^^^^^^^^^^^^^^^^^^^
  File "/Users/juliareinhart/anaconda3/lib/python3.11/site-packages/chromadb/telemetry/opentelemetry/__init__.py", line 143, in wrapper
    return f(*args, **kwargs)
           ^^^^^^^^^^^^^^^^^^
  File "/Users/juliareinhart/anaconda3/lib/python3.11/site-packages/chromadb/api/segment.py", line 173, in create_collection
    coll, created = self._sysdb.create_collection(
                    ^^^^^^^^^^^^^^^^^^^^^^^^^^^^^^
  File "/Users/juliareinhart/anaconda3/lib/python3.11/site-packages/chromadb/telemetry/opentelemetry/__init__.py", line 143, in wrapper
    return f(*args, **kwargs)
           ^^^^^^^^^^^^^^^^^^
  File "/Users/juliareinhart/anaconda3/lib/python3.11/site-packages/chromadb/db/mixins/sysdb.py", line 220, in create_collection
    raise UniqueConstraintError(f"Collection {name} already exists")
chromadb.db.base.UniqueConstraintError: Collection maintstar-docs already exists
[32mINFO[0m:     [29-06-2025 12:03:19] 127.0.0.1:50773 - "POST /api/v1/collections HTTP/1.1" 500
[32mINFO[0m:     [29-06-2025 12:03:20] 127.0.0.1:50773 - "GET /api/v1/collections HTTP/1.1" 200
[32mINFO[0m:     [29-06-2025 12:03:20] 127.0.0.1:50773 - "POST /api/v1/collections/06759ce4-e469-411b-abf9-124c05eb9bf1/add HTTP/1.1" 201
[33mWARNING[0m:  [29-06-2025 13:06:41] chroma_server_nofile is set to 65535, but this is less than current soft limit of 1048575. chroma_server_nofile will not be set.
[32mINFO[0m:     [29-06-2025 13:06:41] Anonymized telemetry enabled. See                     https://docs.trychroma.com/telemetry for more information.
[36mDEBUG[0m:    [29-06-2025 13:06:41] Starting component System
[36mDEBUG[0m:    [29-06-2025 13:06:41] Starting component OpenTelemetryClient
[36mDEBUG[0m:    [29-06-2025 13:06:41] Starting component SqliteDB
[36mDEBUG[0m:    [29-06-2025 13:06:41] Starting component QuotaEnforcer
[36mDEBUG[0m:    [29-06-2025 13:06:41] Starting component Posthog
[36mDEBUG[0m:    [29-06-2025 13:06:41] Starting component LocalSegmentManager
[36mDEBUG[0m:    [29-06-2025 13:06:41] Starting component SegmentAPI
[32mINFO[0m:     [29-06-2025 13:06:41] Started server process [[36m70340[0m]
[32mINFO[0m:     [29-06-2025 13:06:41] Waiting for application startup.
[32mINFO[0m:     [29-06-2025 13:06:41] Application startup complete.
[32mINFO[0m:     [29-06-2025 13:06:41] Uvicorn running on [1mhttp://0.0.0.0:8000[0m (Press CTRL+C to quit)
[32mINFO[0m:     [29-06-2025 13:07:11] 127.0.0.1:51349 - "GET /api/v1/collections HTTP/1.1" 200
[31mERROR[0m:    [29-06-2025 13:07:11] Collection maintstar-docs already exists
Traceback (most recent call last):
  File "/Users/juliareinhart/anaconda3/lib/python3.11/site-packages/anyio/streams/memory.py", line 98, in receive
    return self.receive_nowait()
           ^^^^^^^^^^^^^^^^^^^^^
  File "/Users/juliareinhart/anaconda3/lib/python3.11/site-packages/anyio/streams/memory.py", line 93, in receive_nowait
    raise WouldBlock
anyio.WouldBlock

During handling of the above exception, another exception occurred:

Traceback (most recent call last):
  File "/Users/juliareinhart/anaconda3/lib/python3.11/site-packages/starlette/middleware/base.py", line 148, in call_next
    message = await recv_stream.receive()
              ^^^^^^^^^^^^^^^^^^^^^^^^^^^
  File "/Users/juliareinhart/anaconda3/lib/python3.11/site-packages/anyio/streams/memory.py", line 118, in receive
    raise EndOfStream
anyio.EndOfStream

During handling of the above exception, another exception occurred:

Traceback (most recent call last):
  File "/Users/juliareinhart/anaconda3/lib/python3.11/site-packages/chromadb/server/fastapi/__init__.py", line 78, in catch_exceptions_middleware
    return await call_next(request)
           ^^^^^^^^^^^^^^^^^^^^^^^^
  File "/Users/juliareinhart/anaconda3/lib/python3.11/site-packages/starlette/middleware/base.py", line 156, in call_next
    raise app_exc
  File "/Users/juliareinhart/anaconda3/lib/python3.11/site-packages/starlette/middleware/base.py", line 141, in coro
    await self.app(scope, receive_or_disconnect, send_no_error)
  File "/Users/juliareinhart/anaconda3/lib/python3.11/site-packages/starlette/middleware/base.py", line 178, in __call__
    response = await self.dispatch_func(request, call_next)
               ^^^^^^^^^^^^^^^^^^^^^^^^^^^^^^^^^^^^^^^^^^^^
  File "/Users/juliareinhart/anaconda3/lib/python3.11/site-packages/chromadb/server/fastapi/__init__.py", line 92, in check_http_version_middleware
    return await call_next(request)
           ^^^^^^^^^^^^^^^^^^^^^^^^
  File "/Users/juliareinhart/anaconda3/lib/python3.11/site-packages/starlette/middleware/base.py", line 156, in call_next
    raise app_exc
  File "/Users/juliareinhart/anaconda3/lib/python3.11/site-packages/starlette/middleware/base.py", line 141, in coro
    await self.app(scope, receive_or_disconnect, send_no_error)
  File "/Users/juliareinhart/anaconda3/lib/python3.11/site-packages/starlette/middleware/exceptions.py", line 62, in __call__
    await wrap_app_handling_exceptions(self.app, conn)(scope, receive, send)
  File "/Users/juliareinhart/anaconda3/lib/python3.11/site-packages/starlette/_exception_handler.py", line 53, in wrapped_app
    raise exc
  File "/Users/juliareinhart/anaconda3/lib/python3.11/site-packages/starlette/_exception_handler.py", line 42, in wrapped_app
    await app(scope, receive, sender)
  File "/Users/juliareinhart/anaconda3/lib/python3.11/site-packages/starlette/routing.py", line 714, in __call__
    await self.middleware_stack(scope, receive, send)
  File "/Users/juliareinhart/anaconda3/lib/python3.11/site-packages/starlette/routing.py", line 734, in app
    await route.handle(scope, receive, send)
  File "/Users/juliareinhart/anaconda3/lib/python3.11/site-packages/starlette/routing.py", line 288, in handle
    await self.app(scope, receive, send)
  File "/Users/juliareinhart/anaconda3/lib/python3.11/site-packages/starlette/routing.py", line 76, in app
    await wrap_app_handling_exceptions(app, request)(scope, receive, send)
  File "/Users/juliareinhart/anaconda3/lib/python3.11/site-packages/starlette/_exception_handler.py", line 53, in wrapped_app
    raise exc
  File "/Users/juliareinhart/anaconda3/lib/python3.11/site-packages/starlette/_exception_handler.py", line 42, in wrapped_app
    await app(scope, receive, sender)
  File "/Users/juliareinhart/anaconda3/lib/python3.11/site-packages/starlette/routing.py", line 73, in app
    response = await f(request)
               ^^^^^^^^^^^^^^^^
  File "/Users/juliareinhart/anaconda3/lib/python3.11/site-packages/fastapi/routing.py", line 301, in app
    raw_response = await run_endpoint_function(
                   ^^^^^^^^^^^^^^^^^^^^^^^^^^^^
  File "/Users/juliareinhart/anaconda3/lib/python3.11/site-packages/fastapi/routing.py", line 212, in run_endpoint_function
    return await dependant.call(**values)
           ^^^^^^^^^^^^^^^^^^^^^^^^^^^^^^
  File "/Users/juliareinhart/anaconda3/lib/python3.11/site-packages/chromadb/telemetry/opentelemetry/__init__.py", line 130, in wrapper
    return await f(*args, **kwargs)
           ^^^^^^^^^^^^^^^^^^^^^^^^
  File "/Users/juliareinhart/anaconda3/lib/python3.11/site-packages/chromadb/server/fastapi/__init__.py", line 630, in create_collection
    await to_thread.run_sync(
  File "/Users/juliareinhart/anaconda3/lib/python3.11/site-packages/anyio/to_thread.py", line 33, in run_sync
    return await get_asynclib().run_sync_in_worker_thread(
           ^^^^^^^^^^^^^^^^^^^^^^^^^^^^^^^^^^^^^^^^^^^^^^^
  File "/Users/juliareinhart/anaconda3/lib/python3.11/site-packages/anyio/_backends/_asyncio.py", line 877, in run_sync_in_worker_thread
    return await future
           ^^^^^^^^^^^^
  File "/Users/juliareinhart/anaconda3/lib/python3.11/site-packages/anyio/_backends/_asyncio.py", line 807, in run
    result = context.run(func, *args)
             ^^^^^^^^^^^^^^^^^^^^^^^^
  File "/Users/juliareinhart/anaconda3/lib/python3.11/site-packages/chromadb/server/fastapi/__init__.py", line 620, in process_create_collection
    return self._api.create_collection(
           ^^^^^^^^^^^^^^^^^^^^^^^^^^^^
  File "/Users/juliareinhart/anaconda3/lib/python3.11/site-packages/chromadb/telemetry/opentelemetry/__init__.py", line 143, in wrapper
    return f(*args, **kwargs)
           ^^^^^^^^^^^^^^^^^^
  File "/Users/juliareinhart/anaconda3/lib/python3.11/site-packages/chromadb/api/segment.py", line 173, in create_collection
    coll, created = self._sysdb.create_collection(
                    ^^^^^^^^^^^^^^^^^^^^^^^^^^^^^^
  File "/Users/juliareinhart/anaconda3/lib/python3.11/site-packages/chromadb/telemetry/opentelemetry/__init__.py", line 143, in wrapper
    return f(*args, **kwargs)
           ^^^^^^^^^^^^^^^^^^
  File "/Users/juliareinhart/anaconda3/lib/python3.11/site-packages/chromadb/db/mixins/sysdb.py", line 220, in create_collection
    raise UniqueConstraintError(f"Collection {name} already exists")
chromadb.db.base.UniqueConstraintError: Collection maintstar-docs already exists
[32mINFO[0m:     [29-06-2025 13:07:11] 127.0.0.1:51349 - "POST /api/v1/collections HTTP/1.1" 500
[32mINFO[0m:     [29-06-2025 13:07:14] 127.0.0.1:51349 - "GET /api/v1/collections HTTP/1.1" 200
[36mDEBUG[0m:    [29-06-2025 13:07:14] Starting component PersistentLocalHnswSegment
[33mWARNING[0m:  [29-06-2025 13:07:14] Add of existing embedding ID: CH1 - Work Orders.txt-chunk-0
[33mWARNING[0m:  [29-06-2025 13:07:14] Add of existing embedding ID: CH1 - Work Orders.txt-chunk-1
[33mWARNING[0m:  [29-06-2025 13:07:14] Add of existing embedding ID: CH1 - Work Orders.txt-chunk-2
[33mWARNING[0m:  [29-06-2025 13:07:14] Add of existing embedding ID: CH1 - Work Orders.txt-chunk-3
[33mWARNING[0m:  [29-06-2025 13:07:14] Insert of existing embedding ID: CH1 - Work Orders.txt-chunk-0
[33mWARNING[0m:  [29-06-2025 13:07:14] Insert of existing embedding ID: CH1 - Work Orders.txt-chunk-1
[33mWARNING[0m:  [29-06-2025 13:07:14] Insert of existing embedding ID: CH1 - Work Orders.txt-chunk-2
[33mWARNING[0m:  [29-06-2025 13:07:14] Insert of existing embedding ID: CH1 - Work Orders.txt-chunk-3
[32mINFO[0m:     [29-06-2025 13:07:14] 127.0.0.1:51349 - "POST /api/v1/collections/06759ce4-e469-411b-abf9-124c05eb9bf1/add HTTP/1.1" 201
[32mINFO[0m:     [29-06-2025 13:07:14] 127.0.0.1:51349 - "GET /api/v1/collections HTTP/1.1" 200
[31mERROR[0m:    [29-06-2025 13:07:14] Collection maintstar-docs already exists
Traceback (most recent call last):
  File "/Users/juliareinhart/anaconda3/lib/python3.11/site-packages/anyio/streams/memory.py", line 98, in receive
    return self.receive_nowait()
           ^^^^^^^^^^^^^^^^^^^^^
  File "/Users/juliareinhart/anaconda3/lib/python3.11/site-packages/anyio/streams/memory.py", line 93, in receive_nowait
    raise WouldBlock
anyio.WouldBlock

During handling of the above exception, another exception occurred:

Traceback (most recent call last):
  File "/Users/juliareinhart/anaconda3/lib/python3.11/site-packages/starlette/middleware/base.py", line 148, in call_next
    message = await recv_stream.receive()
              ^^^^^^^^^^^^^^^^^^^^^^^^^^^
  File "/Users/juliareinhart/anaconda3/lib/python3.11/site-packages/anyio/streams/memory.py", line 118, in receive
    raise EndOfStream
anyio.EndOfStream

During handling of the above exception, another exception occurred:

Traceback (most recent call last):
  File "/Users/juliareinhart/anaconda3/lib/python3.11/site-packages/chromadb/server/fastapi/__init__.py", line 78, in catch_exceptions_middleware
    return await call_next(request)
           ^^^^^^^^^^^^^^^^^^^^^^^^
  File "/Users/juliareinhart/anaconda3/lib/python3.11/site-packages/starlette/middleware/base.py", line 156, in call_next
    raise app_exc
  File "/Users/juliareinhart/anaconda3/lib/python3.11/site-packages/starlette/middleware/base.py", line 141, in coro
    await self.app(scope, receive_or_disconnect, send_no_error)
  File "/Users/juliareinhart/anaconda3/lib/python3.11/site-packages/starlette/middleware/base.py", line 178, in __call__
    response = await self.dispatch_func(request, call_next)
               ^^^^^^^^^^^^^^^^^^^^^^^^^^^^^^^^^^^^^^^^^^^^
  File "/Users/juliareinhart/anaconda3/lib/python3.11/site-packages/chromadb/server/fastapi/__init__.py", line 92, in check_http_version_middleware
    return await call_next(request)
           ^^^^^^^^^^^^^^^^^^^^^^^^
  File "/Users/juliareinhart/anaconda3/lib/python3.11/site-packages/starlette/middleware/base.py", line 156, in call_next
    raise app_exc
  File "/Users/juliareinhart/anaconda3/lib/python3.11/site-packages/starlette/middleware/base.py", line 141, in coro
    await self.app(scope, receive_or_disconnect, send_no_error)
  File "/Users/juliareinhart/anaconda3/lib/python3.11/site-packages/starlette/middleware/exceptions.py", line 62, in __call__
    await wrap_app_handling_exceptions(self.app, conn)(scope, receive, send)
  File "/Users/juliareinhart/anaconda3/lib/python3.11/site-packages/starlette/_exception_handler.py", line 53, in wrapped_app
    raise exc
  File "/Users/juliareinhart/anaconda3/lib/python3.11/site-packages/starlette/_exception_handler.py", line 42, in wrapped_app
    await app(scope, receive, sender)
  File "/Users/juliareinhart/anaconda3/lib/python3.11/site-packages/starlette/routing.py", line 714, in __call__
    await self.middleware_stack(scope, receive, send)
  File "/Users/juliareinhart/anaconda3/lib/python3.11/site-packages/starlette/routing.py", line 734, in app
    await route.handle(scope, receive, send)
  File "/Users/juliareinhart/anaconda3/lib/python3.11/site-packages/starlette/routing.py", line 288, in handle
    await self.app(scope, receive, send)
  File "/Users/juliareinhart/anaconda3/lib/python3.11/site-packages/starlette/routing.py", line 76, in app
    await wrap_app_handling_exceptions(app, request)(scope, receive, send)
  File "/Users/juliareinhart/anaconda3/lib/python3.11/site-packages/starlette/_exception_handler.py", line 53, in wrapped_app
    raise exc
  File "/Users/juliareinhart/anaconda3/lib/python3.11/site-packages/starlette/_exception_handler.py", line 42, in wrapped_app
    await app(scope, receive, sender)
  File "/Users/juliareinhart/anaconda3/lib/python3.11/site-packages/starlette/routing.py", line 73, in app
    response = await f(request)
               ^^^^^^^^^^^^^^^^
  File "/Users/juliareinhart/anaconda3/lib/python3.11/site-packages/fastapi/routing.py", line 301, in app
    raw_response = await run_endpoint_function(
                   ^^^^^^^^^^^^^^^^^^^^^^^^^^^^
  File "/Users/juliareinhart/anaconda3/lib/python3.11/site-packages/fastapi/routing.py", line 212, in run_endpoint_function
    return await dependant.call(**values)
           ^^^^^^^^^^^^^^^^^^^^^^^^^^^^^^
  File "/Users/juliareinhart/anaconda3/lib/python3.11/site-packages/chromadb/telemetry/opentelemetry/__init__.py", line 130, in wrapper
    return await f(*args, **kwargs)
           ^^^^^^^^^^^^^^^^^^^^^^^^
  File "/Users/juliareinhart/anaconda3/lib/python3.11/site-packages/chromadb/server/fastapi/__init__.py", line 630, in create_collection
    await to_thread.run_sync(
  File "/Users/juliareinhart/anaconda3/lib/python3.11/site-packages/anyio/to_thread.py", line 33, in run_sync
    return await get_asynclib().run_sync_in_worker_thread(
           ^^^^^^^^^^^^^^^^^^^^^^^^^^^^^^^^^^^^^^^^^^^^^^^
  File "/Users/juliareinhart/anaconda3/lib/python3.11/site-packages/anyio/_backends/_asyncio.py", line 877, in run_sync_in_worker_thread
    return await future
           ^^^^^^^^^^^^
  File "/Users/juliareinhart/anaconda3/lib/python3.11/site-packages/anyio/_backends/_asyncio.py", line 807, in run
    result = context.run(func, *args)
             ^^^^^^^^^^^^^^^^^^^^^^^^
  File "/Users/juliareinhart/anaconda3/lib/python3.11/site-packages/chromadb/server/fastapi/__init__.py", line 620, in process_create_collection
    return self._api.create_collection(
           ^^^^^^^^^^^^^^^^^^^^^^^^^^^^
  File "/Users/juliareinhart/anaconda3/lib/python3.11/site-packages/chromadb/telemetry/opentelemetry/__init__.py", line 143, in wrapper
    return f(*args, **kwargs)
           ^^^^^^^^^^^^^^^^^^
  File "/Users/juliareinhart/anaconda3/lib/python3.11/site-packages/chromadb/api/segment.py", line 173, in create_collection
    coll, created = self._sysdb.create_collection(
                    ^^^^^^^^^^^^^^^^^^^^^^^^^^^^^^
  File "/Users/juliareinhart/anaconda3/lib/python3.11/site-packages/chromadb/telemetry/opentelemetry/__init__.py", line 143, in wrapper
    return f(*args, **kwargs)
           ^^^^^^^^^^^^^^^^^^
  File "/Users/juliareinhart/anaconda3/lib/python3.11/site-packages/chromadb/db/mixins/sysdb.py", line 220, in create_collection
    raise UniqueConstraintError(f"Collection {name} already exists")
chromadb.db.base.UniqueConstraintError: Collection maintstar-docs already exists
[32mINFO[0m:     [29-06-2025 13:07:14] 127.0.0.1:51349 - "POST /api/v1/collections HTTP/1.1" 500
[32mINFO[0m:     [29-06-2025 13:07:15] 127.0.0.1:51349 - "GET /api/v1/collections HTTP/1.1" 200
[32mINFO[0m:     [29-06-2025 13:07:15] 127.0.0.1:51349 - "POST /api/v1/collections/06759ce4-e469-411b-abf9-124c05eb9bf1/add HTTP/1.1" 201
[32mINFO[0m:     [29-06-2025 13:07:15] 127.0.0.1:51349 - "GET /api/v1/collections HTTP/1.1" 200
[31mERROR[0m:    [29-06-2025 13:07:15] Collection maintstar-docs already exists
Traceback (most recent call last):
  File "/Users/juliareinhart/anaconda3/lib/python3.11/site-packages/anyio/streams/memory.py", line 98, in receive
    return self.receive_nowait()
           ^^^^^^^^^^^^^^^^^^^^^
  File "/Users/juliareinhart/anaconda3/lib/python3.11/site-packages/anyio/streams/memory.py", line 93, in receive_nowait
    raise WouldBlock
anyio.WouldBlock

During handling of the above exception, another exception occurred:

Traceback (most recent call last):
  File "/Users/juliareinhart/anaconda3/lib/python3.11/site-packages/starlette/middleware/base.py", line 148, in call_next
    message = await recv_stream.receive()
              ^^^^^^^^^^^^^^^^^^^^^^^^^^^
  File "/Users/juliareinhart/anaconda3/lib/python3.11/site-packages/anyio/streams/memory.py", line 118, in receive
    raise EndOfStream
anyio.EndOfStream

During handling of the above exception, another exception occurred:

Traceback (most recent call last):
  File "/Users/juliareinhart/anaconda3/lib/python3.11/site-packages/chromadb/server/fastapi/__init__.py", line 78, in catch_exceptions_middleware
    return await call_next(request)
           ^^^^^^^^^^^^^^^^^^^^^^^^
  File "/Users/juliareinhart/anaconda3/lib/python3.11/site-packages/starlette/middleware/base.py", line 156, in call_next
    raise app_exc
  File "/Users/juliareinhart/anaconda3/lib/python3.11/site-packages/starlette/middleware/base.py", line 141, in coro
    await self.app(scope, receive_or_disconnect, send_no_error)
  File "/Users/juliareinhart/anaconda3/lib/python3.11/site-packages/starlette/middleware/base.py", line 178, in __call__
    response = await self.dispatch_func(request, call_next)
               ^^^^^^^^^^^^^^^^^^^^^^^^^^^^^^^^^^^^^^^^^^^^
  File "/Users/juliareinhart/anaconda3/lib/python3.11/site-packages/chromadb/server/fastapi/__init__.py", line 92, in check_http_version_middleware
    return await call_next(request)
           ^^^^^^^^^^^^^^^^^^^^^^^^
  File "/Users/juliareinhart/anaconda3/lib/python3.11/site-packages/starlette/middleware/base.py", line 156, in call_next
    raise app_exc
  File "/Users/juliareinhart/anaconda3/lib/python3.11/site-packages/starlette/middleware/base.py", line 141, in coro
    await self.app(scope, receive_or_disconnect, send_no_error)
  File "/Users/juliareinhart/anaconda3/lib/python3.11/site-packages/starlette/middleware/exceptions.py", line 62, in __call__
    await wrap_app_handling_exceptions(self.app, conn)(scope, receive, send)
  File "/Users/juliareinhart/anaconda3/lib/python3.11/site-packages/starlette/_exception_handler.py", line 53, in wrapped_app
    raise exc
  File "/Users/juliareinhart/anaconda3/lib/python3.11/site-packages/starlette/_exception_handler.py", line 42, in wrapped_app
    await app(scope, receive, sender)
  File "/Users/juliareinhart/anaconda3/lib/python3.11/site-packages/starlette/routing.py", line 714, in __call__
    await self.middleware_stack(scope, receive, send)
  File "/Users/juliareinhart/anaconda3/lib/python3.11/site-packages/starlette/routing.py", line 734, in app
    await route.handle(scope, receive, send)
  File "/Users/juliareinhart/anaconda3/lib/python3.11/site-packages/starlette/routing.py", line 288, in handle
    await self.app(scope, receive, send)
  File "/Users/juliareinhart/anaconda3/lib/python3.11/site-packages/starlette/routing.py", line 76, in app
    await wrap_app_handling_exceptions(app, request)(scope, receive, send)
  File "/Users/juliareinhart/anaconda3/lib/python3.11/site-packages/starlette/_exception_handler.py", line 53, in wrapped_app
    raise exc
  File "/Users/juliareinhart/anaconda3/lib/python3.11/site-packages/starlette/_exception_handler.py", line 42, in wrapped_app
    await app(scope, receive, sender)
  File "/Users/juliareinhart/anaconda3/lib/python3.11/site-packages/starlette/routing.py", line 73, in app
    response = await f(request)
               ^^^^^^^^^^^^^^^^
  File "/Users/juliareinhart/anaconda3/lib/python3.11/site-packages/fastapi/routing.py", line 301, in app
    raw_response = await run_endpoint_function(
                   ^^^^^^^^^^^^^^^^^^^^^^^^^^^^
  File "/Users/juliareinhart/anaconda3/lib/python3.11/site-packages/fastapi/routing.py", line 212, in run_endpoint_function
    return await dependant.call(**values)
           ^^^^^^^^^^^^^^^^^^^^^^^^^^^^^^
  File "/Users/juliareinhart/anaconda3/lib/python3.11/site-packages/chromadb/telemetry/opentelemetry/__init__.py", line 130, in wrapper
    return await f(*args, **kwargs)
           ^^^^^^^^^^^^^^^^^^^^^^^^
  File "/Users/juliareinhart/anaconda3/lib/python3.11/site-packages/chromadb/server/fastapi/__init__.py", line 630, in create_collection
    await to_thread.run_sync(
  File "/Users/juliareinhart/anaconda3/lib/python3.11/site-packages/anyio/to_thread.py", line 33, in run_sync
    return await get_asynclib().run_sync_in_worker_thread(
           ^^^^^^^^^^^^^^^^^^^^^^^^^^^^^^^^^^^^^^^^^^^^^^^
  File "/Users/juliareinhart/anaconda3/lib/python3.11/site-packages/anyio/_backends/_asyncio.py", line 877, in run_sync_in_worker_thread
    return await future
           ^^^^^^^^^^^^
  File "/Users/juliareinhart/anaconda3/lib/python3.11/site-packages/anyio/_backends/_asyncio.py", line 807, in run
    result = context.run(func, *args)
             ^^^^^^^^^^^^^^^^^^^^^^^^
  File "/Users/juliareinhart/anaconda3/lib/python3.11/site-packages/chromadb/server/fastapi/__init__.py", line 620, in process_create_collection
    return self._api.create_collection(
           ^^^^^^^^^^^^^^^^^^^^^^^^^^^^
  File "/Users/juliareinhart/anaconda3/lib/python3.11/site-packages/chromadb/telemetry/opentelemetry/__init__.py", line 143, in wrapper
    return f(*args, **kwargs)
           ^^^^^^^^^^^^^^^^^^
  File "/Users/juliareinhart/anaconda3/lib/python3.11/site-packages/chromadb/api/segment.py", line 173, in create_collection
    coll, created = self._sysdb.create_collection(
                    ^^^^^^^^^^^^^^^^^^^^^^^^^^^^^^
  File "/Users/juliareinhart/anaconda3/lib/python3.11/site-packages/chromadb/telemetry/opentelemetry/__init__.py", line 143, in wrapper
    return f(*args, **kwargs)
           ^^^^^^^^^^^^^^^^^^
  File "/Users/juliareinhart/anaconda3/lib/python3.11/site-packages/chromadb/db/mixins/sysdb.py", line 220, in create_collection
    raise UniqueConstraintError(f"Collection {name} already exists")
chromadb.db.base.UniqueConstraintError: Collection maintstar-docs already exists
[32mINFO[0m:     [29-06-2025 13:07:15] 127.0.0.1:51349 - "POST /api/v1/collections HTTP/1.1" 500
[32mINFO[0m:     [29-06-2025 13:07:17] 127.0.0.1:51349 - "GET /api/v1/collections HTTP/1.1" 200
[33mWARNING[0m:  [29-06-2025 13:07:17] Add of existing embedding ID: CH2 - Preventative Maintenance.txt-chunk-0
[33mWARNING[0m:  [29-06-2025 13:07:17] Add of existing embedding ID: CH2 - Preventative Maintenance.txt-chunk-1
[33mWARNING[0m:  [29-06-2025 13:07:17] Add of existing embedding ID: CH2 - Preventative Maintenance.txt-chunk-2
[33mWARNING[0m:  [29-06-2025 13:07:17] Insert of existing embedding ID: CH2 - Preventative Maintenance.txt-chunk-0
[33mWARNING[0m:  [29-06-2025 13:07:17] Insert of existing embedding ID: CH2 - Preventative Maintenance.txt-chunk-1
[33mWARNING[0m:  [29-06-2025 13:07:17] Insert of existing embedding ID: CH2 - Preventative Maintenance.txt-chunk-2
[32mINFO[0m:     [29-06-2025 13:07:17] 127.0.0.1:51349 - "POST /api/v1/collections/06759ce4-e469-411b-abf9-124c05eb9bf1/add HTTP/1.1" 201
[32mINFO[0m:     [29-06-2025 13:07:17] 127.0.0.1:51349 - "GET /api/v1/collections HTTP/1.1" 200
[31mERROR[0m:    [29-06-2025 13:07:17] Collection maintstar-docs already exists
Traceback (most recent call last):
  File "/Users/juliareinhart/anaconda3/lib/python3.11/site-packages/anyio/streams/memory.py", line 98, in receive
    return self.receive_nowait()
           ^^^^^^^^^^^^^^^^^^^^^
  File "/Users/juliareinhart/anaconda3/lib/python3.11/site-packages/anyio/streams/memory.py", line 93, in receive_nowait
    raise WouldBlock
anyio.WouldBlock

During handling of the above exception, another exception occurred:

Traceback (most recent call last):
  File "/Users/juliareinhart/anaconda3/lib/python3.11/site-packages/starlette/middleware/base.py", line 148, in call_next
    message = await recv_stream.receive()
              ^^^^^^^^^^^^^^^^^^^^^^^^^^^
  File "/Users/juliareinhart/anaconda3/lib/python3.11/site-packages/anyio/streams/memory.py", line 118, in receive
    raise EndOfStream
anyio.EndOfStream

During handling of the above exception, another exception occurred:

Traceback (most recent call last):
  File "/Users/juliareinhart/anaconda3/lib/python3.11/site-packages/chromadb/server/fastapi/__init__.py", line 78, in catch_exceptions_middleware
    return await call_next(request)
           ^^^^^^^^^^^^^^^^^^^^^^^^
  File "/Users/juliareinhart/anaconda3/lib/python3.11/site-packages/starlette/middleware/base.py", line 156, in call_next
    raise app_exc
  File "/Users/juliareinhart/anaconda3/lib/python3.11/site-packages/starlette/middleware/base.py", line 141, in coro
    await self.app(scope, receive_or_disconnect, send_no_error)
  File "/Users/juliareinhart/anaconda3/lib/python3.11/site-packages/starlette/middleware/base.py", line 178, in __call__
    response = await self.dispatch_func(request, call_next)
               ^^^^^^^^^^^^^^^^^^^^^^^^^^^^^^^^^^^^^^^^^^^^
  File "/Users/juliareinhart/anaconda3/lib/python3.11/site-packages/chromadb/server/fastapi/__init__.py", line 92, in check_http_version_middleware
    return await call_next(request)
           ^^^^^^^^^^^^^^^^^^^^^^^^
  File "/Users/juliareinhart/anaconda3/lib/python3.11/site-packages/starlette/middleware/base.py", line 156, in call_next
    raise app_exc
  File "/Users/juliareinhart/anaconda3/lib/python3.11/site-packages/starlette/middleware/base.py", line 141, in coro
    await self.app(scope, receive_or_disconnect, send_no_error)
  File "/Users/juliareinhart/anaconda3/lib/python3.11/site-packages/starlette/middleware/exceptions.py", line 62, in __call__
    await wrap_app_handling_exceptions(self.app, conn)(scope, receive, send)
  File "/Users/juliareinhart/anaconda3/lib/python3.11/site-packages/starlette/_exception_handler.py", line 53, in wrapped_app
    raise exc
  File "/Users/juliareinhart/anaconda3/lib/python3.11/site-packages/starlette/_exception_handler.py", line 42, in wrapped_app
    await app(scope, receive, sender)
  File "/Users/juliareinhart/anaconda3/lib/python3.11/site-packages/starlette/routing.py", line 714, in __call__
    await self.middleware_stack(scope, receive, send)
  File "/Users/juliareinhart/anaconda3/lib/python3.11/site-packages/starlette/routing.py", line 734, in app
    await route.handle(scope, receive, send)
  File "/Users/juliareinhart/anaconda3/lib/python3.11/site-packages/starlette/routing.py", line 288, in handle
    await self.app(scope, receive, send)
  File "/Users/juliareinhart/anaconda3/lib/python3.11/site-packages/starlette/routing.py", line 76, in app
    await wrap_app_handling_exceptions(app, request)(scope, receive, send)
  File "/Users/juliareinhart/anaconda3/lib/python3.11/site-packages/starlette/_exception_handler.py", line 53, in wrapped_app
    raise exc
  File "/Users/juliareinhart/anaconda3/lib/python3.11/site-packages/starlette/_exception_handler.py", line 42, in wrapped_app
    await app(scope, receive, sender)
  File "/Users/juliareinhart/anaconda3/lib/python3.11/site-packages/starlette/routing.py", line 73, in app
    response = await f(request)
               ^^^^^^^^^^^^^^^^
  File "/Users/juliareinhart/anaconda3/lib/python3.11/site-packages/fastapi/routing.py", line 301, in app
    raw_response = await run_endpoint_function(
                   ^^^^^^^^^^^^^^^^^^^^^^^^^^^^
  File "/Users/juliareinhart/anaconda3/lib/python3.11/site-packages/fastapi/routing.py", line 212, in run_endpoint_function
    return await dependant.call(**values)
           ^^^^^^^^^^^^^^^^^^^^^^^^^^^^^^
  File "/Users/juliareinhart/anaconda3/lib/python3.11/site-packages/chromadb/telemetry/opentelemetry/__init__.py", line 130, in wrapper
    return await f(*args, **kwargs)
           ^^^^^^^^^^^^^^^^^^^^^^^^
  File "/Users/juliareinhart/anaconda3/lib/python3.11/site-packages/chromadb/server/fastapi/__init__.py", line 630, in create_collection
    await to_thread.run_sync(
  File "/Users/juliareinhart/anaconda3/lib/python3.11/site-packages/anyio/to_thread.py", line 33, in run_sync
    return await get_asynclib().run_sync_in_worker_thread(
           ^^^^^^^^^^^^^^^^^^^^^^^^^^^^^^^^^^^^^^^^^^^^^^^
  File "/Users/juliareinhart/anaconda3/lib/python3.11/site-packages/anyio/_backends/_asyncio.py", line 877, in run_sync_in_worker_thread
    return await future
           ^^^^^^^^^^^^
  File "/Users/juliareinhart/anaconda3/lib/python3.11/site-packages/anyio/_backends/_asyncio.py", line 807, in run
    result = context.run(func, *args)
             ^^^^^^^^^^^^^^^^^^^^^^^^
  File "/Users/juliareinhart/anaconda3/lib/python3.11/site-packages/chromadb/server/fastapi/__init__.py", line 620, in process_create_collection
    return self._api.create_collection(
           ^^^^^^^^^^^^^^^^^^^^^^^^^^^^
  File "/Users/juliareinhart/anaconda3/lib/python3.11/site-packages/chromadb/telemetry/opentelemetry/__init__.py", line 143, in wrapper
    return f(*args, **kwargs)
           ^^^^^^^^^^^^^^^^^^
  File "/Users/juliareinhart/anaconda3/lib/python3.11/site-packages/chromadb/api/segment.py", line 173, in create_collection
    coll, created = self._sysdb.create_collection(
                    ^^^^^^^^^^^^^^^^^^^^^^^^^^^^^^
  File "/Users/juliareinhart/anaconda3/lib/python3.11/site-packages/chromadb/telemetry/opentelemetry/__init__.py", line 143, in wrapper
    return f(*args, **kwargs)
           ^^^^^^^^^^^^^^^^^^
  File "/Users/juliareinhart/anaconda3/lib/python3.11/site-packages/chromadb/db/mixins/sysdb.py", line 220, in create_collection
    raise UniqueConstraintError(f"Collection {name} already exists")
chromadb.db.base.UniqueConstraintError: Collection maintstar-docs already exists
[32mINFO[0m:     [29-06-2025 13:07:17] 127.0.0.1:51349 - "POST /api/v1/collections HTTP/1.1" 500
[32mINFO[0m:     [29-06-2025 13:07:19] 127.0.0.1:51349 - "GET /api/v1/collections HTTP/1.1" 200
[32mINFO[0m:     [29-06-2025 13:07:19] 127.0.0.1:51349 - "POST /api/v1/collections/06759ce4-e469-411b-abf9-124c05eb9bf1/add HTTP/1.1" 201
[32mINFO[0m:     [29-06-2025 13:07:19] 127.0.0.1:51349 - "GET /api/v1/collections HTTP/1.1" 200
[31mERROR[0m:    [29-06-2025 13:07:19] Collection maintstar-docs already exists
Traceback (most recent call last):
  File "/Users/juliareinhart/anaconda3/lib/python3.11/site-packages/anyio/streams/memory.py", line 98, in receive
    return self.receive_nowait()
           ^^^^^^^^^^^^^^^^^^^^^
  File "/Users/juliareinhart/anaconda3/lib/python3.11/site-packages/anyio/streams/memory.py", line 93, in receive_nowait
    raise WouldBlock
anyio.WouldBlock

During handling of the above exception, another exception occurred:

Traceback (most recent call last):
  File "/Users/juliareinhart/anaconda3/lib/python3.11/site-packages/starlette/middleware/base.py", line 148, in call_next
    message = await recv_stream.receive()
              ^^^^^^^^^^^^^^^^^^^^^^^^^^^
  File "/Users/juliareinhart/anaconda3/lib/python3.11/site-packages/anyio/streams/memory.py", line 118, in receive
    raise EndOfStream
anyio.EndOfStream

During handling of the above exception, another exception occurred:

Traceback (most recent call last):
  File "/Users/juliareinhart/anaconda3/lib/python3.11/site-packages/chromadb/server/fastapi/__init__.py", line 78, in catch_exceptions_middleware
    return await call_next(request)
           ^^^^^^^^^^^^^^^^^^^^^^^^
  File "/Users/juliareinhart/anaconda3/lib/python3.11/site-packages/starlette/middleware/base.py", line 156, in call_next
    raise app_exc
  File "/Users/juliareinhart/anaconda3/lib/python3.11/site-packages/starlette/middleware/base.py", line 141, in coro
    await self.app(scope, receive_or_disconnect, send_no_error)
  File "/Users/juliareinhart/anaconda3/lib/python3.11/site-packages/starlette/middleware/base.py", line 178, in __call__
    response = await self.dispatch_func(request, call_next)
               ^^^^^^^^^^^^^^^^^^^^^^^^^^^^^^^^^^^^^^^^^^^^
  File "/Users/juliareinhart/anaconda3/lib/python3.11/site-packages/chromadb/server/fastapi/__init__.py", line 92, in check_http_version_middleware
    return await call_next(request)
           ^^^^^^^^^^^^^^^^^^^^^^^^
  File "/Users/juliareinhart/anaconda3/lib/python3.11/site-packages/starlette/middleware/base.py", line 156, in call_next
    raise app_exc
  File "/Users/juliareinhart/anaconda3/lib/python3.11/site-packages/starlette/middleware/base.py", line 141, in coro
    await self.app(scope, receive_or_disconnect, send_no_error)
  File "/Users/juliareinhart/anaconda3/lib/python3.11/site-packages/starlette/middleware/exceptions.py", line 62, in __call__
    await wrap_app_handling_exceptions(self.app, conn)(scope, receive, send)
  File "/Users/juliareinhart/anaconda3/lib/python3.11/site-packages/starlette/_exception_handler.py", line 53, in wrapped_app
    raise exc
  File "/Users/juliareinhart/anaconda3/lib/python3.11/site-packages/starlette/_exception_handler.py", line 42, in wrapped_app
    await app(scope, receive, sender)
  File "/Users/juliareinhart/anaconda3/lib/python3.11/site-packages/starlette/routing.py", line 714, in __call__
    await self.middleware_stack(scope, receive, send)
  File "/Users/juliareinhart/anaconda3/lib/python3.11/site-packages/starlette/routing.py", line 734, in app
    await route.handle(scope, receive, send)
  File "/Users/juliareinhart/anaconda3/lib/python3.11/site-packages/starlette/routing.py", line 288, in handle
    await self.app(scope, receive, send)
  File "/Users/juliareinhart/anaconda3/lib/python3.11/site-packages/starlette/routing.py", line 76, in app
    await wrap_app_handling_exceptions(app, request)(scope, receive, send)
  File "/Users/juliareinhart/anaconda3/lib/python3.11/site-packages/starlette/_exception_handler.py", line 53, in wrapped_app
    raise exc
  File "/Users/juliareinhart/anaconda3/lib/python3.11/site-packages/starlette/_exception_handler.py", line 42, in wrapped_app
    await app(scope, receive, sender)
  File "/Users/juliareinhart/anaconda3/lib/python3.11/site-packages/starlette/routing.py", line 73, in app
    response = await f(request)
               ^^^^^^^^^^^^^^^^
  File "/Users/juliareinhart/anaconda3/lib/python3.11/site-packages/fastapi/routing.py", line 301, in app
    raw_response = await run_endpoint_function(
                   ^^^^^^^^^^^^^^^^^^^^^^^^^^^^
  File "/Users/juliareinhart/anaconda3/lib/python3.11/site-packages/fastapi/routing.py", line 212, in run_endpoint_function
    return await dependant.call(**values)
           ^^^^^^^^^^^^^^^^^^^^^^^^^^^^^^
  File "/Users/juliareinhart/anaconda3/lib/python3.11/site-packages/chromadb/telemetry/opentelemetry/__init__.py", line 130, in wrapper
    return await f(*args, **kwargs)
           ^^^^^^^^^^^^^^^^^^^^^^^^
  File "/Users/juliareinhart/anaconda3/lib/python3.11/site-packages/chromadb/server/fastapi/__init__.py", line 630, in create_collection
    await to_thread.run_sync(
  File "/Users/juliareinhart/anaconda3/lib/python3.11/site-packages/anyio/to_thread.py", line 33, in run_sync
    return await get_asynclib().run_sync_in_worker_thread(
           ^^^^^^^^^^^^^^^^^^^^^^^^^^^^^^^^^^^^^^^^^^^^^^^
  File "/Users/juliareinhart/anaconda3/lib/python3.11/site-packages/anyio/_backends/_asyncio.py", line 877, in run_sync_in_worker_thread
    return await future
           ^^^^^^^^^^^^
  File "/Users/juliareinhart/anaconda3/lib/python3.11/site-packages/anyio/_backends/_asyncio.py", line 807, in run
    result = context.run(func, *args)
             ^^^^^^^^^^^^^^^^^^^^^^^^
  File "/Users/juliareinhart/anaconda3/lib/python3.11/site-packages/chromadb/server/fastapi/__init__.py", line 620, in process_create_collection
    return self._api.create_collection(
           ^^^^^^^^^^^^^^^^^^^^^^^^^^^^
  File "/Users/juliareinhart/anaconda3/lib/python3.11/site-packages/chromadb/telemetry/opentelemetry/__init__.py", line 143, in wrapper
    return f(*args, **kwargs)
           ^^^^^^^^^^^^^^^^^^
  File "/Users/juliareinhart/anaconda3/lib/python3.11/site-packages/chromadb/api/segment.py", line 173, in create_collection
    coll, created = self._sysdb.create_collection(
                    ^^^^^^^^^^^^^^^^^^^^^^^^^^^^^^
  File "/Users/juliareinhart/anaconda3/lib/python3.11/site-packages/chromadb/telemetry/opentelemetry/__init__.py", line 143, in wrapper
    return f(*args, **kwargs)
           ^^^^^^^^^^^^^^^^^^
  File "/Users/juliareinhart/anaconda3/lib/python3.11/site-packages/chromadb/db/mixins/sysdb.py", line 220, in create_collection
    raise UniqueConstraintError(f"Collection {name} already exists")
chromadb.db.base.UniqueConstraintError: Collection maintstar-docs already exists
[32mINFO[0m:     [29-06-2025 13:07:19] 127.0.0.1:51349 - "POST /api/v1/collections HTTP/1.1" 500
[32mINFO[0m:     [29-06-2025 13:07:20] 127.0.0.1:51349 - "GET /api/v1/collections HTTP/1.1" 200
[32mINFO[0m:     [29-06-2025 13:07:20] 127.0.0.1:51349 - "POST /api/v1/collections/06759ce4-e469-411b-abf9-124c05eb9bf1/add HTTP/1.1" 201
[32mINFO[0m:     [29-06-2025 13:07:20] 127.0.0.1:51349 - "GET /api/v1/collections HTTP/1.1" 200
[31mERROR[0m:    [29-06-2025 13:07:20] Collection maintstar-docs already exists
Traceback (most recent call last):
  File "/Users/juliareinhart/anaconda3/lib/python3.11/site-packages/anyio/streams/memory.py", line 98, in receive
    return self.receive_nowait()
           ^^^^^^^^^^^^^^^^^^^^^
  File "/Users/juliareinhart/anaconda3/lib/python3.11/site-packages/anyio/streams/memory.py", line 93, in receive_nowait
    raise WouldBlock
anyio.WouldBlock

During handling of the above exception, another exception occurred:

Traceback (most recent call last):
  File "/Users/juliareinhart/anaconda3/lib/python3.11/site-packages/starlette/middleware/base.py", line 148, in call_next
    message = await recv_stream.receive()
              ^^^^^^^^^^^^^^^^^^^^^^^^^^^
  File "/Users/juliareinhart/anaconda3/lib/python3.11/site-packages/anyio/streams/memory.py", line 118, in receive
    raise EndOfStream
anyio.EndOfStream

During handling of the above exception, another exception occurred:

Traceback (most recent call last):
  File "/Users/juliareinhart/anaconda3/lib/python3.11/site-packages/chromadb/server/fastapi/__init__.py", line 78, in catch_exceptions_middleware
    return await call_next(request)
           ^^^^^^^^^^^^^^^^^^^^^^^^
  File "/Users/juliareinhart/anaconda3/lib/python3.11/site-packages/starlette/middleware/base.py", line 156, in call_next
    raise app_exc
  File "/Users/juliareinhart/anaconda3/lib/python3.11/site-packages/starlette/middleware/base.py", line 141, in coro
    await self.app(scope, receive_or_disconnect, send_no_error)
  File "/Users/juliareinhart/anaconda3/lib/python3.11/site-packages/starlette/middleware/base.py", line 178, in __call__
    response = await self.dispatch_func(request, call_next)
               ^^^^^^^^^^^^^^^^^^^^^^^^^^^^^^^^^^^^^^^^^^^^
  File "/Users/juliareinhart/anaconda3/lib/python3.11/site-packages/chromadb/server/fastapi/__init__.py", line 92, in check_http_version_middleware
    return await call_next(request)
           ^^^^^^^^^^^^^^^^^^^^^^^^
  File "/Users/juliareinhart/anaconda3/lib/python3.11/site-packages/starlette/middleware/base.py", line 156, in call_next
    raise app_exc
  File "/Users/juliareinhart/anaconda3/lib/python3.11/site-packages/starlette/middleware/base.py", line 141, in coro
    await self.app(scope, receive_or_disconnect, send_no_error)
  File "/Users/juliareinhart/anaconda3/lib/python3.11/site-packages/starlette/middleware/exceptions.py", line 62, in __call__
    await wrap_app_handling_exceptions(self.app, conn)(scope, receive, send)
  File "/Users/juliareinhart/anaconda3/lib/python3.11/site-packages/starlette/_exception_handler.py", line 53, in wrapped_app
    raise exc
  File "/Users/juliareinhart/anaconda3/lib/python3.11/site-packages/starlette/_exception_handler.py", line 42, in wrapped_app
    await app(scope, receive, sender)
  File "/Users/juliareinhart/anaconda3/lib/python3.11/site-packages/starlette/routing.py", line 714, in __call__
    await self.middleware_stack(scope, receive, send)
  File "/Users/juliareinhart/anaconda3/lib/python3.11/site-packages/starlette/routing.py", line 734, in app
    await route.handle(scope, receive, send)
  File "/Users/juliareinhart/anaconda3/lib/python3.11/site-packages/starlette/routing.py", line 288, in handle
    await self.app(scope, receive, send)
  File "/Users/juliareinhart/anaconda3/lib/python3.11/site-packages/starlette/routing.py", line 76, in app
    await wrap_app_handling_exceptions(app, request)(scope, receive, send)
  File "/Users/juliareinhart/anaconda3/lib/python3.11/site-packages/starlette/_exception_handler.py", line 53, in wrapped_app
    raise exc
  File "/Users/juliareinhart/anaconda3/lib/python3.11/site-packages/starlette/_exception_handler.py", line 42, in wrapped_app
    await app(scope, receive, sender)
  File "/Users/juliareinhart/anaconda3/lib/python3.11/site-packages/starlette/routing.py", line 73, in app
    response = await f(request)
               ^^^^^^^^^^^^^^^^
  File "/Users/juliareinhart/anaconda3/lib/python3.11/site-packages/fastapi/routing.py", line 301, in app
    raw_response = await run_endpoint_function(
                   ^^^^^^^^^^^^^^^^^^^^^^^^^^^^
  File "/Users/juliareinhart/anaconda3/lib/python3.11/site-packages/fastapi/routing.py", line 212, in run_endpoint_function
    return await dependant.call(**values)
           ^^^^^^^^^^^^^^^^^^^^^^^^^^^^^^
  File "/Users/juliareinhart/anaconda3/lib/python3.11/site-packages/chromadb/telemetry/opentelemetry/__init__.py", line 130, in wrapper
    return await f(*args, **kwargs)
           ^^^^^^^^^^^^^^^^^^^^^^^^
  File "/Users/juliareinhart/anaconda3/lib/python3.11/site-packages/chromadb/server/fastapi/__init__.py", line 630, in create_collection
    await to_thread.run_sync(
  File "/Users/juliareinhart/anaconda3/lib/python3.11/site-packages/anyio/to_thread.py", line 33, in run_sync
    return await get_asynclib().run_sync_in_worker_thread(
           ^^^^^^^^^^^^^^^^^^^^^^^^^^^^^^^^^^^^^^^^^^^^^^^
  File "/Users/juliareinhart/anaconda3/lib/python3.11/site-packages/anyio/_backends/_asyncio.py", line 877, in run_sync_in_worker_thread
    return await future
           ^^^^^^^^^^^^
  File "/Users/juliareinhart/anaconda3/lib/python3.11/site-packages/anyio/_backends/_asyncio.py", line 807, in run
    result = context.run(func, *args)
             ^^^^^^^^^^^^^^^^^^^^^^^^
  File "/Users/juliareinhart/anaconda3/lib/python3.11/site-packages/chromadb/server/fastapi/__init__.py", line 620, in process_create_collection
    return self._api.create_collection(
           ^^^^^^^^^^^^^^^^^^^^^^^^^^^^
  File "/Users/juliareinhart/anaconda3/lib/python3.11/site-packages/chromadb/telemetry/opentelemetry/__init__.py", line 143, in wrapper
    return f(*args, **kwargs)
           ^^^^^^^^^^^^^^^^^^
  File "/Users/juliareinhart/anaconda3/lib/python3.11/site-packages/chromadb/api/segment.py", line 173, in create_collection
    coll, created = self._sysdb.create_collection(
                    ^^^^^^^^^^^^^^^^^^^^^^^^^^^^^^
  File "/Users/juliareinhart/anaconda3/lib/python3.11/site-packages/chromadb/telemetry/opentelemetry/__init__.py", line 143, in wrapper
    return f(*args, **kwargs)
           ^^^^^^^^^^^^^^^^^^
  File "/Users/juliareinhart/anaconda3/lib/python3.11/site-packages/chromadb/db/mixins/sysdb.py", line 220, in create_collection
    raise UniqueConstraintError(f"Collection {name} already exists")
chromadb.db.base.UniqueConstraintError: Collection maintstar-docs already exists
[32mINFO[0m:     [29-06-2025 13:07:20] 127.0.0.1:51349 - "POST /api/v1/collections HTTP/1.1" 500
[32mINFO[0m:     [29-06-2025 13:07:21] 127.0.0.1:51349 - "GET /api/v1/collections HTTP/1.1" 200
[32mINFO[0m:     [29-06-2025 13:07:21] 127.0.0.1:51349 - "POST /api/v1/collections/06759ce4-e469-411b-abf9-124c05eb9bf1/add HTTP/1.1" 201
[32mINFO[0m:     [29-06-2025 13:07:21] 127.0.0.1:51349 - "GET /api/v1/collections HTTP/1.1" 200
[31mERROR[0m:    [29-06-2025 13:07:21] Collection maintstar-docs already exists
Traceback (most recent call last):
  File "/Users/juliareinhart/anaconda3/lib/python3.11/site-packages/anyio/streams/memory.py", line 98, in receive
    return self.receive_nowait()
           ^^^^^^^^^^^^^^^^^^^^^
  File "/Users/juliareinhart/anaconda3/lib/python3.11/site-packages/anyio/streams/memory.py", line 93, in receive_nowait
    raise WouldBlock
anyio.WouldBlock

During handling of the above exception, another exception occurred:

Traceback (most recent call last):
  File "/Users/juliareinhart/anaconda3/lib/python3.11/site-packages/starlette/middleware/base.py", line 148, in call_next
    message = await recv_stream.receive()
              ^^^^^^^^^^^^^^^^^^^^^^^^^^^
  File "/Users/juliareinhart/anaconda3/lib/python3.11/site-packages/anyio/streams/memory.py", line 118, in receive
    raise EndOfStream
anyio.EndOfStream

During handling of the above exception, another exception occurred:

Traceback (most recent call last):
  File "/Users/juliareinhart/anaconda3/lib/python3.11/site-packages/chromadb/server/fastapi/__init__.py", line 78, in catch_exceptions_middleware
    return await call_next(request)
           ^^^^^^^^^^^^^^^^^^^^^^^^
  File "/Users/juliareinhart/anaconda3/lib/python3.11/site-packages/starlette/middleware/base.py", line 156, in call_next
    raise app_exc
  File "/Users/juliareinhart/anaconda3/lib/python3.11/site-packages/starlette/middleware/base.py", line 141, in coro
    await self.app(scope, receive_or_disconnect, send_no_error)
  File "/Users/juliareinhart/anaconda3/lib/python3.11/site-packages/starlette/middleware/base.py", line 178, in __call__
    response = await self.dispatch_func(request, call_next)
               ^^^^^^^^^^^^^^^^^^^^^^^^^^^^^^^^^^^^^^^^^^^^
  File "/Users/juliareinhart/anaconda3/lib/python3.11/site-packages/chromadb/server/fastapi/__init__.py", line 92, in check_http_version_middleware
    return await call_next(request)
           ^^^^^^^^^^^^^^^^^^^^^^^^
  File "/Users/juliareinhart/anaconda3/lib/python3.11/site-packages/starlette/middleware/base.py", line 156, in call_next
    raise app_exc
  File "/Users/juliareinhart/anaconda3/lib/python3.11/site-packages/starlette/middleware/base.py", line 141, in coro
    await self.app(scope, receive_or_disconnect, send_no_error)
  File "/Users/juliareinhart/anaconda3/lib/python3.11/site-packages/starlette/middleware/exceptions.py", line 62, in __call__
    await wrap_app_handling_exceptions(self.app, conn)(scope, receive, send)
  File "/Users/juliareinhart/anaconda3/lib/python3.11/site-packages/starlette/_exception_handler.py", line 53, in wrapped_app
    raise exc
  File "/Users/juliareinhart/anaconda3/lib/python3.11/site-packages/starlette/_exception_handler.py", line 42, in wrapped_app
    await app(scope, receive, sender)
  File "/Users/juliareinhart/anaconda3/lib/python3.11/site-packages/starlette/routing.py", line 714, in __call__
    await self.middleware_stack(scope, receive, send)
  File "/Users/juliareinhart/anaconda3/lib/python3.11/site-packages/starlette/routing.py", line 734, in app
    await route.handle(scope, receive, send)
  File "/Users/juliareinhart/anaconda3/lib/python3.11/site-packages/starlette/routing.py", line 288, in handle
    await self.app(scope, receive, send)
  File "/Users/juliareinhart/anaconda3/lib/python3.11/site-packages/starlette/routing.py", line 76, in app
    await wrap_app_handling_exceptions(app, request)(scope, receive, send)
  File "/Users/juliareinhart/anaconda3/lib/python3.11/site-packages/starlette/_exception_handler.py", line 53, in wrapped_app
    raise exc
  File "/Users/juliareinhart/anaconda3/lib/python3.11/site-packages/starlette/_exception_handler.py", line 42, in wrapped_app
    await app(scope, receive, sender)
  File "/Users/juliareinhart/anaconda3/lib/python3.11/site-packages/starlette/routing.py", line 73, in app
    response = await f(request)
               ^^^^^^^^^^^^^^^^
  File "/Users/juliareinhart/anaconda3/lib/python3.11/site-packages/fastapi/routing.py", line 301, in app
    raw_response = await run_endpoint_function(
                   ^^^^^^^^^^^^^^^^^^^^^^^^^^^^
  File "/Users/juliareinhart/anaconda3/lib/python3.11/site-packages/fastapi/routing.py", line 212, in run_endpoint_function
    return await dependant.call(**values)
           ^^^^^^^^^^^^^^^^^^^^^^^^^^^^^^
  File "/Users/juliareinhart/anaconda3/lib/python3.11/site-packages/chromadb/telemetry/opentelemetry/__init__.py", line 130, in wrapper
    return await f(*args, **kwargs)
           ^^^^^^^^^^^^^^^^^^^^^^^^
  File "/Users/juliareinhart/anaconda3/lib/python3.11/site-packages/chromadb/server/fastapi/__init__.py", line 630, in create_collection
    await to_thread.run_sync(
  File "/Users/juliareinhart/anaconda3/lib/python3.11/site-packages/anyio/to_thread.py", line 33, in run_sync
    return await get_asynclib().run_sync_in_worker_thread(
           ^^^^^^^^^^^^^^^^^^^^^^^^^^^^^^^^^^^^^^^^^^^^^^^
  File "/Users/juliareinhart/anaconda3/lib/python3.11/site-packages/anyio/_backends/_asyncio.py", line 877, in run_sync_in_worker_thread
    return await future
           ^^^^^^^^^^^^
  File "/Users/juliareinhart/anaconda3/lib/python3.11/site-packages/anyio/_backends/_asyncio.py", line 807, in run
    result = context.run(func, *args)
             ^^^^^^^^^^^^^^^^^^^^^^^^
  File "/Users/juliareinhart/anaconda3/lib/python3.11/site-packages/chromadb/server/fastapi/__init__.py", line 620, in process_create_collection
    return self._api.create_collection(
           ^^^^^^^^^^^^^^^^^^^^^^^^^^^^
  File "/Users/juliareinhart/anaconda3/lib/python3.11/site-packages/chromadb/telemetry/opentelemetry/__init__.py", line 143, in wrapper
    return f(*args, **kwargs)
           ^^^^^^^^^^^^^^^^^^
  File "/Users/juliareinhart/anaconda3/lib/python3.11/site-packages/chromadb/api/segment.py", line 173, in create_collection
    coll, created = self._sysdb.create_collection(
                    ^^^^^^^^^^^^^^^^^^^^^^^^^^^^^^
  File "/Users/juliareinhart/anaconda3/lib/python3.11/site-packages/chromadb/telemetry/opentelemetry/__init__.py", line 143, in wrapper
    return f(*args, **kwargs)
           ^^^^^^^^^^^^^^^^^^
  File "/Users/juliareinhart/anaconda3/lib/python3.11/site-packages/chromadb/db/mixins/sysdb.py", line 220, in create_collection
    raise UniqueConstraintError(f"Collection {name} already exists")
chromadb.db.base.UniqueConstraintError: Collection maintstar-docs already exists
[32mINFO[0m:     [29-06-2025 13:07:21] 127.0.0.1:51349 - "POST /api/v1/collections HTTP/1.1" 500
[32mINFO[0m:     [29-06-2025 13:07:22] 127.0.0.1:51349 - "GET /api/v1/collections HTTP/1.1" 200
[32mINFO[0m:     [29-06-2025 13:07:22] 127.0.0.1:51349 - "POST /api/v1/collections/06759ce4-e469-411b-abf9-124c05eb9bf1/add HTTP/1.1" 201
[32mINFO[0m:     [29-06-2025 13:07:22] 127.0.0.1:51349 - "GET /api/v1/collections HTTP/1.1" 200
[31mERROR[0m:    [29-06-2025 13:07:22] Collection maintstar-docs already exists
Traceback (most recent call last):
  File "/Users/juliareinhart/anaconda3/lib/python3.11/site-packages/anyio/streams/memory.py", line 98, in receive
    return self.receive_nowait()
           ^^^^^^^^^^^^^^^^^^^^^
  File "/Users/juliareinhart/anaconda3/lib/python3.11/site-packages/anyio/streams/memory.py", line 93, in receive_nowait
    raise WouldBlock
anyio.WouldBlock

During handling of the above exception, another exception occurred:

Traceback (most recent call last):
  File "/Users/juliareinhart/anaconda3/lib/python3.11/site-packages/starlette/middleware/base.py", line 148, in call_next
    message = await recv_stream.receive()
              ^^^^^^^^^^^^^^^^^^^^^^^^^^^
  File "/Users/juliareinhart/anaconda3/lib/python3.11/site-packages/anyio/streams/memory.py", line 118, in receive
    raise EndOfStream
anyio.EndOfStream

During handling of the above exception, another exception occurred:

Traceback (most recent call last):
  File "/Users/juliareinhart/anaconda3/lib/python3.11/site-packages/chromadb/server/fastapi/__init__.py", line 78, in catch_exceptions_middleware
    return await call_next(request)
           ^^^^^^^^^^^^^^^^^^^^^^^^
  File "/Users/juliareinhart/anaconda3/lib/python3.11/site-packages/starlette/middleware/base.py", line 156, in call_next
    raise app_exc
  File "/Users/juliareinhart/anaconda3/lib/python3.11/site-packages/starlette/middleware/base.py", line 141, in coro
    await self.app(scope, receive_or_disconnect, send_no_error)
  File "/Users/juliareinhart/anaconda3/lib/python3.11/site-packages/starlette/middleware/base.py", line 178, in __call__
    response = await self.dispatch_func(request, call_next)
               ^^^^^^^^^^^^^^^^^^^^^^^^^^^^^^^^^^^^^^^^^^^^
  File "/Users/juliareinhart/anaconda3/lib/python3.11/site-packages/chromadb/server/fastapi/__init__.py", line 92, in check_http_version_middleware
    return await call_next(request)
           ^^^^^^^^^^^^^^^^^^^^^^^^
  File "/Users/juliareinhart/anaconda3/lib/python3.11/site-packages/starlette/middleware/base.py", line 156, in call_next
    raise app_exc
  File "/Users/juliareinhart/anaconda3/lib/python3.11/site-packages/starlette/middleware/base.py", line 141, in coro
    await self.app(scope, receive_or_disconnect, send_no_error)
  File "/Users/juliareinhart/anaconda3/lib/python3.11/site-packages/starlette/middleware/exceptions.py", line 62, in __call__
    await wrap_app_handling_exceptions(self.app, conn)(scope, receive, send)
  File "/Users/juliareinhart/anaconda3/lib/python3.11/site-packages/starlette/_exception_handler.py", line 53, in wrapped_app
    raise exc
  File "/Users/juliareinhart/anaconda3/lib/python3.11/site-packages/starlette/_exception_handler.py", line 42, in wrapped_app
    await app(scope, receive, sender)
  File "/Users/juliareinhart/anaconda3/lib/python3.11/site-packages/starlette/routing.py", line 714, in __call__
    await self.middleware_stack(scope, receive, send)
  File "/Users/juliareinhart/anaconda3/lib/python3.11/site-packages/starlette/routing.py", line 734, in app
    await route.handle(scope, receive, send)
  File "/Users/juliareinhart/anaconda3/lib/python3.11/site-packages/starlette/routing.py", line 288, in handle
    await self.app(scope, receive, send)
  File "/Users/juliareinhart/anaconda3/lib/python3.11/site-packages/starlette/routing.py", line 76, in app
    await wrap_app_handling_exceptions(app, request)(scope, receive, send)
  File "/Users/juliareinhart/anaconda3/lib/python3.11/site-packages/starlette/_exception_handler.py", line 53, in wrapped_app
    raise exc
  File "/Users/juliareinhart/anaconda3/lib/python3.11/site-packages/starlette/_exception_handler.py", line 42, in wrapped_app
    await app(scope, receive, sender)
  File "/Users/juliareinhart/anaconda3/lib/python3.11/site-packages/starlette/routing.py", line 73, in app
    response = await f(request)
               ^^^^^^^^^^^^^^^^
  File "/Users/juliareinhart/anaconda3/lib/python3.11/site-packages/fastapi/routing.py", line 301, in app
    raw_response = await run_endpoint_function(
                   ^^^^^^^^^^^^^^^^^^^^^^^^^^^^
  File "/Users/juliareinhart/anaconda3/lib/python3.11/site-packages/fastapi/routing.py", line 212, in run_endpoint_function
    return await dependant.call(**values)
           ^^^^^^^^^^^^^^^^^^^^^^^^^^^^^^
  File "/Users/juliareinhart/anaconda3/lib/python3.11/site-packages/chromadb/telemetry/opentelemetry/__init__.py", line 130, in wrapper
    return await f(*args, **kwargs)
           ^^^^^^^^^^^^^^^^^^^^^^^^
  File "/Users/juliareinhart/anaconda3/lib/python3.11/site-packages/chromadb/server/fastapi/__init__.py", line 630, in create_collection
    await to_thread.run_sync(
  File "/Users/juliareinhart/anaconda3/lib/python3.11/site-packages/anyio/to_thread.py", line 33, in run_sync
    return await get_asynclib().run_sync_in_worker_thread(
           ^^^^^^^^^^^^^^^^^^^^^^^^^^^^^^^^^^^^^^^^^^^^^^^
  File "/Users/juliareinhart/anaconda3/lib/python3.11/site-packages/anyio/_backends/_asyncio.py", line 877, in run_sync_in_worker_thread
    return await future
           ^^^^^^^^^^^^
  File "/Users/juliareinhart/anaconda3/lib/python3.11/site-packages/anyio/_backends/_asyncio.py", line 807, in run
    result = context.run(func, *args)
             ^^^^^^^^^^^^^^^^^^^^^^^^
  File "/Users/juliareinhart/anaconda3/lib/python3.11/site-packages/chromadb/server/fastapi/__init__.py", line 620, in process_create_collection
    return self._api.create_collection(
           ^^^^^^^^^^^^^^^^^^^^^^^^^^^^
  File "/Users/juliareinhart/anaconda3/lib/python3.11/site-packages/chromadb/telemetry/opentelemetry/__init__.py", line 143, in wrapper
    return f(*args, **kwargs)
           ^^^^^^^^^^^^^^^^^^
  File "/Users/juliareinhart/anaconda3/lib/python3.11/site-packages/chromadb/api/segment.py", line 173, in create_collection
    coll, created = self._sysdb.create_collection(
                    ^^^^^^^^^^^^^^^^^^^^^^^^^^^^^^
  File "/Users/juliareinhart/anaconda3/lib/python3.11/site-packages/chromadb/telemetry/opentelemetry/__init__.py", line 143, in wrapper
    return f(*args, **kwargs)
           ^^^^^^^^^^^^^^^^^^
  File "/Users/juliareinhart/anaconda3/lib/python3.11/site-packages/chromadb/db/mixins/sysdb.py", line 220, in create_collection
    raise UniqueConstraintError(f"Collection {name} already exists")
chromadb.db.base.UniqueConstraintError: Collection maintstar-docs already exists
[32mINFO[0m:     [29-06-2025 13:07:22] 127.0.0.1:51349 - "POST /api/v1/collections HTTP/1.1" 500
[32mINFO[0m:     [29-06-2025 13:07:23] 127.0.0.1:51349 - "GET /api/v1/collections HTTP/1.1" 200
[32mINFO[0m:     [29-06-2025 13:07:23] 127.0.0.1:51349 - "POST /api/v1/collections/06759ce4-e469-411b-abf9-124c05eb9bf1/add HTTP/1.1" 201
[32mINFO[0m:     [29-06-2025 13:07:23] 127.0.0.1:51349 - "GET /api/v1/collections HTTP/1.1" 200
[31mERROR[0m:    [29-06-2025 13:07:23] Collection maintstar-docs already exists
Traceback (most recent call last):
  File "/Users/juliareinhart/anaconda3/lib/python3.11/site-packages/anyio/streams/memory.py", line 98, in receive
    return self.receive_nowait()
           ^^^^^^^^^^^^^^^^^^^^^
  File "/Users/juliareinhart/anaconda3/lib/python3.11/site-packages/anyio/streams/memory.py", line 93, in receive_nowait
    raise WouldBlock
anyio.WouldBlock

During handling of the above exception, another exception occurred:

Traceback (most recent call last):
  File "/Users/juliareinhart/anaconda3/lib/python3.11/site-packages/starlette/middleware/base.py", line 148, in call_next
    message = await recv_stream.receive()
              ^^^^^^^^^^^^^^^^^^^^^^^^^^^
  File "/Users/juliareinhart/anaconda3/lib/python3.11/site-packages/anyio/streams/memory.py", line 118, in receive
    raise EndOfStream
anyio.EndOfStream

During handling of the above exception, another exception occurred:

Traceback (most recent call last):
  File "/Users/juliareinhart/anaconda3/lib/python3.11/site-packages/chromadb/server/fastapi/__init__.py", line 78, in catch_exceptions_middleware
    return await call_next(request)
           ^^^^^^^^^^^^^^^^^^^^^^^^
  File "/Users/juliareinhart/anaconda3/lib/python3.11/site-packages/starlette/middleware/base.py", line 156, in call_next
    raise app_exc
  File "/Users/juliareinhart/anaconda3/lib/python3.11/site-packages/starlette/middleware/base.py", line 141, in coro
    await self.app(scope, receive_or_disconnect, send_no_error)
  File "/Users/juliareinhart/anaconda3/lib/python3.11/site-packages/starlette/middleware/base.py", line 178, in __call__
    response = await self.dispatch_func(request, call_next)
               ^^^^^^^^^^^^^^^^^^^^^^^^^^^^^^^^^^^^^^^^^^^^
  File "/Users/juliareinhart/anaconda3/lib/python3.11/site-packages/chromadb/server/fastapi/__init__.py", line 92, in check_http_version_middleware
    return await call_next(request)
           ^^^^^^^^^^^^^^^^^^^^^^^^
  File "/Users/juliareinhart/anaconda3/lib/python3.11/site-packages/starlette/middleware/base.py", line 156, in call_next
    raise app_exc
  File "/Users/juliareinhart/anaconda3/lib/python3.11/site-packages/starlette/middleware/base.py", line 141, in coro
    await self.app(scope, receive_or_disconnect, send_no_error)
  File "/Users/juliareinhart/anaconda3/lib/python3.11/site-packages/starlette/middleware/exceptions.py", line 62, in __call__
    await wrap_app_handling_exceptions(self.app, conn)(scope, receive, send)
  File "/Users/juliareinhart/anaconda3/lib/python3.11/site-packages/starlette/_exception_handler.py", line 53, in wrapped_app
    raise exc
  File "/Users/juliareinhart/anaconda3/lib/python3.11/site-packages/starlette/_exception_handler.py", line 42, in wrapped_app
    await app(scope, receive, sender)
  File "/Users/juliareinhart/anaconda3/lib/python3.11/site-packages/starlette/routing.py", line 714, in __call__
    await self.middleware_stack(scope, receive, send)
  File "/Users/juliareinhart/anaconda3/lib/python3.11/site-packages/starlette/routing.py", line 734, in app
    await route.handle(scope, receive, send)
  File "/Users/juliareinhart/anaconda3/lib/python3.11/site-packages/starlette/routing.py", line 288, in handle
    await self.app(scope, receive, send)
  File "/Users/juliareinhart/anaconda3/lib/python3.11/site-packages/starlette/routing.py", line 76, in app
    await wrap_app_handling_exceptions(app, request)(scope, receive, send)
  File "/Users/juliareinhart/anaconda3/lib/python3.11/site-packages/starlette/_exception_handler.py", line 53, in wrapped_app
    raise exc
  File "/Users/juliareinhart/anaconda3/lib/python3.11/site-packages/starlette/_exception_handler.py", line 42, in wrapped_app
    await app(scope, receive, sender)
  File "/Users/juliareinhart/anaconda3/lib/python3.11/site-packages/starlette/routing.py", line 73, in app
    response = await f(request)
               ^^^^^^^^^^^^^^^^
  File "/Users/juliareinhart/anaconda3/lib/python3.11/site-packages/fastapi/routing.py", line 301, in app
    raw_response = await run_endpoint_function(
                   ^^^^^^^^^^^^^^^^^^^^^^^^^^^^
  File "/Users/juliareinhart/anaconda3/lib/python3.11/site-packages/fastapi/routing.py", line 212, in run_endpoint_function
    return await dependant.call(**values)
           ^^^^^^^^^^^^^^^^^^^^^^^^^^^^^^
  File "/Users/juliareinhart/anaconda3/lib/python3.11/site-packages/chromadb/telemetry/opentelemetry/__init__.py", line 130, in wrapper
    return await f(*args, **kwargs)
           ^^^^^^^^^^^^^^^^^^^^^^^^
  File "/Users/juliareinhart/anaconda3/lib/python3.11/site-packages/chromadb/server/fastapi/__init__.py", line 630, in create_collection
    await to_thread.run_sync(
  File "/Users/juliareinhart/anaconda3/lib/python3.11/site-packages/anyio/to_thread.py", line 33, in run_sync
    return await get_asynclib().run_sync_in_worker_thread(
           ^^^^^^^^^^^^^^^^^^^^^^^^^^^^^^^^^^^^^^^^^^^^^^^
  File "/Users/juliareinhart/anaconda3/lib/python3.11/site-packages/anyio/_backends/_asyncio.py", line 877, in run_sync_in_worker_thread
    return await future
           ^^^^^^^^^^^^
  File "/Users/juliareinhart/anaconda3/lib/python3.11/site-packages/anyio/_backends/_asyncio.py", line 807, in run
    result = context.run(func, *args)
             ^^^^^^^^^^^^^^^^^^^^^^^^
  File "/Users/juliareinhart/anaconda3/lib/python3.11/site-packages/chromadb/server/fastapi/__init__.py", line 620, in process_create_collection
    return self._api.create_collection(
           ^^^^^^^^^^^^^^^^^^^^^^^^^^^^
  File "/Users/juliareinhart/anaconda3/lib/python3.11/site-packages/chromadb/telemetry/opentelemetry/__init__.py", line 143, in wrapper
    return f(*args, **kwargs)
           ^^^^^^^^^^^^^^^^^^
  File "/Users/juliareinhart/anaconda3/lib/python3.11/site-packages/chromadb/api/segment.py", line 173, in create_collection
    coll, created = self._sysdb.create_collection(
                    ^^^^^^^^^^^^^^^^^^^^^^^^^^^^^^
  File "/Users/juliareinhart/anaconda3/lib/python3.11/site-packages/chromadb/telemetry/opentelemetry/__init__.py", line 143, in wrapper
    return f(*args, **kwargs)
           ^^^^^^^^^^^^^^^^^^
  File "/Users/juliareinhart/anaconda3/lib/python3.11/site-packages/chromadb/db/mixins/sysdb.py", line 220, in create_collection
    raise UniqueConstraintError(f"Collection {name} already exists")
chromadb.db.base.UniqueConstraintError: Collection maintstar-docs already exists
[32mINFO[0m:     [29-06-2025 13:07:23] 127.0.0.1:51349 - "POST /api/v1/collections HTTP/1.1" 500
[32mINFO[0m:     [29-06-2025 13:07:23] 127.0.0.1:51349 - "GET /api/v1/collections HTTP/1.1" 200
[32mINFO[0m:     [29-06-2025 13:07:23] 127.0.0.1:51349 - "POST /api/v1/collections/06759ce4-e469-411b-abf9-124c05eb9bf1/add HTTP/1.1" 201
[32mINFO[0m:     [29-06-2025 13:07:23] 127.0.0.1:51349 - "GET /api/v1/collections HTTP/1.1" 200
[31mERROR[0m:    [29-06-2025 13:07:23] Collection maintstar-docs already exists
Traceback (most recent call last):
  File "/Users/juliareinhart/anaconda3/lib/python3.11/site-packages/anyio/streams/memory.py", line 98, in receive
    return self.receive_nowait()
           ^^^^^^^^^^^^^^^^^^^^^
  File "/Users/juliareinhart/anaconda3/lib/python3.11/site-packages/anyio/streams/memory.py", line 93, in receive_nowait
    raise WouldBlock
anyio.WouldBlock

During handling of the above exception, another exception occurred:

Traceback (most recent call last):
  File "/Users/juliareinhart/anaconda3/lib/python3.11/site-packages/starlette/middleware/base.py", line 148, in call_next
    message = await recv_stream.receive()
              ^^^^^^^^^^^^^^^^^^^^^^^^^^^
  File "/Users/juliareinhart/anaconda3/lib/python3.11/site-packages/anyio/streams/memory.py", line 118, in receive
    raise EndOfStream
anyio.EndOfStream

During handling of the above exception, another exception occurred:

Traceback (most recent call last):
  File "/Users/juliareinhart/anaconda3/lib/python3.11/site-packages/chromadb/server/fastapi/__init__.py", line 78, in catch_exceptions_middleware
    return await call_next(request)
           ^^^^^^^^^^^^^^^^^^^^^^^^
  File "/Users/juliareinhart/anaconda3/lib/python3.11/site-packages/starlette/middleware/base.py", line 156, in call_next
    raise app_exc
  File "/Users/juliareinhart/anaconda3/lib/python3.11/site-packages/starlette/middleware/base.py", line 141, in coro
    await self.app(scope, receive_or_disconnect, send_no_error)
  File "/Users/juliareinhart/anaconda3/lib/python3.11/site-packages/starlette/middleware/base.py", line 178, in __call__
    response = await self.dispatch_func(request, call_next)
               ^^^^^^^^^^^^^^^^^^^^^^^^^^^^^^^^^^^^^^^^^^^^
  File "/Users/juliareinhart/anaconda3/lib/python3.11/site-packages/chromadb/server/fastapi/__init__.py", line 92, in check_http_version_middleware
    return await call_next(request)
           ^^^^^^^^^^^^^^^^^^^^^^^^
  File "/Users/juliareinhart/anaconda3/lib/python3.11/site-packages/starlette/middleware/base.py", line 156, in call_next
    raise app_exc
  File "/Users/juliareinhart/anaconda3/lib/python3.11/site-packages/starlette/middleware/base.py", line 141, in coro
    await self.app(scope, receive_or_disconnect, send_no_error)
  File "/Users/juliareinhart/anaconda3/lib/python3.11/site-packages/starlette/middleware/exceptions.py", line 62, in __call__
    await wrap_app_handling_exceptions(self.app, conn)(scope, receive, send)
  File "/Users/juliareinhart/anaconda3/lib/python3.11/site-packages/starlette/_exception_handler.py", line 53, in wrapped_app
    raise exc
  File "/Users/juliareinhart/anaconda3/lib/python3.11/site-packages/starlette/_exception_handler.py", line 42, in wrapped_app
    await app(scope, receive, sender)
  File "/Users/juliareinhart/anaconda3/lib/python3.11/site-packages/starlette/routing.py", line 714, in __call__
    await self.middleware_stack(scope, receive, send)
  File "/Users/juliareinhart/anaconda3/lib/python3.11/site-packages/starlette/routing.py", line 734, in app
    await route.handle(scope, receive, send)
  File "/Users/juliareinhart/anaconda3/lib/python3.11/site-packages/starlette/routing.py", line 288, in handle
    await self.app(scope, receive, send)
  File "/Users/juliareinhart/anaconda3/lib/python3.11/site-packages/starlette/routing.py", line 76, in app
    await wrap_app_handling_exceptions(app, request)(scope, receive, send)
  File "/Users/juliareinhart/anaconda3/lib/python3.11/site-packages/starlette/_exception_handler.py", line 53, in wrapped_app
    raise exc
  File "/Users/juliareinhart/anaconda3/lib/python3.11/site-packages/starlette/_exception_handler.py", line 42, in wrapped_app
    await app(scope, receive, sender)
  File "/Users/juliareinhart/anaconda3/lib/python3.11/site-packages/starlette/routing.py", line 73, in app
    response = await f(request)
               ^^^^^^^^^^^^^^^^
  File "/Users/juliareinhart/anaconda3/lib/python3.11/site-packages/fastapi/routing.py", line 301, in app
    raw_response = await run_endpoint_function(
                   ^^^^^^^^^^^^^^^^^^^^^^^^^^^^
  File "/Users/juliareinhart/anaconda3/lib/python3.11/site-packages/fastapi/routing.py", line 212, in run_endpoint_function
    return await dependant.call(**values)
           ^^^^^^^^^^^^^^^^^^^^^^^^^^^^^^
  File "/Users/juliareinhart/anaconda3/lib/python3.11/site-packages/chromadb/telemetry/opentelemetry/__init__.py", line 130, in wrapper
    return await f(*args, **kwargs)
           ^^^^^^^^^^^^^^^^^^^^^^^^
  File "/Users/juliareinhart/anaconda3/lib/python3.11/site-packages/chromadb/server/fastapi/__init__.py", line 630, in create_collection
    await to_thread.run_sync(
  File "/Users/juliareinhart/anaconda3/lib/python3.11/site-packages/anyio/to_thread.py", line 33, in run_sync
    return await get_asynclib().run_sync_in_worker_thread(
           ^^^^^^^^^^^^^^^^^^^^^^^^^^^^^^^^^^^^^^^^^^^^^^^
  File "/Users/juliareinhart/anaconda3/lib/python3.11/site-packages/anyio/_backends/_asyncio.py", line 877, in run_sync_in_worker_thread
    return await future
           ^^^^^^^^^^^^
  File "/Users/juliareinhart/anaconda3/lib/python3.11/site-packages/anyio/_backends/_asyncio.py", line 807, in run
    result = context.run(func, *args)
             ^^^^^^^^^^^^^^^^^^^^^^^^
  File "/Users/juliareinhart/anaconda3/lib/python3.11/site-packages/chromadb/server/fastapi/__init__.py", line 620, in process_create_collection
    return self._api.create_collection(
           ^^^^^^^^^^^^^^^^^^^^^^^^^^^^
  File "/Users/juliareinhart/anaconda3/lib/python3.11/site-packages/chromadb/telemetry/opentelemetry/__init__.py", line 143, in wrapper
    return f(*args, **kwargs)
           ^^^^^^^^^^^^^^^^^^
  File "/Users/juliareinhart/anaconda3/lib/python3.11/site-packages/chromadb/api/segment.py", line 173, in create_collection
    coll, created = self._sysdb.create_collection(
                    ^^^^^^^^^^^^^^^^^^^^^^^^^^^^^^
  File "/Users/juliareinhart/anaconda3/lib/python3.11/site-packages/chromadb/telemetry/opentelemetry/__init__.py", line 143, in wrapper
    return f(*args, **kwargs)
           ^^^^^^^^^^^^^^^^^^
  File "/Users/juliareinhart/anaconda3/lib/python3.11/site-packages/chromadb/db/mixins/sysdb.py", line 220, in create_collection
    raise UniqueConstraintError(f"Collection {name} already exists")
chromadb.db.base.UniqueConstraintError: Collection maintstar-docs already exists
[32mINFO[0m:     [29-06-2025 13:07:23] 127.0.0.1:51349 - "POST /api/v1/collections HTTP/1.1" 500
[32mINFO[0m:     [29-06-2025 13:07:25] 127.0.0.1:51349 - "GET /api/v1/collections HTTP/1.1" 200
[32mINFO[0m:     [29-06-2025 13:07:25] 127.0.0.1:51349 - "POST /api/v1/collections/06759ce4-e469-411b-abf9-124c05eb9bf1/add HTTP/1.1" 201
[32mINFO[0m:     [29-06-2025 13:07:25] 127.0.0.1:51349 - "GET /api/v1/collections HTTP/1.1" 200
[31mERROR[0m:    [29-06-2025 13:07:25] Collection maintstar-docs already exists
Traceback (most recent call last):
  File "/Users/juliareinhart/anaconda3/lib/python3.11/site-packages/anyio/streams/memory.py", line 98, in receive
    return self.receive_nowait()
           ^^^^^^^^^^^^^^^^^^^^^
  File "/Users/juliareinhart/anaconda3/lib/python3.11/site-packages/anyio/streams/memory.py", line 93, in receive_nowait
    raise WouldBlock
anyio.WouldBlock

During handling of the above exception, another exception occurred:

Traceback (most recent call last):
  File "/Users/juliareinhart/anaconda3/lib/python3.11/site-packages/starlette/middleware/base.py", line 148, in call_next
    message = await recv_stream.receive()
              ^^^^^^^^^^^^^^^^^^^^^^^^^^^
  File "/Users/juliareinhart/anaconda3/lib/python3.11/site-packages/anyio/streams/memory.py", line 118, in receive
    raise EndOfStream
anyio.EndOfStream

During handling of the above exception, another exception occurred:

Traceback (most recent call last):
  File "/Users/juliareinhart/anaconda3/lib/python3.11/site-packages/chromadb/server/fastapi/__init__.py", line 78, in catch_exceptions_middleware
    return await call_next(request)
           ^^^^^^^^^^^^^^^^^^^^^^^^
  File "/Users/juliareinhart/anaconda3/lib/python3.11/site-packages/starlette/middleware/base.py", line 156, in call_next
    raise app_exc
  File "/Users/juliareinhart/anaconda3/lib/python3.11/site-packages/starlette/middleware/base.py", line 141, in coro
    await self.app(scope, receive_or_disconnect, send_no_error)
  File "/Users/juliareinhart/anaconda3/lib/python3.11/site-packages/starlette/middleware/base.py", line 178, in __call__
    response = await self.dispatch_func(request, call_next)
               ^^^^^^^^^^^^^^^^^^^^^^^^^^^^^^^^^^^^^^^^^^^^
  File "/Users/juliareinhart/anaconda3/lib/python3.11/site-packages/chromadb/server/fastapi/__init__.py", line 92, in check_http_version_middleware
    return await call_next(request)
           ^^^^^^^^^^^^^^^^^^^^^^^^
  File "/Users/juliareinhart/anaconda3/lib/python3.11/site-packages/starlette/middleware/base.py", line 156, in call_next
    raise app_exc
  File "/Users/juliareinhart/anaconda3/lib/python3.11/site-packages/starlette/middleware/base.py", line 141, in coro
    await self.app(scope, receive_or_disconnect, send_no_error)
  File "/Users/juliareinhart/anaconda3/lib/python3.11/site-packages/starlette/middleware/exceptions.py", line 62, in __call__
    await wrap_app_handling_exceptions(self.app, conn)(scope, receive, send)
  File "/Users/juliareinhart/anaconda3/lib/python3.11/site-packages/starlette/_exception_handler.py", line 53, in wrapped_app
    raise exc
  File "/Users/juliareinhart/anaconda3/lib/python3.11/site-packages/starlette/_exception_handler.py", line 42, in wrapped_app
    await app(scope, receive, sender)
  File "/Users/juliareinhart/anaconda3/lib/python3.11/site-packages/starlette/routing.py", line 714, in __call__
    await self.middleware_stack(scope, receive, send)
  File "/Users/juliareinhart/anaconda3/lib/python3.11/site-packages/starlette/routing.py", line 734, in app
    await route.handle(scope, receive, send)
  File "/Users/juliareinhart/anaconda3/lib/python3.11/site-packages/starlette/routing.py", line 288, in handle
    await self.app(scope, receive, send)
  File "/Users/juliareinhart/anaconda3/lib/python3.11/site-packages/starlette/routing.py", line 76, in app
    await wrap_app_handling_exceptions(app, request)(scope, receive, send)
  File "/Users/juliareinhart/anaconda3/lib/python3.11/site-packages/starlette/_exception_handler.py", line 53, in wrapped_app
    raise exc
  File "/Users/juliareinhart/anaconda3/lib/python3.11/site-packages/starlette/_exception_handler.py", line 42, in wrapped_app
    await app(scope, receive, sender)
  File "/Users/juliareinhart/anaconda3/lib/python3.11/site-packages/starlette/routing.py", line 73, in app
    response = await f(request)
               ^^^^^^^^^^^^^^^^
  File "/Users/juliareinhart/anaconda3/lib/python3.11/site-packages/fastapi/routing.py", line 301, in app
    raw_response = await run_endpoint_function(
                   ^^^^^^^^^^^^^^^^^^^^^^^^^^^^
  File "/Users/juliareinhart/anaconda3/lib/python3.11/site-packages/fastapi/routing.py", line 212, in run_endpoint_function
    return await dependant.call(**values)
           ^^^^^^^^^^^^^^^^^^^^^^^^^^^^^^
  File "/Users/juliareinhart/anaconda3/lib/python3.11/site-packages/chromadb/telemetry/opentelemetry/__init__.py", line 130, in wrapper
    return await f(*args, **kwargs)
           ^^^^^^^^^^^^^^^^^^^^^^^^
  File "/Users/juliareinhart/anaconda3/lib/python3.11/site-packages/chromadb/server/fastapi/__init__.py", line 630, in create_collection
    await to_thread.run_sync(
  File "/Users/juliareinhart/anaconda3/lib/python3.11/site-packages/anyio/to_thread.py", line 33, in run_sync
    return await get_asynclib().run_sync_in_worker_thread(
           ^^^^^^^^^^^^^^^^^^^^^^^^^^^^^^^^^^^^^^^^^^^^^^^
  File "/Users/juliareinhart/anaconda3/lib/python3.11/site-packages/anyio/_backends/_asyncio.py", line 877, in run_sync_in_worker_thread
    return await future
           ^^^^^^^^^^^^
  File "/Users/juliareinhart/anaconda3/lib/python3.11/site-packages/anyio/_backends/_asyncio.py", line 807, in run
    result = context.run(func, *args)
             ^^^^^^^^^^^^^^^^^^^^^^^^
  File "/Users/juliareinhart/anaconda3/lib/python3.11/site-packages/chromadb/server/fastapi/__init__.py", line 620, in process_create_collection
    return self._api.create_collection(
           ^^^^^^^^^^^^^^^^^^^^^^^^^^^^
  File "/Users/juliareinhart/anaconda3/lib/python3.11/site-packages/chromadb/telemetry/opentelemetry/__init__.py", line 143, in wrapper
    return f(*args, **kwargs)
           ^^^^^^^^^^^^^^^^^^
  File "/Users/juliareinhart/anaconda3/lib/python3.11/site-packages/chromadb/api/segment.py", line 173, in create_collection
    coll, created = self._sysdb.create_collection(
                    ^^^^^^^^^^^^^^^^^^^^^^^^^^^^^^
  File "/Users/juliareinhart/anaconda3/lib/python3.11/site-packages/chromadb/telemetry/opentelemetry/__init__.py", line 143, in wrapper
    return f(*args, **kwargs)
           ^^^^^^^^^^^^^^^^^^
  File "/Users/juliareinhart/anaconda3/lib/python3.11/site-packages/chromadb/db/mixins/sysdb.py", line 220, in create_collection
    raise UniqueConstraintError(f"Collection {name} already exists")
chromadb.db.base.UniqueConstraintError: Collection maintstar-docs already exists
[32mINFO[0m:     [29-06-2025 13:07:25] 127.0.0.1:51349 - "POST /api/v1/collections HTTP/1.1" 500
[32mINFO[0m:     [29-06-2025 13:07:28] 127.0.0.1:51349 - "GET /api/v1/collections HTTP/1.1" 200
[32mINFO[0m:     [29-06-2025 13:07:28] 127.0.0.1:51349 - "POST /api/v1/collections/06759ce4-e469-411b-abf9-124c05eb9bf1/add HTTP/1.1" 201
[32mINFO[0m:     [29-06-2025 13:07:28] 127.0.0.1:51349 - "GET /api/v1/collections HTTP/1.1" 200
[31mERROR[0m:    [29-06-2025 13:07:28] Collection maintstar-docs already exists
Traceback (most recent call last):
  File "/Users/juliareinhart/anaconda3/lib/python3.11/site-packages/anyio/streams/memory.py", line 98, in receive
    return self.receive_nowait()
           ^^^^^^^^^^^^^^^^^^^^^
  File "/Users/juliareinhart/anaconda3/lib/python3.11/site-packages/anyio/streams/memory.py", line 93, in receive_nowait
    raise WouldBlock
anyio.WouldBlock

During handling of the above exception, another exception occurred:

Traceback (most recent call last):
  File "/Users/juliareinhart/anaconda3/lib/python3.11/site-packages/starlette/middleware/base.py", line 148, in call_next
    message = await recv_stream.receive()
              ^^^^^^^^^^^^^^^^^^^^^^^^^^^
  File "/Users/juliareinhart/anaconda3/lib/python3.11/site-packages/anyio/streams/memory.py", line 118, in receive
    raise EndOfStream
anyio.EndOfStream

During handling of the above exception, another exception occurred:

Traceback (most recent call last):
  File "/Users/juliareinhart/anaconda3/lib/python3.11/site-packages/chromadb/server/fastapi/__init__.py", line 78, in catch_exceptions_middleware
    return await call_next(request)
           ^^^^^^^^^^^^^^^^^^^^^^^^
  File "/Users/juliareinhart/anaconda3/lib/python3.11/site-packages/starlette/middleware/base.py", line 156, in call_next
    raise app_exc
  File "/Users/juliareinhart/anaconda3/lib/python3.11/site-packages/starlette/middleware/base.py", line 141, in coro
    await self.app(scope, receive_or_disconnect, send_no_error)
  File "/Users/juliareinhart/anaconda3/lib/python3.11/site-packages/starlette/middleware/base.py", line 178, in __call__
    response = await self.dispatch_func(request, call_next)
               ^^^^^^^^^^^^^^^^^^^^^^^^^^^^^^^^^^^^^^^^^^^^
  File "/Users/juliareinhart/anaconda3/lib/python3.11/site-packages/chromadb/server/fastapi/__init__.py", line 92, in check_http_version_middleware
    return await call_next(request)
           ^^^^^^^^^^^^^^^^^^^^^^^^
  File "/Users/juliareinhart/anaconda3/lib/python3.11/site-packages/starlette/middleware/base.py", line 156, in call_next
    raise app_exc
  File "/Users/juliareinhart/anaconda3/lib/python3.11/site-packages/starlette/middleware/base.py", line 141, in coro
    await self.app(scope, receive_or_disconnect, send_no_error)
  File "/Users/juliareinhart/anaconda3/lib/python3.11/site-packages/starlette/middleware/exceptions.py", line 62, in __call__
    await wrap_app_handling_exceptions(self.app, conn)(scope, receive, send)
  File "/Users/juliareinhart/anaconda3/lib/python3.11/site-packages/starlette/_exception_handler.py", line 53, in wrapped_app
    raise exc
  File "/Users/juliareinhart/anaconda3/lib/python3.11/site-packages/starlette/_exception_handler.py", line 42, in wrapped_app
    await app(scope, receive, sender)
  File "/Users/juliareinhart/anaconda3/lib/python3.11/site-packages/starlette/routing.py", line 714, in __call__
    await self.middleware_stack(scope, receive, send)
  File "/Users/juliareinhart/anaconda3/lib/python3.11/site-packages/starlette/routing.py", line 734, in app
    await route.handle(scope, receive, send)
  File "/Users/juliareinhart/anaconda3/lib/python3.11/site-packages/starlette/routing.py", line 288, in handle
    await self.app(scope, receive, send)
  File "/Users/juliareinhart/anaconda3/lib/python3.11/site-packages/starlette/routing.py", line 76, in app
    await wrap_app_handling_exceptions(app, request)(scope, receive, send)
  File "/Users/juliareinhart/anaconda3/lib/python3.11/site-packages/starlette/_exception_handler.py", line 53, in wrapped_app
    raise exc
  File "/Users/juliareinhart/anaconda3/lib/python3.11/site-packages/starlette/_exception_handler.py", line 42, in wrapped_app
    await app(scope, receive, sender)
  File "/Users/juliareinhart/anaconda3/lib/python3.11/site-packages/starlette/routing.py", line 73, in app
    response = await f(request)
               ^^^^^^^^^^^^^^^^
  File "/Users/juliareinhart/anaconda3/lib/python3.11/site-packages/fastapi/routing.py", line 301, in app
    raw_response = await run_endpoint_function(
                   ^^^^^^^^^^^^^^^^^^^^^^^^^^^^
  File "/Users/juliareinhart/anaconda3/lib/python3.11/site-packages/fastapi/routing.py", line 212, in run_endpoint_function
    return await dependant.call(**values)
           ^^^^^^^^^^^^^^^^^^^^^^^^^^^^^^
  File "/Users/juliareinhart/anaconda3/lib/python3.11/site-packages/chromadb/telemetry/opentelemetry/__init__.py", line 130, in wrapper
    return await f(*args, **kwargs)
           ^^^^^^^^^^^^^^^^^^^^^^^^
  File "/Users/juliareinhart/anaconda3/lib/python3.11/site-packages/chromadb/server/fastapi/__init__.py", line 630, in create_collection
    await to_thread.run_sync(
  File "/Users/juliareinhart/anaconda3/lib/python3.11/site-packages/anyio/to_thread.py", line 33, in run_sync
    return await get_asynclib().run_sync_in_worker_thread(
           ^^^^^^^^^^^^^^^^^^^^^^^^^^^^^^^^^^^^^^^^^^^^^^^
  File "/Users/juliareinhart/anaconda3/lib/python3.11/site-packages/anyio/_backends/_asyncio.py", line 877, in run_sync_in_worker_thread
    return await future
           ^^^^^^^^^^^^
  File "/Users/juliareinhart/anaconda3/lib/python3.11/site-packages/anyio/_backends/_asyncio.py", line 807, in run
    result = context.run(func, *args)
             ^^^^^^^^^^^^^^^^^^^^^^^^
  File "/Users/juliareinhart/anaconda3/lib/python3.11/site-packages/chromadb/server/fastapi/__init__.py", line 620, in process_create_collection
    return self._api.create_collection(
           ^^^^^^^^^^^^^^^^^^^^^^^^^^^^
  File "/Users/juliareinhart/anaconda3/lib/python3.11/site-packages/chromadb/telemetry/opentelemetry/__init__.py", line 143, in wrapper
    return f(*args, **kwargs)
           ^^^^^^^^^^^^^^^^^^
  File "/Users/juliareinhart/anaconda3/lib/python3.11/site-packages/chromadb/api/segment.py", line 173, in create_collection
    coll, created = self._sysdb.create_collection(
                    ^^^^^^^^^^^^^^^^^^^^^^^^^^^^^^
  File "/Users/juliareinhart/anaconda3/lib/python3.11/site-packages/chromadb/telemetry/opentelemetry/__init__.py", line 143, in wrapper
    return f(*args, **kwargs)
           ^^^^^^^^^^^^^^^^^^
  File "/Users/juliareinhart/anaconda3/lib/python3.11/site-packages/chromadb/db/mixins/sysdb.py", line 220, in create_collection
    raise UniqueConstraintError(f"Collection {name} already exists")
chromadb.db.base.UniqueConstraintError: Collection maintstar-docs already exists
[32mINFO[0m:     [29-06-2025 13:07:28] 127.0.0.1:51349 - "POST /api/v1/collections HTTP/1.1" 500
[32mINFO[0m:     [29-06-2025 13:07:29] 127.0.0.1:51349 - "GET /api/v1/collections HTTP/1.1" 200
[32mINFO[0m:     [29-06-2025 13:07:29] 127.0.0.1:51349 - "POST /api/v1/collections/06759ce4-e469-411b-abf9-124c05eb9bf1/add HTTP/1.1" 201
[32mINFO[0m:     [29-06-2025 13:07:29] 127.0.0.1:51349 - "GET /api/v1/collections HTTP/1.1" 200
[31mERROR[0m:    [29-06-2025 13:07:29] Collection maintstar-docs already exists
Traceback (most recent call last):
  File "/Users/juliareinhart/anaconda3/lib/python3.11/site-packages/anyio/streams/memory.py", line 98, in receive
    return self.receive_nowait()
           ^^^^^^^^^^^^^^^^^^^^^
  File "/Users/juliareinhart/anaconda3/lib/python3.11/site-packages/anyio/streams/memory.py", line 93, in receive_nowait
    raise WouldBlock
anyio.WouldBlock

During handling of the above exception, another exception occurred:

Traceback (most recent call last):
  File "/Users/juliareinhart/anaconda3/lib/python3.11/site-packages/starlette/middleware/base.py", line 148, in call_next
    message = await recv_stream.receive()
              ^^^^^^^^^^^^^^^^^^^^^^^^^^^
  File "/Users/juliareinhart/anaconda3/lib/python3.11/site-packages/anyio/streams/memory.py", line 118, in receive
    raise EndOfStream
anyio.EndOfStream

During handling of the above exception, another exception occurred:

Traceback (most recent call last):
  File "/Users/juliareinhart/anaconda3/lib/python3.11/site-packages/chromadb/server/fastapi/__init__.py", line 78, in catch_exceptions_middleware
    return await call_next(request)
           ^^^^^^^^^^^^^^^^^^^^^^^^
  File "/Users/juliareinhart/anaconda3/lib/python3.11/site-packages/starlette/middleware/base.py", line 156, in call_next
    raise app_exc
  File "/Users/juliareinhart/anaconda3/lib/python3.11/site-packages/starlette/middleware/base.py", line 141, in coro
    await self.app(scope, receive_or_disconnect, send_no_error)
  File "/Users/juliareinhart/anaconda3/lib/python3.11/site-packages/starlette/middleware/base.py", line 178, in __call__
    response = await self.dispatch_func(request, call_next)
               ^^^^^^^^^^^^^^^^^^^^^^^^^^^^^^^^^^^^^^^^^^^^
  File "/Users/juliareinhart/anaconda3/lib/python3.11/site-packages/chromadb/server/fastapi/__init__.py", line 92, in check_http_version_middleware
    return await call_next(request)
           ^^^^^^^^^^^^^^^^^^^^^^^^
  File "/Users/juliareinhart/anaconda3/lib/python3.11/site-packages/starlette/middleware/base.py", line 156, in call_next
    raise app_exc
  File "/Users/juliareinhart/anaconda3/lib/python3.11/site-packages/starlette/middleware/base.py", line 141, in coro
    await self.app(scope, receive_or_disconnect, send_no_error)
  File "/Users/juliareinhart/anaconda3/lib/python3.11/site-packages/starlette/middleware/exceptions.py", line 62, in __call__
    await wrap_app_handling_exceptions(self.app, conn)(scope, receive, send)
  File "/Users/juliareinhart/anaconda3/lib/python3.11/site-packages/starlette/_exception_handler.py", line 53, in wrapped_app
    raise exc
  File "/Users/juliareinhart/anaconda3/lib/python3.11/site-packages/starlette/_exception_handler.py", line 42, in wrapped_app
    await app(scope, receive, sender)
  File "/Users/juliareinhart/anaconda3/lib/python3.11/site-packages/starlette/routing.py", line 714, in __call__
    await self.middleware_stack(scope, receive, send)
  File "/Users/juliareinhart/anaconda3/lib/python3.11/site-packages/starlette/routing.py", line 734, in app
    await route.handle(scope, receive, send)
  File "/Users/juliareinhart/anaconda3/lib/python3.11/site-packages/starlette/routing.py", line 288, in handle
    await self.app(scope, receive, send)
  File "/Users/juliareinhart/anaconda3/lib/python3.11/site-packages/starlette/routing.py", line 76, in app
    await wrap_app_handling_exceptions(app, request)(scope, receive, send)
  File "/Users/juliareinhart/anaconda3/lib/python3.11/site-packages/starlette/_exception_handler.py", line 53, in wrapped_app
    raise exc
  File "/Users/juliareinhart/anaconda3/lib/python3.11/site-packages/starlette/_exception_handler.py", line 42, in wrapped_app
    await app(scope, receive, sender)
  File "/Users/juliareinhart/anaconda3/lib/python3.11/site-packages/starlette/routing.py", line 73, in app
    response = await f(request)
               ^^^^^^^^^^^^^^^^
  File "/Users/juliareinhart/anaconda3/lib/python3.11/site-packages/fastapi/routing.py", line 301, in app
    raw_response = await run_endpoint_function(
                   ^^^^^^^^^^^^^^^^^^^^^^^^^^^^
  File "/Users/juliareinhart/anaconda3/lib/python3.11/site-packages/fastapi/routing.py", line 212, in run_endpoint_function
    return await dependant.call(**values)
           ^^^^^^^^^^^^^^^^^^^^^^^^^^^^^^
  File "/Users/juliareinhart/anaconda3/lib/python3.11/site-packages/chromadb/telemetry/opentelemetry/__init__.py", line 130, in wrapper
    return await f(*args, **kwargs)
           ^^^^^^^^^^^^^^^^^^^^^^^^
  File "/Users/juliareinhart/anaconda3/lib/python3.11/site-packages/chromadb/server/fastapi/__init__.py", line 630, in create_collection
    await to_thread.run_sync(
  File "/Users/juliareinhart/anaconda3/lib/python3.11/site-packages/anyio/to_thread.py", line 33, in run_sync
    return await get_asynclib().run_sync_in_worker_thread(
           ^^^^^^^^^^^^^^^^^^^^^^^^^^^^^^^^^^^^^^^^^^^^^^^
  File "/Users/juliareinhart/anaconda3/lib/python3.11/site-packages/anyio/_backends/_asyncio.py", line 877, in run_sync_in_worker_thread
    return await future
           ^^^^^^^^^^^^
  File "/Users/juliareinhart/anaconda3/lib/python3.11/site-packages/anyio/_backends/_asyncio.py", line 807, in run
    result = context.run(func, *args)
             ^^^^^^^^^^^^^^^^^^^^^^^^
  File "/Users/juliareinhart/anaconda3/lib/python3.11/site-packages/chromadb/server/fastapi/__init__.py", line 620, in process_create_collection
    return self._api.create_collection(
           ^^^^^^^^^^^^^^^^^^^^^^^^^^^^
  File "/Users/juliareinhart/anaconda3/lib/python3.11/site-packages/chromadb/telemetry/opentelemetry/__init__.py", line 143, in wrapper
    return f(*args, **kwargs)
           ^^^^^^^^^^^^^^^^^^
  File "/Users/juliareinhart/anaconda3/lib/python3.11/site-packages/chromadb/api/segment.py", line 173, in create_collection
    coll, created = self._sysdb.create_collection(
                    ^^^^^^^^^^^^^^^^^^^^^^^^^^^^^^
  File "/Users/juliareinhart/anaconda3/lib/python3.11/site-packages/chromadb/telemetry/opentelemetry/__init__.py", line 143, in wrapper
    return f(*args, **kwargs)
           ^^^^^^^^^^^^^^^^^^
  File "/Users/juliareinhart/anaconda3/lib/python3.11/site-packages/chromadb/db/mixins/sysdb.py", line 220, in create_collection
    raise UniqueConstraintError(f"Collection {name} already exists")
chromadb.db.base.UniqueConstraintError: Collection maintstar-docs already exists
[32mINFO[0m:     [29-06-2025 13:07:29] 127.0.0.1:51349 - "POST /api/v1/collections HTTP/1.1" 500
[32mINFO[0m:     [29-06-2025 13:07:30] 127.0.0.1:51349 - "GET /api/v1/collections HTTP/1.1" 200
[32mINFO[0m:     [29-06-2025 13:07:30] 127.0.0.1:51349 - "POST /api/v1/collections/06759ce4-e469-411b-abf9-124c05eb9bf1/add HTTP/1.1" 201
[32mINFO[0m:     [29-06-2025 13:07:30] 127.0.0.1:51349 - "GET /api/v1/collections HTTP/1.1" 200
[31mERROR[0m:    [29-06-2025 13:07:30] Collection maintstar-docs already exists
Traceback (most recent call last):
  File "/Users/juliareinhart/anaconda3/lib/python3.11/site-packages/anyio/streams/memory.py", line 98, in receive
    return self.receive_nowait()
           ^^^^^^^^^^^^^^^^^^^^^
  File "/Users/juliareinhart/anaconda3/lib/python3.11/site-packages/anyio/streams/memory.py", line 93, in receive_nowait
    raise WouldBlock
anyio.WouldBlock

During handling of the above exception, another exception occurred:

Traceback (most recent call last):
  File "/Users/juliareinhart/anaconda3/lib/python3.11/site-packages/starlette/middleware/base.py", line 148, in call_next
    message = await recv_stream.receive()
              ^^^^^^^^^^^^^^^^^^^^^^^^^^^
  File "/Users/juliareinhart/anaconda3/lib/python3.11/site-packages/anyio/streams/memory.py", line 118, in receive
    raise EndOfStream
anyio.EndOfStream

During handling of the above exception, another exception occurred:

Traceback (most recent call last):
  File "/Users/juliareinhart/anaconda3/lib/python3.11/site-packages/chromadb/server/fastapi/__init__.py", line 78, in catch_exceptions_middleware
    return await call_next(request)
           ^^^^^^^^^^^^^^^^^^^^^^^^
  File "/Users/juliareinhart/anaconda3/lib/python3.11/site-packages/starlette/middleware/base.py", line 156, in call_next
    raise app_exc
  File "/Users/juliareinhart/anaconda3/lib/python3.11/site-packages/starlette/middleware/base.py", line 141, in coro
    await self.app(scope, receive_or_disconnect, send_no_error)
  File "/Users/juliareinhart/anaconda3/lib/python3.11/site-packages/starlette/middleware/base.py", line 178, in __call__
    response = await self.dispatch_func(request, call_next)
               ^^^^^^^^^^^^^^^^^^^^^^^^^^^^^^^^^^^^^^^^^^^^
  File "/Users/juliareinhart/anaconda3/lib/python3.11/site-packages/chromadb/server/fastapi/__init__.py", line 92, in check_http_version_middleware
    return await call_next(request)
           ^^^^^^^^^^^^^^^^^^^^^^^^
  File "/Users/juliareinhart/anaconda3/lib/python3.11/site-packages/starlette/middleware/base.py", line 156, in call_next
    raise app_exc
  File "/Users/juliareinhart/anaconda3/lib/python3.11/site-packages/starlette/middleware/base.py", line 141, in coro
    await self.app(scope, receive_or_disconnect, send_no_error)
  File "/Users/juliareinhart/anaconda3/lib/python3.11/site-packages/starlette/middleware/exceptions.py", line 62, in __call__
    await wrap_app_handling_exceptions(self.app, conn)(scope, receive, send)
  File "/Users/juliareinhart/anaconda3/lib/python3.11/site-packages/starlette/_exception_handler.py", line 53, in wrapped_app
    raise exc
  File "/Users/juliareinhart/anaconda3/lib/python3.11/site-packages/starlette/_exception_handler.py", line 42, in wrapped_app
    await app(scope, receive, sender)
  File "/Users/juliareinhart/anaconda3/lib/python3.11/site-packages/starlette/routing.py", line 714, in __call__
    await self.middleware_stack(scope, receive, send)
  File "/Users/juliareinhart/anaconda3/lib/python3.11/site-packages/starlette/routing.py", line 734, in app
    await route.handle(scope, receive, send)
  File "/Users/juliareinhart/anaconda3/lib/python3.11/site-packages/starlette/routing.py", line 288, in handle
    await self.app(scope, receive, send)
  File "/Users/juliareinhart/anaconda3/lib/python3.11/site-packages/starlette/routing.py", line 76, in app
    await wrap_app_handling_exceptions(app, request)(scope, receive, send)
  File "/Users/juliareinhart/anaconda3/lib/python3.11/site-packages/starlette/_exception_handler.py", line 53, in wrapped_app
    raise exc
  File "/Users/juliareinhart/anaconda3/lib/python3.11/site-packages/starlette/_exception_handler.py", line 42, in wrapped_app
    await app(scope, receive, sender)
  File "/Users/juliareinhart/anaconda3/lib/python3.11/site-packages/starlette/routing.py", line 73, in app
    response = await f(request)
               ^^^^^^^^^^^^^^^^
  File "/Users/juliareinhart/anaconda3/lib/python3.11/site-packages/fastapi/routing.py", line 301, in app
    raw_response = await run_endpoint_function(
                   ^^^^^^^^^^^^^^^^^^^^^^^^^^^^
  File "/Users/juliareinhart/anaconda3/lib/python3.11/site-packages/fastapi/routing.py", line 212, in run_endpoint_function
    return await dependant.call(**values)
           ^^^^^^^^^^^^^^^^^^^^^^^^^^^^^^
  File "/Users/juliareinhart/anaconda3/lib/python3.11/site-packages/chromadb/telemetry/opentelemetry/__init__.py", line 130, in wrapper
    return await f(*args, **kwargs)
           ^^^^^^^^^^^^^^^^^^^^^^^^
  File "/Users/juliareinhart/anaconda3/lib/python3.11/site-packages/chromadb/server/fastapi/__init__.py", line 630, in create_collection
    await to_thread.run_sync(
  File "/Users/juliareinhart/anaconda3/lib/python3.11/site-packages/anyio/to_thread.py", line 33, in run_sync
    return await get_asynclib().run_sync_in_worker_thread(
           ^^^^^^^^^^^^^^^^^^^^^^^^^^^^^^^^^^^^^^^^^^^^^^^
  File "/Users/juliareinhart/anaconda3/lib/python3.11/site-packages/anyio/_backends/_asyncio.py", line 877, in run_sync_in_worker_thread
    return await future
           ^^^^^^^^^^^^
  File "/Users/juliareinhart/anaconda3/lib/python3.11/site-packages/anyio/_backends/_asyncio.py", line 807, in run
    result = context.run(func, *args)
             ^^^^^^^^^^^^^^^^^^^^^^^^
  File "/Users/juliareinhart/anaconda3/lib/python3.11/site-packages/chromadb/server/fastapi/__init__.py", line 620, in process_create_collection
    return self._api.create_collection(
           ^^^^^^^^^^^^^^^^^^^^^^^^^^^^
  File "/Users/juliareinhart/anaconda3/lib/python3.11/site-packages/chromadb/telemetry/opentelemetry/__init__.py", line 143, in wrapper
    return f(*args, **kwargs)
           ^^^^^^^^^^^^^^^^^^
  File "/Users/juliareinhart/anaconda3/lib/python3.11/site-packages/chromadb/api/segment.py", line 173, in create_collection
    coll, created = self._sysdb.create_collection(
                    ^^^^^^^^^^^^^^^^^^^^^^^^^^^^^^
  File "/Users/juliareinhart/anaconda3/lib/python3.11/site-packages/chromadb/telemetry/opentelemetry/__init__.py", line 143, in wrapper
    return f(*args, **kwargs)
           ^^^^^^^^^^^^^^^^^^
  File "/Users/juliareinhart/anaconda3/lib/python3.11/site-packages/chromadb/db/mixins/sysdb.py", line 220, in create_collection
    raise UniqueConstraintError(f"Collection {name} already exists")
chromadb.db.base.UniqueConstraintError: Collection maintstar-docs already exists
[32mINFO[0m:     [29-06-2025 13:07:30] 127.0.0.1:51349 - "POST /api/v1/collections HTTP/1.1" 500
[32mINFO[0m:     [29-06-2025 13:07:32] 127.0.0.1:51349 - "GET /api/v1/collections HTTP/1.1" 200
[32mINFO[0m:     [29-06-2025 13:07:32] 127.0.0.1:51349 - "POST /api/v1/collections/06759ce4-e469-411b-abf9-124c05eb9bf1/add HTTP/1.1" 201
[32mINFO[0m:     [29-06-2025 13:07:32] 127.0.0.1:51349 - "GET /api/v1/collections HTTP/1.1" 200
[31mERROR[0m:    [29-06-2025 13:07:32] Collection maintstar-docs already exists
Traceback (most recent call last):
  File "/Users/juliareinhart/anaconda3/lib/python3.11/site-packages/anyio/streams/memory.py", line 98, in receive
    return self.receive_nowait()
           ^^^^^^^^^^^^^^^^^^^^^
  File "/Users/juliareinhart/anaconda3/lib/python3.11/site-packages/anyio/streams/memory.py", line 93, in receive_nowait
    raise WouldBlock
anyio.WouldBlock

During handling of the above exception, another exception occurred:

Traceback (most recent call last):
  File "/Users/juliareinhart/anaconda3/lib/python3.11/site-packages/starlette/middleware/base.py", line 148, in call_next
    message = await recv_stream.receive()
              ^^^^^^^^^^^^^^^^^^^^^^^^^^^
  File "/Users/juliareinhart/anaconda3/lib/python3.11/site-packages/anyio/streams/memory.py", line 118, in receive
    raise EndOfStream
anyio.EndOfStream

During handling of the above exception, another exception occurred:

Traceback (most recent call last):
  File "/Users/juliareinhart/anaconda3/lib/python3.11/site-packages/chromadb/server/fastapi/__init__.py", line 78, in catch_exceptions_middleware
    return await call_next(request)
           ^^^^^^^^^^^^^^^^^^^^^^^^
  File "/Users/juliareinhart/anaconda3/lib/python3.11/site-packages/starlette/middleware/base.py", line 156, in call_next
    raise app_exc
  File "/Users/juliareinhart/anaconda3/lib/python3.11/site-packages/starlette/middleware/base.py", line 141, in coro
    await self.app(scope, receive_or_disconnect, send_no_error)
  File "/Users/juliareinhart/anaconda3/lib/python3.11/site-packages/starlette/middleware/base.py", line 178, in __call__
    response = await self.dispatch_func(request, call_next)
               ^^^^^^^^^^^^^^^^^^^^^^^^^^^^^^^^^^^^^^^^^^^^
  File "/Users/juliareinhart/anaconda3/lib/python3.11/site-packages/chromadb/server/fastapi/__init__.py", line 92, in check_http_version_middleware
    return await call_next(request)
           ^^^^^^^^^^^^^^^^^^^^^^^^
  File "/Users/juliareinhart/anaconda3/lib/python3.11/site-packages/starlette/middleware/base.py", line 156, in call_next
    raise app_exc
  File "/Users/juliareinhart/anaconda3/lib/python3.11/site-packages/starlette/middleware/base.py", line 141, in coro
    await self.app(scope, receive_or_disconnect, send_no_error)
  File "/Users/juliareinhart/anaconda3/lib/python3.11/site-packages/starlette/middleware/exceptions.py", line 62, in __call__
    await wrap_app_handling_exceptions(self.app, conn)(scope, receive, send)
  File "/Users/juliareinhart/anaconda3/lib/python3.11/site-packages/starlette/_exception_handler.py", line 53, in wrapped_app
    raise exc
  File "/Users/juliareinhart/anaconda3/lib/python3.11/site-packages/starlette/_exception_handler.py", line 42, in wrapped_app
    await app(scope, receive, sender)
  File "/Users/juliareinhart/anaconda3/lib/python3.11/site-packages/starlette/routing.py", line 714, in __call__
    await self.middleware_stack(scope, receive, send)
  File "/Users/juliareinhart/anaconda3/lib/python3.11/site-packages/starlette/routing.py", line 734, in app
    await route.handle(scope, receive, send)
  File "/Users/juliareinhart/anaconda3/lib/python3.11/site-packages/starlette/routing.py", line 288, in handle
    await self.app(scope, receive, send)
  File "/Users/juliareinhart/anaconda3/lib/python3.11/site-packages/starlette/routing.py", line 76, in app
    await wrap_app_handling_exceptions(app, request)(scope, receive, send)
  File "/Users/juliareinhart/anaconda3/lib/python3.11/site-packages/starlette/_exception_handler.py", line 53, in wrapped_app
    raise exc
  File "/Users/juliareinhart/anaconda3/lib/python3.11/site-packages/starlette/_exception_handler.py", line 42, in wrapped_app
    await app(scope, receive, sender)
  File "/Users/juliareinhart/anaconda3/lib/python3.11/site-packages/starlette/routing.py", line 73, in app
    response = await f(request)
               ^^^^^^^^^^^^^^^^
  File "/Users/juliareinhart/anaconda3/lib/python3.11/site-packages/fastapi/routing.py", line 301, in app
    raw_response = await run_endpoint_function(
                   ^^^^^^^^^^^^^^^^^^^^^^^^^^^^
  File "/Users/juliareinhart/anaconda3/lib/python3.11/site-packages/fastapi/routing.py", line 212, in run_endpoint_function
    return await dependant.call(**values)
           ^^^^^^^^^^^^^^^^^^^^^^^^^^^^^^
  File "/Users/juliareinhart/anaconda3/lib/python3.11/site-packages/chromadb/telemetry/opentelemetry/__init__.py", line 130, in wrapper
    return await f(*args, **kwargs)
           ^^^^^^^^^^^^^^^^^^^^^^^^
  File "/Users/juliareinhart/anaconda3/lib/python3.11/site-packages/chromadb/server/fastapi/__init__.py", line 630, in create_collection
    await to_thread.run_sync(
  File "/Users/juliareinhart/anaconda3/lib/python3.11/site-packages/anyio/to_thread.py", line 33, in run_sync
    return await get_asynclib().run_sync_in_worker_thread(
           ^^^^^^^^^^^^^^^^^^^^^^^^^^^^^^^^^^^^^^^^^^^^^^^
  File "/Users/juliareinhart/anaconda3/lib/python3.11/site-packages/anyio/_backends/_asyncio.py", line 877, in run_sync_in_worker_thread
    return await future
           ^^^^^^^^^^^^
  File "/Users/juliareinhart/anaconda3/lib/python3.11/site-packages/anyio/_backends/_asyncio.py", line 807, in run
    result = context.run(func, *args)
             ^^^^^^^^^^^^^^^^^^^^^^^^
  File "/Users/juliareinhart/anaconda3/lib/python3.11/site-packages/chromadb/server/fastapi/__init__.py", line 620, in process_create_collection
    return self._api.create_collection(
           ^^^^^^^^^^^^^^^^^^^^^^^^^^^^
  File "/Users/juliareinhart/anaconda3/lib/python3.11/site-packages/chromadb/telemetry/opentelemetry/__init__.py", line 143, in wrapper
    return f(*args, **kwargs)
           ^^^^^^^^^^^^^^^^^^
  File "/Users/juliareinhart/anaconda3/lib/python3.11/site-packages/chromadb/api/segment.py", line 173, in create_collection
    coll, created = self._sysdb.create_collection(
                    ^^^^^^^^^^^^^^^^^^^^^^^^^^^^^^
  File "/Users/juliareinhart/anaconda3/lib/python3.11/site-packages/chromadb/telemetry/opentelemetry/__init__.py", line 143, in wrapper
    return f(*args, **kwargs)
           ^^^^^^^^^^^^^^^^^^
  File "/Users/juliareinhart/anaconda3/lib/python3.11/site-packages/chromadb/db/mixins/sysdb.py", line 220, in create_collection
    raise UniqueConstraintError(f"Collection {name} already exists")
chromadb.db.base.UniqueConstraintError: Collection maintstar-docs already exists
[32mINFO[0m:     [29-06-2025 13:07:32] 127.0.0.1:51349 - "POST /api/v1/collections HTTP/1.1" 500
[32mINFO[0m:     [29-06-2025 13:07:34] 127.0.0.1:51349 - "GET /api/v1/collections HTTP/1.1" 200
[32mINFO[0m:     [29-06-2025 13:07:34] 127.0.0.1:51349 - "POST /api/v1/collections/06759ce4-e469-411b-abf9-124c05eb9bf1/add HTTP/1.1" 201
[32mINFO[0m:     [29-06-2025 13:09:30] 127.0.0.1:51370 - "GET /api/v1/collections HTTP/1.1" 200
[32mINFO[0m:     [29-06-2025 13:09:30] 127.0.0.1:51370 - "POST /api/v1/collections/06759ce4-e469-411b-abf9-124c05eb9bf1/query HTTP/1.1" 200
[32mINFO[0m:     [29-06-2025 13:09:35] 127.0.0.1:51370 - "GET /api/v1/collections HTTP/1.1" 200
[32mINFO[0m:     [29-06-2025 13:09:35] 127.0.0.1:51370 - "POST /api/v1/collections/06759ce4-e469-411b-abf9-124c05eb9bf1/query HTTP/1.1" 200
[32mINFO[0m:     [29-06-2025 13:09:37] 127.0.0.1:51370 - "GET /api/v1/collections HTTP/1.1" 200
[32mINFO[0m:     [29-06-2025 13:09:37] 127.0.0.1:51370 - "POST /api/v1/collections/06759ce4-e469-411b-abf9-124c05eb9bf1/query HTTP/1.1" 200
[32mINFO[0m:     [29-06-2025 13:09:39] 127.0.0.1:51370 - "GET /api/v1/collections HTTP/1.1" 200
[32mINFO[0m:     [29-06-2025 13:09:39] 127.0.0.1:51370 - "POST /api/v1/collections/06759ce4-e469-411b-abf9-124c05eb9bf1/query HTTP/1.1" 200
[32mINFO[0m:     [29-06-2025 13:09:43] 127.0.0.1:51370 - "GET /api/v1/collections HTTP/1.1" 200
[32mINFO[0m:     [29-06-2025 13:09:43] 127.0.0.1:51370 - "POST /api/v1/collections/06759ce4-e469-411b-abf9-124c05eb9bf1/query HTTP/1.1" 200
[32mINFO[0m:     [29-06-2025 13:09:45] 127.0.0.1:51370 - "GET /api/v1/collections HTTP/1.1" 200
[32mINFO[0m:     [29-06-2025 13:09:45] 127.0.0.1:51370 - "POST /api/v1/collections/06759ce4-e469-411b-abf9-124c05eb9bf1/query HTTP/1.1" 200
[32mINFO[0m:     [29-06-2025 13:09:49] 127.0.0.1:51370 - "GET /api/v1/collections HTTP/1.1" 200
[32mINFO[0m:     [29-06-2025 13:09:49] 127.0.0.1:51370 - "POST /api/v1/collections/06759ce4-e469-411b-abf9-124c05eb9bf1/query HTTP/1.1" 200
[32mINFO[0m:     [29-06-2025 13:09:52] 127.0.0.1:51370 - "GET /api/v1/collections HTTP/1.1" 200
[32mINFO[0m:     [29-06-2025 13:09:52] 127.0.0.1:51370 - "POST /api/v1/collections/06759ce4-e469-411b-abf9-124c05eb9bf1/query HTTP/1.1" 200
[32mINFO[0m:     [29-06-2025 13:09:53] 127.0.0.1:51370 - "GET /api/v1/collections HTTP/1.1" 200
[32mINFO[0m:     [29-06-2025 13:09:53] 127.0.0.1:51370 - "POST /api/v1/collections/06759ce4-e469-411b-abf9-124c05eb9bf1/query HTTP/1.1" 200
[32mINFO[0m:     [29-06-2025 13:09:55] 127.0.0.1:51370 - "GET /api/v1/collections HTTP/1.1" 200
[32mINFO[0m:     [29-06-2025 13:09:55] 127.0.0.1:51370 - "POST /api/v1/collections/06759ce4-e469-411b-abf9-124c05eb9bf1/query HTTP/1.1" 200
[32mINFO[0m:     [29-06-2025 13:09:57] 127.0.0.1:51370 - "GET /api/v1/collections HTTP/1.1" 200
[32mINFO[0m:     [29-06-2025 13:09:57] 127.0.0.1:51370 - "POST /api/v1/collections/06759ce4-e469-411b-abf9-124c05eb9bf1/query HTTP/1.1" 200
[32mINFO[0m:     [29-06-2025 13:10:00] 127.0.0.1:51370 - "GET /api/v1/collections HTTP/1.1" 200
[32mINFO[0m:     [29-06-2025 13:10:00] 127.0.0.1:51370 - "POST /api/v1/collections/06759ce4-e469-411b-abf9-124c05eb9bf1/query HTTP/1.1" 200
[32mINFO[0m:     [29-06-2025 13:10:02] 127.0.0.1:51370 - "GET /api/v1/collections HTTP/1.1" 200
[32mINFO[0m:     [29-06-2025 13:10:02] 127.0.0.1:51370 - "POST /api/v1/collections/06759ce4-e469-411b-abf9-124c05eb9bf1/query HTTP/1.1" 200
[32mINFO[0m:     [29-06-2025 13:10:05] 127.0.0.1:51370 - "GET /api/v1/collections HTTP/1.1" 200
[32mINFO[0m:     [29-06-2025 13:10:05] 127.0.0.1:51370 - "POST /api/v1/collections/06759ce4-e469-411b-abf9-124c05eb9bf1/query HTTP/1.1" 200
[32mINFO[0m:     [29-06-2025 13:10:07] 127.0.0.1:51370 - "GET /api/v1/collections HTTP/1.1" 200
[32mINFO[0m:     [29-06-2025 13:10:07] 127.0.0.1:51370 - "POST /api/v1/collections/06759ce4-e469-411b-abf9-124c05eb9bf1/query HTTP/1.1" 200
[32mINFO[0m:     [29-06-2025 13:10:09] 127.0.0.1:51370 - "GET /api/v1/collections HTTP/1.1" 200
[32mINFO[0m:     [29-06-2025 13:10:09] 127.0.0.1:51370 - "POST /api/v1/collections/06759ce4-e469-411b-abf9-124c05eb9bf1/query HTTP/1.1" 200
[32mINFO[0m:     [29-06-2025 13:11:56] 127.0.0.1:51410 - "GET /api/v1/collections HTTP/1.1" 200
[31mERROR[0m:    [29-06-2025 13:11:56] Collection maintstar-docs already exists
Traceback (most recent call last):
  File "/Users/juliareinhart/anaconda3/lib/python3.11/site-packages/anyio/streams/memory.py", line 98, in receive
    return self.receive_nowait()
           ^^^^^^^^^^^^^^^^^^^^^
  File "/Users/juliareinhart/anaconda3/lib/python3.11/site-packages/anyio/streams/memory.py", line 93, in receive_nowait
    raise WouldBlock
anyio.WouldBlock

During handling of the above exception, another exception occurred:

Traceback (most recent call last):
  File "/Users/juliareinhart/anaconda3/lib/python3.11/site-packages/starlette/middleware/base.py", line 148, in call_next
    message = await recv_stream.receive()
              ^^^^^^^^^^^^^^^^^^^^^^^^^^^
  File "/Users/juliareinhart/anaconda3/lib/python3.11/site-packages/anyio/streams/memory.py", line 118, in receive
    raise EndOfStream
anyio.EndOfStream

During handling of the above exception, another exception occurred:

Traceback (most recent call last):
  File "/Users/juliareinhart/anaconda3/lib/python3.11/site-packages/chromadb/server/fastapi/__init__.py", line 78, in catch_exceptions_middleware
    return await call_next(request)
           ^^^^^^^^^^^^^^^^^^^^^^^^
  File "/Users/juliareinhart/anaconda3/lib/python3.11/site-packages/starlette/middleware/base.py", line 156, in call_next
    raise app_exc
  File "/Users/juliareinhart/anaconda3/lib/python3.11/site-packages/starlette/middleware/base.py", line 141, in coro
    await self.app(scope, receive_or_disconnect, send_no_error)
  File "/Users/juliareinhart/anaconda3/lib/python3.11/site-packages/starlette/middleware/base.py", line 178, in __call__
    response = await self.dispatch_func(request, call_next)
               ^^^^^^^^^^^^^^^^^^^^^^^^^^^^^^^^^^^^^^^^^^^^
  File "/Users/juliareinhart/anaconda3/lib/python3.11/site-packages/chromadb/server/fastapi/__init__.py", line 92, in check_http_version_middleware
    return await call_next(request)
           ^^^^^^^^^^^^^^^^^^^^^^^^
  File "/Users/juliareinhart/anaconda3/lib/python3.11/site-packages/starlette/middleware/base.py", line 156, in call_next
    raise app_exc
  File "/Users/juliareinhart/anaconda3/lib/python3.11/site-packages/starlette/middleware/base.py", line 141, in coro
    await self.app(scope, receive_or_disconnect, send_no_error)
  File "/Users/juliareinhart/anaconda3/lib/python3.11/site-packages/starlette/middleware/exceptions.py", line 62, in __call__
    await wrap_app_handling_exceptions(self.app, conn)(scope, receive, send)
  File "/Users/juliareinhart/anaconda3/lib/python3.11/site-packages/starlette/_exception_handler.py", line 53, in wrapped_app
    raise exc
  File "/Users/juliareinhart/anaconda3/lib/python3.11/site-packages/starlette/_exception_handler.py", line 42, in wrapped_app
    await app(scope, receive, sender)
  File "/Users/juliareinhart/anaconda3/lib/python3.11/site-packages/starlette/routing.py", line 714, in __call__
    await self.middleware_stack(scope, receive, send)
  File "/Users/juliareinhart/anaconda3/lib/python3.11/site-packages/starlette/routing.py", line 734, in app
    await route.handle(scope, receive, send)
  File "/Users/juliareinhart/anaconda3/lib/python3.11/site-packages/starlette/routing.py", line 288, in handle
    await self.app(scope, receive, send)
  File "/Users/juliareinhart/anaconda3/lib/python3.11/site-packages/starlette/routing.py", line 76, in app
    await wrap_app_handling_exceptions(app, request)(scope, receive, send)
  File "/Users/juliareinhart/anaconda3/lib/python3.11/site-packages/starlette/_exception_handler.py", line 53, in wrapped_app
    raise exc
  File "/Users/juliareinhart/anaconda3/lib/python3.11/site-packages/starlette/_exception_handler.py", line 42, in wrapped_app
    await app(scope, receive, sender)
  File "/Users/juliareinhart/anaconda3/lib/python3.11/site-packages/starlette/routing.py", line 73, in app
    response = await f(request)
               ^^^^^^^^^^^^^^^^
  File "/Users/juliareinhart/anaconda3/lib/python3.11/site-packages/fastapi/routing.py", line 301, in app
    raw_response = await run_endpoint_function(
                   ^^^^^^^^^^^^^^^^^^^^^^^^^^^^
  File "/Users/juliareinhart/anaconda3/lib/python3.11/site-packages/fastapi/routing.py", line 212, in run_endpoint_function
    return await dependant.call(**values)
           ^^^^^^^^^^^^^^^^^^^^^^^^^^^^^^
  File "/Users/juliareinhart/anaconda3/lib/python3.11/site-packages/chromadb/telemetry/opentelemetry/__init__.py", line 130, in wrapper
    return await f(*args, **kwargs)
           ^^^^^^^^^^^^^^^^^^^^^^^^
  File "/Users/juliareinhart/anaconda3/lib/python3.11/site-packages/chromadb/server/fastapi/__init__.py", line 630, in create_collection
    await to_thread.run_sync(
  File "/Users/juliareinhart/anaconda3/lib/python3.11/site-packages/anyio/to_thread.py", line 33, in run_sync
    return await get_asynclib().run_sync_in_worker_thread(
           ^^^^^^^^^^^^^^^^^^^^^^^^^^^^^^^^^^^^^^^^^^^^^^^
  File "/Users/juliareinhart/anaconda3/lib/python3.11/site-packages/anyio/_backends/_asyncio.py", line 877, in run_sync_in_worker_thread
    return await future
           ^^^^^^^^^^^^
  File "/Users/juliareinhart/anaconda3/lib/python3.11/site-packages/anyio/_backends/_asyncio.py", line 807, in run
    result = context.run(func, *args)
             ^^^^^^^^^^^^^^^^^^^^^^^^
  File "/Users/juliareinhart/anaconda3/lib/python3.11/site-packages/chromadb/server/fastapi/__init__.py", line 620, in process_create_collection
    return self._api.create_collection(
           ^^^^^^^^^^^^^^^^^^^^^^^^^^^^
  File "/Users/juliareinhart/anaconda3/lib/python3.11/site-packages/chromadb/telemetry/opentelemetry/__init__.py", line 143, in wrapper
    return f(*args, **kwargs)
           ^^^^^^^^^^^^^^^^^^
  File "/Users/juliareinhart/anaconda3/lib/python3.11/site-packages/chromadb/api/segment.py", line 173, in create_collection
    coll, created = self._sysdb.create_collection(
                    ^^^^^^^^^^^^^^^^^^^^^^^^^^^^^^
  File "/Users/juliareinhart/anaconda3/lib/python3.11/site-packages/chromadb/telemetry/opentelemetry/__init__.py", line 143, in wrapper
    return f(*args, **kwargs)
           ^^^^^^^^^^^^^^^^^^
  File "/Users/juliareinhart/anaconda3/lib/python3.11/site-packages/chromadb/db/mixins/sysdb.py", line 220, in create_collection
    raise UniqueConstraintError(f"Collection {name} already exists")
chromadb.db.base.UniqueConstraintError: Collection maintstar-docs already exists
[32mINFO[0m:     [29-06-2025 13:11:56] 127.0.0.1:51410 - "POST /api/v1/collections HTTP/1.1" 500
[32mINFO[0m:     [29-06-2025 13:11:56] 127.0.0.1:51410 - "GET /api/v1/collections HTTP/1.1" 200
[33mWARNING[0m:  [29-06-2025 13:11:56] Add of existing embedding ID: CH1 - Work Orders.txt-chunk-0
[33mWARNING[0m:  [29-06-2025 13:11:56] Insert of existing embedding ID: CH1 - Work Orders.txt-chunk-0
[32mINFO[0m:     [29-06-2025 13:11:56] 127.0.0.1:51410 - "POST /api/v1/collections/06759ce4-e469-411b-abf9-124c05eb9bf1/add HTTP/1.1" 201
[32mINFO[0m:     [29-06-2025 13:11:56] 127.0.0.1:51410 - "GET /api/v1/collections HTTP/1.1" 200
[31mERROR[0m:    [29-06-2025 13:11:56] Collection maintstar-docs already exists
Traceback (most recent call last):
  File "/Users/juliareinhart/anaconda3/lib/python3.11/site-packages/anyio/streams/memory.py", line 98, in receive
    return self.receive_nowait()
           ^^^^^^^^^^^^^^^^^^^^^
  File "/Users/juliareinhart/anaconda3/lib/python3.11/site-packages/anyio/streams/memory.py", line 93, in receive_nowait
    raise WouldBlock
anyio.WouldBlock

During handling of the above exception, another exception occurred:

Traceback (most recent call last):
  File "/Users/juliareinhart/anaconda3/lib/python3.11/site-packages/starlette/middleware/base.py", line 148, in call_next
    message = await recv_stream.receive()
              ^^^^^^^^^^^^^^^^^^^^^^^^^^^
  File "/Users/juliareinhart/anaconda3/lib/python3.11/site-packages/anyio/streams/memory.py", line 118, in receive
    raise EndOfStream
anyio.EndOfStream

During handling of the above exception, another exception occurred:

Traceback (most recent call last):
  File "/Users/juliareinhart/anaconda3/lib/python3.11/site-packages/chromadb/server/fastapi/__init__.py", line 78, in catch_exceptions_middleware
    return await call_next(request)
           ^^^^^^^^^^^^^^^^^^^^^^^^
  File "/Users/juliareinhart/anaconda3/lib/python3.11/site-packages/starlette/middleware/base.py", line 156, in call_next
    raise app_exc
  File "/Users/juliareinhart/anaconda3/lib/python3.11/site-packages/starlette/middleware/base.py", line 141, in coro
    await self.app(scope, receive_or_disconnect, send_no_error)
  File "/Users/juliareinhart/anaconda3/lib/python3.11/site-packages/starlette/middleware/base.py", line 178, in __call__
    response = await self.dispatch_func(request, call_next)
               ^^^^^^^^^^^^^^^^^^^^^^^^^^^^^^^^^^^^^^^^^^^^
  File "/Users/juliareinhart/anaconda3/lib/python3.11/site-packages/chromadb/server/fastapi/__init__.py", line 92, in check_http_version_middleware
    return await call_next(request)
           ^^^^^^^^^^^^^^^^^^^^^^^^
  File "/Users/juliareinhart/anaconda3/lib/python3.11/site-packages/starlette/middleware/base.py", line 156, in call_next
    raise app_exc
  File "/Users/juliareinhart/anaconda3/lib/python3.11/site-packages/starlette/middleware/base.py", line 141, in coro
    await self.app(scope, receive_or_disconnect, send_no_error)
  File "/Users/juliareinhart/anaconda3/lib/python3.11/site-packages/starlette/middleware/exceptions.py", line 62, in __call__
    await wrap_app_handling_exceptions(self.app, conn)(scope, receive, send)
  File "/Users/juliareinhart/anaconda3/lib/python3.11/site-packages/starlette/_exception_handler.py", line 53, in wrapped_app
    raise exc
  File "/Users/juliareinhart/anaconda3/lib/python3.11/site-packages/starlette/_exception_handler.py", line 42, in wrapped_app
    await app(scope, receive, sender)
  File "/Users/juliareinhart/anaconda3/lib/python3.11/site-packages/starlette/routing.py", line 714, in __call__
    await self.middleware_stack(scope, receive, send)
  File "/Users/juliareinhart/anaconda3/lib/python3.11/site-packages/starlette/routing.py", line 734, in app
    await route.handle(scope, receive, send)
  File "/Users/juliareinhart/anaconda3/lib/python3.11/site-packages/starlette/routing.py", line 288, in handle
    await self.app(scope, receive, send)
  File "/Users/juliareinhart/anaconda3/lib/python3.11/site-packages/starlette/routing.py", line 76, in app
    await wrap_app_handling_exceptions(app, request)(scope, receive, send)
  File "/Users/juliareinhart/anaconda3/lib/python3.11/site-packages/starlette/_exception_handler.py", line 53, in wrapped_app
    raise exc
  File "/Users/juliareinhart/anaconda3/lib/python3.11/site-packages/starlette/_exception_handler.py", line 42, in wrapped_app
    await app(scope, receive, sender)
  File "/Users/juliareinhart/anaconda3/lib/python3.11/site-packages/starlette/routing.py", line 73, in app
    response = await f(request)
               ^^^^^^^^^^^^^^^^
  File "/Users/juliareinhart/anaconda3/lib/python3.11/site-packages/fastapi/routing.py", line 301, in app
    raw_response = await run_endpoint_function(
                   ^^^^^^^^^^^^^^^^^^^^^^^^^^^^
  File "/Users/juliareinhart/anaconda3/lib/python3.11/site-packages/fastapi/routing.py", line 212, in run_endpoint_function
    return await dependant.call(**values)
           ^^^^^^^^^^^^^^^^^^^^^^^^^^^^^^
  File "/Users/juliareinhart/anaconda3/lib/python3.11/site-packages/chromadb/telemetry/opentelemetry/__init__.py", line 130, in wrapper
    return await f(*args, **kwargs)
           ^^^^^^^^^^^^^^^^^^^^^^^^
  File "/Users/juliareinhart/anaconda3/lib/python3.11/site-packages/chromadb/server/fastapi/__init__.py", line 630, in create_collection
    await to_thread.run_sync(
  File "/Users/juliareinhart/anaconda3/lib/python3.11/site-packages/anyio/to_thread.py", line 33, in run_sync
    return await get_asynclib().run_sync_in_worker_thread(
           ^^^^^^^^^^^^^^^^^^^^^^^^^^^^^^^^^^^^^^^^^^^^^^^
  File "/Users/juliareinhart/anaconda3/lib/python3.11/site-packages/anyio/_backends/_asyncio.py", line 877, in run_sync_in_worker_thread
    return await future
           ^^^^^^^^^^^^
  File "/Users/juliareinhart/anaconda3/lib/python3.11/site-packages/anyio/_backends/_asyncio.py", line 807, in run
    result = context.run(func, *args)
             ^^^^^^^^^^^^^^^^^^^^^^^^
  File "/Users/juliareinhart/anaconda3/lib/python3.11/site-packages/chromadb/server/fastapi/__init__.py", line 620, in process_create_collection
    return self._api.create_collection(
           ^^^^^^^^^^^^^^^^^^^^^^^^^^^^
  File "/Users/juliareinhart/anaconda3/lib/python3.11/site-packages/chromadb/telemetry/opentelemetry/__init__.py", line 143, in wrapper
    return f(*args, **kwargs)
           ^^^^^^^^^^^^^^^^^^
  File "/Users/juliareinhart/anaconda3/lib/python3.11/site-packages/chromadb/api/segment.py", line 173, in create_collection
    coll, created = self._sysdb.create_collection(
                    ^^^^^^^^^^^^^^^^^^^^^^^^^^^^^^
  File "/Users/juliareinhart/anaconda3/lib/python3.11/site-packages/chromadb/telemetry/opentelemetry/__init__.py", line 143, in wrapper
    return f(*args, **kwargs)
           ^^^^^^^^^^^^^^^^^^
  File "/Users/juliareinhart/anaconda3/lib/python3.11/site-packages/chromadb/db/mixins/sysdb.py", line 220, in create_collection
    raise UniqueConstraintError(f"Collection {name} already exists")
chromadb.db.base.UniqueConstraintError: Collection maintstar-docs already exists
[32mINFO[0m:     [29-06-2025 13:11:56] 127.0.0.1:51410 - "POST /api/v1/collections HTTP/1.1" 500
[32mINFO[0m:     [29-06-2025 13:11:56] 127.0.0.1:51410 - "GET /api/v1/collections HTTP/1.1" 200
[33mWARNING[0m:  [29-06-2025 13:11:56] Add of existing embedding ID: CH1_3 - CM Templates.txt-chunk-0
[33mWARNING[0m:  [29-06-2025 13:11:56] Insert of existing embedding ID: CH1_3 - CM Templates.txt-chunk-0
[32mINFO[0m:     [29-06-2025 13:11:56] 127.0.0.1:51410 - "POST /api/v1/collections/06759ce4-e469-411b-abf9-124c05eb9bf1/add HTTP/1.1" 201
[32mINFO[0m:     [29-06-2025 13:11:56] 127.0.0.1:51410 - "GET /api/v1/collections HTTP/1.1" 200
[31mERROR[0m:    [29-06-2025 13:11:56] Collection maintstar-docs already exists
Traceback (most recent call last):
  File "/Users/juliareinhart/anaconda3/lib/python3.11/site-packages/anyio/streams/memory.py", line 98, in receive
    return self.receive_nowait()
           ^^^^^^^^^^^^^^^^^^^^^
  File "/Users/juliareinhart/anaconda3/lib/python3.11/site-packages/anyio/streams/memory.py", line 93, in receive_nowait
    raise WouldBlock
anyio.WouldBlock

During handling of the above exception, another exception occurred:

Traceback (most recent call last):
  File "/Users/juliareinhart/anaconda3/lib/python3.11/site-packages/starlette/middleware/base.py", line 148, in call_next
    message = await recv_stream.receive()
              ^^^^^^^^^^^^^^^^^^^^^^^^^^^
  File "/Users/juliareinhart/anaconda3/lib/python3.11/site-packages/anyio/streams/memory.py", line 118, in receive
    raise EndOfStream
anyio.EndOfStream

During handling of the above exception, another exception occurred:

Traceback (most recent call last):
  File "/Users/juliareinhart/anaconda3/lib/python3.11/site-packages/chromadb/server/fastapi/__init__.py", line 78, in catch_exceptions_middleware
    return await call_next(request)
           ^^^^^^^^^^^^^^^^^^^^^^^^
  File "/Users/juliareinhart/anaconda3/lib/python3.11/site-packages/starlette/middleware/base.py", line 156, in call_next
    raise app_exc
  File "/Users/juliareinhart/anaconda3/lib/python3.11/site-packages/starlette/middleware/base.py", line 141, in coro
    await self.app(scope, receive_or_disconnect, send_no_error)
  File "/Users/juliareinhart/anaconda3/lib/python3.11/site-packages/starlette/middleware/base.py", line 178, in __call__
    response = await self.dispatch_func(request, call_next)
               ^^^^^^^^^^^^^^^^^^^^^^^^^^^^^^^^^^^^^^^^^^^^
  File "/Users/juliareinhart/anaconda3/lib/python3.11/site-packages/chromadb/server/fastapi/__init__.py", line 92, in check_http_version_middleware
    return await call_next(request)
           ^^^^^^^^^^^^^^^^^^^^^^^^
  File "/Users/juliareinhart/anaconda3/lib/python3.11/site-packages/starlette/middleware/base.py", line 156, in call_next
    raise app_exc
  File "/Users/juliareinhart/anaconda3/lib/python3.11/site-packages/starlette/middleware/base.py", line 141, in coro
    await self.app(scope, receive_or_disconnect, send_no_error)
  File "/Users/juliareinhart/anaconda3/lib/python3.11/site-packages/starlette/middleware/exceptions.py", line 62, in __call__
    await wrap_app_handling_exceptions(self.app, conn)(scope, receive, send)
  File "/Users/juliareinhart/anaconda3/lib/python3.11/site-packages/starlette/_exception_handler.py", line 53, in wrapped_app
    raise exc
  File "/Users/juliareinhart/anaconda3/lib/python3.11/site-packages/starlette/_exception_handler.py", line 42, in wrapped_app
    await app(scope, receive, sender)
  File "/Users/juliareinhart/anaconda3/lib/python3.11/site-packages/starlette/routing.py", line 714, in __call__
    await self.middleware_stack(scope, receive, send)
  File "/Users/juliareinhart/anaconda3/lib/python3.11/site-packages/starlette/routing.py", line 734, in app
    await route.handle(scope, receive, send)
  File "/Users/juliareinhart/anaconda3/lib/python3.11/site-packages/starlette/routing.py", line 288, in handle
    await self.app(scope, receive, send)
  File "/Users/juliareinhart/anaconda3/lib/python3.11/site-packages/starlette/routing.py", line 76, in app
    await wrap_app_handling_exceptions(app, request)(scope, receive, send)
  File "/Users/juliareinhart/anaconda3/lib/python3.11/site-packages/starlette/_exception_handler.py", line 53, in wrapped_app
    raise exc
  File "/Users/juliareinhart/anaconda3/lib/python3.11/site-packages/starlette/_exception_handler.py", line 42, in wrapped_app
    await app(scope, receive, sender)
  File "/Users/juliareinhart/anaconda3/lib/python3.11/site-packages/starlette/routing.py", line 73, in app
    response = await f(request)
               ^^^^^^^^^^^^^^^^
  File "/Users/juliareinhart/anaconda3/lib/python3.11/site-packages/fastapi/routing.py", line 301, in app
    raw_response = await run_endpoint_function(
                   ^^^^^^^^^^^^^^^^^^^^^^^^^^^^
  File "/Users/juliareinhart/anaconda3/lib/python3.11/site-packages/fastapi/routing.py", line 212, in run_endpoint_function
    return await dependant.call(**values)
           ^^^^^^^^^^^^^^^^^^^^^^^^^^^^^^
  File "/Users/juliareinhart/anaconda3/lib/python3.11/site-packages/chromadb/telemetry/opentelemetry/__init__.py", line 130, in wrapper
    return await f(*args, **kwargs)
           ^^^^^^^^^^^^^^^^^^^^^^^^
  File "/Users/juliareinhart/anaconda3/lib/python3.11/site-packages/chromadb/server/fastapi/__init__.py", line 630, in create_collection
    await to_thread.run_sync(
  File "/Users/juliareinhart/anaconda3/lib/python3.11/site-packages/anyio/to_thread.py", line 33, in run_sync
    return await get_asynclib().run_sync_in_worker_thread(
           ^^^^^^^^^^^^^^^^^^^^^^^^^^^^^^^^^^^^^^^^^^^^^^^
  File "/Users/juliareinhart/anaconda3/lib/python3.11/site-packages/anyio/_backends/_asyncio.py", line 877, in run_sync_in_worker_thread
    return await future
           ^^^^^^^^^^^^
  File "/Users/juliareinhart/anaconda3/lib/python3.11/site-packages/anyio/_backends/_asyncio.py", line 807, in run
    result = context.run(func, *args)
             ^^^^^^^^^^^^^^^^^^^^^^^^
  File "/Users/juliareinhart/anaconda3/lib/python3.11/site-packages/chromadb/server/fastapi/__init__.py", line 620, in process_create_collection
    return self._api.create_collection(
           ^^^^^^^^^^^^^^^^^^^^^^^^^^^^
  File "/Users/juliareinhart/anaconda3/lib/python3.11/site-packages/chromadb/telemetry/opentelemetry/__init__.py", line 143, in wrapper
    return f(*args, **kwargs)
           ^^^^^^^^^^^^^^^^^^
  File "/Users/juliareinhart/anaconda3/lib/python3.11/site-packages/chromadb/api/segment.py", line 173, in create_collection
    coll, created = self._sysdb.create_collection(
                    ^^^^^^^^^^^^^^^^^^^^^^^^^^^^^^
  File "/Users/juliareinhart/anaconda3/lib/python3.11/site-packages/chromadb/telemetry/opentelemetry/__init__.py", line 143, in wrapper
    return f(*args, **kwargs)
           ^^^^^^^^^^^^^^^^^^
  File "/Users/juliareinhart/anaconda3/lib/python3.11/site-packages/chromadb/db/mixins/sysdb.py", line 220, in create_collection
    raise UniqueConstraintError(f"Collection {name} already exists")
chromadb.db.base.UniqueConstraintError: Collection maintstar-docs already exists
[32mINFO[0m:     [29-06-2025 13:11:56] 127.0.0.1:51410 - "POST /api/v1/collections HTTP/1.1" 500
[32mINFO[0m:     [29-06-2025 13:11:57] 127.0.0.1:51410 - "GET /api/v1/collections HTTP/1.1" 200
[33mWARNING[0m:  [29-06-2025 13:11:57] Add of existing embedding ID: CH2 - Preventative Maintenance.txt-chunk-0
[33mWARNING[0m:  [29-06-2025 13:11:57] Add of existing embedding ID: CH2 - Preventative Maintenance.txt-chunk-1
[33mWARNING[0m:  [29-06-2025 13:11:57] Insert of existing embedding ID: CH2 - Preventative Maintenance.txt-chunk-0
[33mWARNING[0m:  [29-06-2025 13:11:57] Insert of existing embedding ID: CH2 - Preventative Maintenance.txt-chunk-1
[32mINFO[0m:     [29-06-2025 13:11:57] 127.0.0.1:51410 - "POST /api/v1/collections/06759ce4-e469-411b-abf9-124c05eb9bf1/add HTTP/1.1" 201
[32mINFO[0m:     [29-06-2025 13:11:57] 127.0.0.1:51410 - "GET /api/v1/collections HTTP/1.1" 200
[31mERROR[0m:    [29-06-2025 13:11:57] Collection maintstar-docs already exists
Traceback (most recent call last):
  File "/Users/juliareinhart/anaconda3/lib/python3.11/site-packages/anyio/streams/memory.py", line 98, in receive
    return self.receive_nowait()
           ^^^^^^^^^^^^^^^^^^^^^
  File "/Users/juliareinhart/anaconda3/lib/python3.11/site-packages/anyio/streams/memory.py", line 93, in receive_nowait
    raise WouldBlock
anyio.WouldBlock

During handling of the above exception, another exception occurred:

Traceback (most recent call last):
  File "/Users/juliareinhart/anaconda3/lib/python3.11/site-packages/starlette/middleware/base.py", line 148, in call_next
    message = await recv_stream.receive()
              ^^^^^^^^^^^^^^^^^^^^^^^^^^^
  File "/Users/juliareinhart/anaconda3/lib/python3.11/site-packages/anyio/streams/memory.py", line 118, in receive
    raise EndOfStream
anyio.EndOfStream

During handling of the above exception, another exception occurred:

Traceback (most recent call last):
  File "/Users/juliareinhart/anaconda3/lib/python3.11/site-packages/chromadb/server/fastapi/__init__.py", line 78, in catch_exceptions_middleware
    return await call_next(request)
           ^^^^^^^^^^^^^^^^^^^^^^^^
  File "/Users/juliareinhart/anaconda3/lib/python3.11/site-packages/starlette/middleware/base.py", line 156, in call_next
    raise app_exc
  File "/Users/juliareinhart/anaconda3/lib/python3.11/site-packages/starlette/middleware/base.py", line 141, in coro
    await self.app(scope, receive_or_disconnect, send_no_error)
  File "/Users/juliareinhart/anaconda3/lib/python3.11/site-packages/starlette/middleware/base.py", line 178, in __call__
    response = await self.dispatch_func(request, call_next)
               ^^^^^^^^^^^^^^^^^^^^^^^^^^^^^^^^^^^^^^^^^^^^
  File "/Users/juliareinhart/anaconda3/lib/python3.11/site-packages/chromadb/server/fastapi/__init__.py", line 92, in check_http_version_middleware
    return await call_next(request)
           ^^^^^^^^^^^^^^^^^^^^^^^^
  File "/Users/juliareinhart/anaconda3/lib/python3.11/site-packages/starlette/middleware/base.py", line 156, in call_next
    raise app_exc
  File "/Users/juliareinhart/anaconda3/lib/python3.11/site-packages/starlette/middleware/base.py", line 141, in coro
    await self.app(scope, receive_or_disconnect, send_no_error)
  File "/Users/juliareinhart/anaconda3/lib/python3.11/site-packages/starlette/middleware/exceptions.py", line 62, in __call__
    await wrap_app_handling_exceptions(self.app, conn)(scope, receive, send)
  File "/Users/juliareinhart/anaconda3/lib/python3.11/site-packages/starlette/_exception_handler.py", line 53, in wrapped_app
    raise exc
  File "/Users/juliareinhart/anaconda3/lib/python3.11/site-packages/starlette/_exception_handler.py", line 42, in wrapped_app
    await app(scope, receive, sender)
  File "/Users/juliareinhart/anaconda3/lib/python3.11/site-packages/starlette/routing.py", line 714, in __call__
    await self.middleware_stack(scope, receive, send)
  File "/Users/juliareinhart/anaconda3/lib/python3.11/site-packages/starlette/routing.py", line 734, in app
    await route.handle(scope, receive, send)
  File "/Users/juliareinhart/anaconda3/lib/python3.11/site-packages/starlette/routing.py", line 288, in handle
    await self.app(scope, receive, send)
  File "/Users/juliareinhart/anaconda3/lib/python3.11/site-packages/starlette/routing.py", line 76, in app
    await wrap_app_handling_exceptions(app, request)(scope, receive, send)
  File "/Users/juliareinhart/anaconda3/lib/python3.11/site-packages/starlette/_exception_handler.py", line 53, in wrapped_app
    raise exc
  File "/Users/juliareinhart/anaconda3/lib/python3.11/site-packages/starlette/_exception_handler.py", line 42, in wrapped_app
    await app(scope, receive, sender)
  File "/Users/juliareinhart/anaconda3/lib/python3.11/site-packages/starlette/routing.py", line 73, in app
    response = await f(request)
               ^^^^^^^^^^^^^^^^
  File "/Users/juliareinhart/anaconda3/lib/python3.11/site-packages/fastapi/routing.py", line 301, in app
    raw_response = await run_endpoint_function(
                   ^^^^^^^^^^^^^^^^^^^^^^^^^^^^
  File "/Users/juliareinhart/anaconda3/lib/python3.11/site-packages/fastapi/routing.py", line 212, in run_endpoint_function
    return await dependant.call(**values)
           ^^^^^^^^^^^^^^^^^^^^^^^^^^^^^^
  File "/Users/juliareinhart/anaconda3/lib/python3.11/site-packages/chromadb/telemetry/opentelemetry/__init__.py", line 130, in wrapper
    return await f(*args, **kwargs)
           ^^^^^^^^^^^^^^^^^^^^^^^^
  File "/Users/juliareinhart/anaconda3/lib/python3.11/site-packages/chromadb/server/fastapi/__init__.py", line 630, in create_collection
    await to_thread.run_sync(
  File "/Users/juliareinhart/anaconda3/lib/python3.11/site-packages/anyio/to_thread.py", line 33, in run_sync
    return await get_asynclib().run_sync_in_worker_thread(
           ^^^^^^^^^^^^^^^^^^^^^^^^^^^^^^^^^^^^^^^^^^^^^^^
  File "/Users/juliareinhart/anaconda3/lib/python3.11/site-packages/anyio/_backends/_asyncio.py", line 877, in run_sync_in_worker_thread
    return await future
           ^^^^^^^^^^^^
  File "/Users/juliareinhart/anaconda3/lib/python3.11/site-packages/anyio/_backends/_asyncio.py", line 807, in run
    result = context.run(func, *args)
             ^^^^^^^^^^^^^^^^^^^^^^^^
  File "/Users/juliareinhart/anaconda3/lib/python3.11/site-packages/chromadb/server/fastapi/__init__.py", line 620, in process_create_collection
    return self._api.create_collection(
           ^^^^^^^^^^^^^^^^^^^^^^^^^^^^
  File "/Users/juliareinhart/anaconda3/lib/python3.11/site-packages/chromadb/telemetry/opentelemetry/__init__.py", line 143, in wrapper
    return f(*args, **kwargs)
           ^^^^^^^^^^^^^^^^^^
  File "/Users/juliareinhart/anaconda3/lib/python3.11/site-packages/chromadb/api/segment.py", line 173, in create_collection
    coll, created = self._sysdb.create_collection(
                    ^^^^^^^^^^^^^^^^^^^^^^^^^^^^^^
  File "/Users/juliareinhart/anaconda3/lib/python3.11/site-packages/chromadb/telemetry/opentelemetry/__init__.py", line 143, in wrapper
    return f(*args, **kwargs)
           ^^^^^^^^^^^^^^^^^^
  File "/Users/juliareinhart/anaconda3/lib/python3.11/site-packages/chromadb/db/mixins/sysdb.py", line 220, in create_collection
    raise UniqueConstraintError(f"Collection {name} already exists")
chromadb.db.base.UniqueConstraintError: Collection maintstar-docs already exists
[32mINFO[0m:     [29-06-2025 13:11:57] 127.0.0.1:51410 - "POST /api/v1/collections HTTP/1.1" 500
[32mINFO[0m:     [29-06-2025 13:11:57] 127.0.0.1:51410 - "GET /api/v1/collections HTTP/1.1" 200
[33mWARNING[0m:  [29-06-2025 13:11:57] Add of existing embedding ID: CH3 - Work Request and Portal.txt-chunk-0
[33mWARNING[0m:  [29-06-2025 13:11:57] Add of existing embedding ID: CH3 - Work Request and Portal.txt-chunk-1
[33mWARNING[0m:  [29-06-2025 13:11:57] Insert of existing embedding ID: CH3 - Work Request and Portal.txt-chunk-0
[33mWARNING[0m:  [29-06-2025 13:11:57] Insert of existing embedding ID: CH3 - Work Request and Portal.txt-chunk-1
[32mINFO[0m:     [29-06-2025 13:11:57] 127.0.0.1:51410 - "POST /api/v1/collections/06759ce4-e469-411b-abf9-124c05eb9bf1/add HTTP/1.1" 201
[32mINFO[0m:     [29-06-2025 13:11:57] 127.0.0.1:51410 - "GET /api/v1/collections HTTP/1.1" 200
[31mERROR[0m:    [29-06-2025 13:11:57] Collection maintstar-docs already exists
Traceback (most recent call last):
  File "/Users/juliareinhart/anaconda3/lib/python3.11/site-packages/anyio/streams/memory.py", line 98, in receive
    return self.receive_nowait()
           ^^^^^^^^^^^^^^^^^^^^^
  File "/Users/juliareinhart/anaconda3/lib/python3.11/site-packages/anyio/streams/memory.py", line 93, in receive_nowait
    raise WouldBlock
anyio.WouldBlock

During handling of the above exception, another exception occurred:

Traceback (most recent call last):
  File "/Users/juliareinhart/anaconda3/lib/python3.11/site-packages/starlette/middleware/base.py", line 148, in call_next
    message = await recv_stream.receive()
              ^^^^^^^^^^^^^^^^^^^^^^^^^^^
  File "/Users/juliareinhart/anaconda3/lib/python3.11/site-packages/anyio/streams/memory.py", line 118, in receive
    raise EndOfStream
anyio.EndOfStream

During handling of the above exception, another exception occurred:

Traceback (most recent call last):
  File "/Users/juliareinhart/anaconda3/lib/python3.11/site-packages/chromadb/server/fastapi/__init__.py", line 78, in catch_exceptions_middleware
    return await call_next(request)
           ^^^^^^^^^^^^^^^^^^^^^^^^
  File "/Users/juliareinhart/anaconda3/lib/python3.11/site-packages/starlette/middleware/base.py", line 156, in call_next
    raise app_exc
  File "/Users/juliareinhart/anaconda3/lib/python3.11/site-packages/starlette/middleware/base.py", line 141, in coro
    await self.app(scope, receive_or_disconnect, send_no_error)
  File "/Users/juliareinhart/anaconda3/lib/python3.11/site-packages/starlette/middleware/base.py", line 178, in __call__
    response = await self.dispatch_func(request, call_next)
               ^^^^^^^^^^^^^^^^^^^^^^^^^^^^^^^^^^^^^^^^^^^^
  File "/Users/juliareinhart/anaconda3/lib/python3.11/site-packages/chromadb/server/fastapi/__init__.py", line 92, in check_http_version_middleware
    return await call_next(request)
           ^^^^^^^^^^^^^^^^^^^^^^^^
  File "/Users/juliareinhart/anaconda3/lib/python3.11/site-packages/starlette/middleware/base.py", line 156, in call_next
    raise app_exc
  File "/Users/juliareinhart/anaconda3/lib/python3.11/site-packages/starlette/middleware/base.py", line 141, in coro
    await self.app(scope, receive_or_disconnect, send_no_error)
  File "/Users/juliareinhart/anaconda3/lib/python3.11/site-packages/starlette/middleware/exceptions.py", line 62, in __call__
    await wrap_app_handling_exceptions(self.app, conn)(scope, receive, send)
  File "/Users/juliareinhart/anaconda3/lib/python3.11/site-packages/starlette/_exception_handler.py", line 53, in wrapped_app
    raise exc
  File "/Users/juliareinhart/anaconda3/lib/python3.11/site-packages/starlette/_exception_handler.py", line 42, in wrapped_app
    await app(scope, receive, sender)
  File "/Users/juliareinhart/anaconda3/lib/python3.11/site-packages/starlette/routing.py", line 714, in __call__
    await self.middleware_stack(scope, receive, send)
  File "/Users/juliareinhart/anaconda3/lib/python3.11/site-packages/starlette/routing.py", line 734, in app
    await route.handle(scope, receive, send)
  File "/Users/juliareinhart/anaconda3/lib/python3.11/site-packages/starlette/routing.py", line 288, in handle
    await self.app(scope, receive, send)
  File "/Users/juliareinhart/anaconda3/lib/python3.11/site-packages/starlette/routing.py", line 76, in app
    await wrap_app_handling_exceptions(app, request)(scope, receive, send)
  File "/Users/juliareinhart/anaconda3/lib/python3.11/site-packages/starlette/_exception_handler.py", line 53, in wrapped_app
    raise exc
  File "/Users/juliareinhart/anaconda3/lib/python3.11/site-packages/starlette/_exception_handler.py", line 42, in wrapped_app
    await app(scope, receive, sender)
  File "/Users/juliareinhart/anaconda3/lib/python3.11/site-packages/starlette/routing.py", line 73, in app
    response = await f(request)
               ^^^^^^^^^^^^^^^^
  File "/Users/juliareinhart/anaconda3/lib/python3.11/site-packages/fastapi/routing.py", line 301, in app
    raw_response = await run_endpoint_function(
                   ^^^^^^^^^^^^^^^^^^^^^^^^^^^^
  File "/Users/juliareinhart/anaconda3/lib/python3.11/site-packages/fastapi/routing.py", line 212, in run_endpoint_function
    return await dependant.call(**values)
           ^^^^^^^^^^^^^^^^^^^^^^^^^^^^^^
  File "/Users/juliareinhart/anaconda3/lib/python3.11/site-packages/chromadb/telemetry/opentelemetry/__init__.py", line 130, in wrapper
    return await f(*args, **kwargs)
           ^^^^^^^^^^^^^^^^^^^^^^^^
  File "/Users/juliareinhart/anaconda3/lib/python3.11/site-packages/chromadb/server/fastapi/__init__.py", line 630, in create_collection
    await to_thread.run_sync(
  File "/Users/juliareinhart/anaconda3/lib/python3.11/site-packages/anyio/to_thread.py", line 33, in run_sync
    return await get_asynclib().run_sync_in_worker_thread(
           ^^^^^^^^^^^^^^^^^^^^^^^^^^^^^^^^^^^^^^^^^^^^^^^
  File "/Users/juliareinhart/anaconda3/lib/python3.11/site-packages/anyio/_backends/_asyncio.py", line 877, in run_sync_in_worker_thread
    return await future
           ^^^^^^^^^^^^
  File "/Users/juliareinhart/anaconda3/lib/python3.11/site-packages/anyio/_backends/_asyncio.py", line 807, in run
    result = context.run(func, *args)
             ^^^^^^^^^^^^^^^^^^^^^^^^
  File "/Users/juliareinhart/anaconda3/lib/python3.11/site-packages/chromadb/server/fastapi/__init__.py", line 620, in process_create_collection
    return self._api.create_collection(
           ^^^^^^^^^^^^^^^^^^^^^^^^^^^^
  File "/Users/juliareinhart/anaconda3/lib/python3.11/site-packages/chromadb/telemetry/opentelemetry/__init__.py", line 143, in wrapper
    return f(*args, **kwargs)
           ^^^^^^^^^^^^^^^^^^
  File "/Users/juliareinhart/anaconda3/lib/python3.11/site-packages/chromadb/api/segment.py", line 173, in create_collection
    coll, created = self._sysdb.create_collection(
                    ^^^^^^^^^^^^^^^^^^^^^^^^^^^^^^
  File "/Users/juliareinhart/anaconda3/lib/python3.11/site-packages/chromadb/telemetry/opentelemetry/__init__.py", line 143, in wrapper
    return f(*args, **kwargs)
           ^^^^^^^^^^^^^^^^^^
  File "/Users/juliareinhart/anaconda3/lib/python3.11/site-packages/chromadb/db/mixins/sysdb.py", line 220, in create_collection
    raise UniqueConstraintError(f"Collection {name} already exists")
chromadb.db.base.UniqueConstraintError: Collection maintstar-docs already exists
[32mINFO[0m:     [29-06-2025 13:11:57] 127.0.0.1:51410 - "POST /api/v1/collections HTTP/1.1" 500
[32mINFO[0m:     [29-06-2025 13:11:57] 127.0.0.1:51410 - "GET /api/v1/collections HTTP/1.1" 200
[33mWARNING[0m:  [29-06-2025 13:11:57] Add of existing embedding ID: CH4 - Notifications.txt-chunk-0
[33mWARNING[0m:  [29-06-2025 13:11:57] Insert of existing embedding ID: CH4 - Notifications.txt-chunk-0
[32mINFO[0m:     [29-06-2025 13:11:57] 127.0.0.1:51410 - "POST /api/v1/collections/06759ce4-e469-411b-abf9-124c05eb9bf1/add HTTP/1.1" 201
[32mINFO[0m:     [29-06-2025 13:11:57] 127.0.0.1:51410 - "GET /api/v1/collections HTTP/1.1" 200
[31mERROR[0m:    [29-06-2025 13:11:57] Collection maintstar-docs already exists
Traceback (most recent call last):
  File "/Users/juliareinhart/anaconda3/lib/python3.11/site-packages/anyio/streams/memory.py", line 98, in receive
    return self.receive_nowait()
           ^^^^^^^^^^^^^^^^^^^^^
  File "/Users/juliareinhart/anaconda3/lib/python3.11/site-packages/anyio/streams/memory.py", line 93, in receive_nowait
    raise WouldBlock
anyio.WouldBlock

During handling of the above exception, another exception occurred:

Traceback (most recent call last):
  File "/Users/juliareinhart/anaconda3/lib/python3.11/site-packages/starlette/middleware/base.py", line 148, in call_next
    message = await recv_stream.receive()
              ^^^^^^^^^^^^^^^^^^^^^^^^^^^
  File "/Users/juliareinhart/anaconda3/lib/python3.11/site-packages/anyio/streams/memory.py", line 118, in receive
    raise EndOfStream
anyio.EndOfStream

During handling of the above exception, another exception occurred:

Traceback (most recent call last):
  File "/Users/juliareinhart/anaconda3/lib/python3.11/site-packages/chromadb/server/fastapi/__init__.py", line 78, in catch_exceptions_middleware
    return await call_next(request)
           ^^^^^^^^^^^^^^^^^^^^^^^^
  File "/Users/juliareinhart/anaconda3/lib/python3.11/site-packages/starlette/middleware/base.py", line 156, in call_next
    raise app_exc
  File "/Users/juliareinhart/anaconda3/lib/python3.11/site-packages/starlette/middleware/base.py", line 141, in coro
    await self.app(scope, receive_or_disconnect, send_no_error)
  File "/Users/juliareinhart/anaconda3/lib/python3.11/site-packages/starlette/middleware/base.py", line 178, in __call__
    response = await self.dispatch_func(request, call_next)
               ^^^^^^^^^^^^^^^^^^^^^^^^^^^^^^^^^^^^^^^^^^^^
  File "/Users/juliareinhart/anaconda3/lib/python3.11/site-packages/chromadb/server/fastapi/__init__.py", line 92, in check_http_version_middleware
    return await call_next(request)
           ^^^^^^^^^^^^^^^^^^^^^^^^
  File "/Users/juliareinhart/anaconda3/lib/python3.11/site-packages/starlette/middleware/base.py", line 156, in call_next
    raise app_exc
  File "/Users/juliareinhart/anaconda3/lib/python3.11/site-packages/starlette/middleware/base.py", line 141, in coro
    await self.app(scope, receive_or_disconnect, send_no_error)
  File "/Users/juliareinhart/anaconda3/lib/python3.11/site-packages/starlette/middleware/exceptions.py", line 62, in __call__
    await wrap_app_handling_exceptions(self.app, conn)(scope, receive, send)
  File "/Users/juliareinhart/anaconda3/lib/python3.11/site-packages/starlette/_exception_handler.py", line 53, in wrapped_app
    raise exc
  File "/Users/juliareinhart/anaconda3/lib/python3.11/site-packages/starlette/_exception_handler.py", line 42, in wrapped_app
    await app(scope, receive, sender)
  File "/Users/juliareinhart/anaconda3/lib/python3.11/site-packages/starlette/routing.py", line 714, in __call__
    await self.middleware_stack(scope, receive, send)
  File "/Users/juliareinhart/anaconda3/lib/python3.11/site-packages/starlette/routing.py", line 734, in app
    await route.handle(scope, receive, send)
  File "/Users/juliareinhart/anaconda3/lib/python3.11/site-packages/starlette/routing.py", line 288, in handle
    await self.app(scope, receive, send)
  File "/Users/juliareinhart/anaconda3/lib/python3.11/site-packages/starlette/routing.py", line 76, in app
    await wrap_app_handling_exceptions(app, request)(scope, receive, send)
  File "/Users/juliareinhart/anaconda3/lib/python3.11/site-packages/starlette/_exception_handler.py", line 53, in wrapped_app
    raise exc
  File "/Users/juliareinhart/anaconda3/lib/python3.11/site-packages/starlette/_exception_handler.py", line 42, in wrapped_app
    await app(scope, receive, sender)
  File "/Users/juliareinhart/anaconda3/lib/python3.11/site-packages/starlette/routing.py", line 73, in app
    response = await f(request)
               ^^^^^^^^^^^^^^^^
  File "/Users/juliareinhart/anaconda3/lib/python3.11/site-packages/fastapi/routing.py", line 301, in app
    raw_response = await run_endpoint_function(
                   ^^^^^^^^^^^^^^^^^^^^^^^^^^^^
  File "/Users/juliareinhart/anaconda3/lib/python3.11/site-packages/fastapi/routing.py", line 212, in run_endpoint_function
    return await dependant.call(**values)
           ^^^^^^^^^^^^^^^^^^^^^^^^^^^^^^
  File "/Users/juliareinhart/anaconda3/lib/python3.11/site-packages/chromadb/telemetry/opentelemetry/__init__.py", line 130, in wrapper
    return await f(*args, **kwargs)
           ^^^^^^^^^^^^^^^^^^^^^^^^
  File "/Users/juliareinhart/anaconda3/lib/python3.11/site-packages/chromadb/server/fastapi/__init__.py", line 630, in create_collection
    await to_thread.run_sync(
  File "/Users/juliareinhart/anaconda3/lib/python3.11/site-packages/anyio/to_thread.py", line 33, in run_sync
    return await get_asynclib().run_sync_in_worker_thread(
           ^^^^^^^^^^^^^^^^^^^^^^^^^^^^^^^^^^^^^^^^^^^^^^^
  File "/Users/juliareinhart/anaconda3/lib/python3.11/site-packages/anyio/_backends/_asyncio.py", line 877, in run_sync_in_worker_thread
    return await future
           ^^^^^^^^^^^^
  File "/Users/juliareinhart/anaconda3/lib/python3.11/site-packages/anyio/_backends/_asyncio.py", line 807, in run
    result = context.run(func, *args)
             ^^^^^^^^^^^^^^^^^^^^^^^^
  File "/Users/juliareinhart/anaconda3/lib/python3.11/site-packages/chromadb/server/fastapi/__init__.py", line 620, in process_create_collection
    return self._api.create_collection(
           ^^^^^^^^^^^^^^^^^^^^^^^^^^^^
  File "/Users/juliareinhart/anaconda3/lib/python3.11/site-packages/chromadb/telemetry/opentelemetry/__init__.py", line 143, in wrapper
    return f(*args, **kwargs)
           ^^^^^^^^^^^^^^^^^^
  File "/Users/juliareinhart/anaconda3/lib/python3.11/site-packages/chromadb/api/segment.py", line 173, in create_collection
    coll, created = self._sysdb.create_collection(
                    ^^^^^^^^^^^^^^^^^^^^^^^^^^^^^^
  File "/Users/juliareinhart/anaconda3/lib/python3.11/site-packages/chromadb/telemetry/opentelemetry/__init__.py", line 143, in wrapper
    return f(*args, **kwargs)
           ^^^^^^^^^^^^^^^^^^
  File "/Users/juliareinhart/anaconda3/lib/python3.11/site-packages/chromadb/db/mixins/sysdb.py", line 220, in create_collection
    raise UniqueConstraintError(f"Collection {name} already exists")
chromadb.db.base.UniqueConstraintError: Collection maintstar-docs already exists
[32mINFO[0m:     [29-06-2025 13:11:57] 127.0.0.1:51410 - "POST /api/v1/collections HTTP/1.1" 500
[32mINFO[0m:     [29-06-2025 13:11:58] 127.0.0.1:51410 - "GET /api/v1/collections HTTP/1.1" 200
[33mWARNING[0m:  [29-06-2025 13:11:58] Add of existing embedding ID: CH5 - Assets.txt-chunk-0
[33mWARNING[0m:  [29-06-2025 13:11:58] Insert of existing embedding ID: CH5 - Assets.txt-chunk-0
[32mINFO[0m:     [29-06-2025 13:11:58] 127.0.0.1:51410 - "POST /api/v1/collections/06759ce4-e469-411b-abf9-124c05eb9bf1/add HTTP/1.1" 201
[32mINFO[0m:     [29-06-2025 13:11:58] 127.0.0.1:51410 - "GET /api/v1/collections HTTP/1.1" 200
[31mERROR[0m:    [29-06-2025 13:11:58] Collection maintstar-docs already exists
Traceback (most recent call last):
  File "/Users/juliareinhart/anaconda3/lib/python3.11/site-packages/anyio/streams/memory.py", line 98, in receive
    return self.receive_nowait()
           ^^^^^^^^^^^^^^^^^^^^^
  File "/Users/juliareinhart/anaconda3/lib/python3.11/site-packages/anyio/streams/memory.py", line 93, in receive_nowait
    raise WouldBlock
anyio.WouldBlock

During handling of the above exception, another exception occurred:

Traceback (most recent call last):
  File "/Users/juliareinhart/anaconda3/lib/python3.11/site-packages/starlette/middleware/base.py", line 148, in call_next
    message = await recv_stream.receive()
              ^^^^^^^^^^^^^^^^^^^^^^^^^^^
  File "/Users/juliareinhart/anaconda3/lib/python3.11/site-packages/anyio/streams/memory.py", line 118, in receive
    raise EndOfStream
anyio.EndOfStream

During handling of the above exception, another exception occurred:

Traceback (most recent call last):
  File "/Users/juliareinhart/anaconda3/lib/python3.11/site-packages/chromadb/server/fastapi/__init__.py", line 78, in catch_exceptions_middleware
    return await call_next(request)
           ^^^^^^^^^^^^^^^^^^^^^^^^
  File "/Users/juliareinhart/anaconda3/lib/python3.11/site-packages/starlette/middleware/base.py", line 156, in call_next
    raise app_exc
  File "/Users/juliareinhart/anaconda3/lib/python3.11/site-packages/starlette/middleware/base.py", line 141, in coro
    await self.app(scope, receive_or_disconnect, send_no_error)
  File "/Users/juliareinhart/anaconda3/lib/python3.11/site-packages/starlette/middleware/base.py", line 178, in __call__
    response = await self.dispatch_func(request, call_next)
               ^^^^^^^^^^^^^^^^^^^^^^^^^^^^^^^^^^^^^^^^^^^^
  File "/Users/juliareinhart/anaconda3/lib/python3.11/site-packages/chromadb/server/fastapi/__init__.py", line 92, in check_http_version_middleware
    return await call_next(request)
           ^^^^^^^^^^^^^^^^^^^^^^^^
  File "/Users/juliareinhart/anaconda3/lib/python3.11/site-packages/starlette/middleware/base.py", line 156, in call_next
    raise app_exc
  File "/Users/juliareinhart/anaconda3/lib/python3.11/site-packages/starlette/middleware/base.py", line 141, in coro
    await self.app(scope, receive_or_disconnect, send_no_error)
  File "/Users/juliareinhart/anaconda3/lib/python3.11/site-packages/starlette/middleware/exceptions.py", line 62, in __call__
    await wrap_app_handling_exceptions(self.app, conn)(scope, receive, send)
  File "/Users/juliareinhart/anaconda3/lib/python3.11/site-packages/starlette/_exception_handler.py", line 53, in wrapped_app
    raise exc
  File "/Users/juliareinhart/anaconda3/lib/python3.11/site-packages/starlette/_exception_handler.py", line 42, in wrapped_app
    await app(scope, receive, sender)
  File "/Users/juliareinhart/anaconda3/lib/python3.11/site-packages/starlette/routing.py", line 714, in __call__
    await self.middleware_stack(scope, receive, send)
  File "/Users/juliareinhart/anaconda3/lib/python3.11/site-packages/starlette/routing.py", line 734, in app
    await route.handle(scope, receive, send)
  File "/Users/juliareinhart/anaconda3/lib/python3.11/site-packages/starlette/routing.py", line 288, in handle
    await self.app(scope, receive, send)
  File "/Users/juliareinhart/anaconda3/lib/python3.11/site-packages/starlette/routing.py", line 76, in app
    await wrap_app_handling_exceptions(app, request)(scope, receive, send)
  File "/Users/juliareinhart/anaconda3/lib/python3.11/site-packages/starlette/_exception_handler.py", line 53, in wrapped_app
    raise exc
  File "/Users/juliareinhart/anaconda3/lib/python3.11/site-packages/starlette/_exception_handler.py", line 42, in wrapped_app
    await app(scope, receive, sender)
  File "/Users/juliareinhart/anaconda3/lib/python3.11/site-packages/starlette/routing.py", line 73, in app
    response = await f(request)
               ^^^^^^^^^^^^^^^^
  File "/Users/juliareinhart/anaconda3/lib/python3.11/site-packages/fastapi/routing.py", line 301, in app
    raw_response = await run_endpoint_function(
                   ^^^^^^^^^^^^^^^^^^^^^^^^^^^^
  File "/Users/juliareinhart/anaconda3/lib/python3.11/site-packages/fastapi/routing.py", line 212, in run_endpoint_function
    return await dependant.call(**values)
           ^^^^^^^^^^^^^^^^^^^^^^^^^^^^^^
  File "/Users/juliareinhart/anaconda3/lib/python3.11/site-packages/chromadb/telemetry/opentelemetry/__init__.py", line 130, in wrapper
    return await f(*args, **kwargs)
           ^^^^^^^^^^^^^^^^^^^^^^^^
  File "/Users/juliareinhart/anaconda3/lib/python3.11/site-packages/chromadb/server/fastapi/__init__.py", line 630, in create_collection
    await to_thread.run_sync(
  File "/Users/juliareinhart/anaconda3/lib/python3.11/site-packages/anyio/to_thread.py", line 33, in run_sync
    return await get_asynclib().run_sync_in_worker_thread(
           ^^^^^^^^^^^^^^^^^^^^^^^^^^^^^^^^^^^^^^^^^^^^^^^
  File "/Users/juliareinhart/anaconda3/lib/python3.11/site-packages/anyio/_backends/_asyncio.py", line 877, in run_sync_in_worker_thread
    return await future
           ^^^^^^^^^^^^
  File "/Users/juliareinhart/anaconda3/lib/python3.11/site-packages/anyio/_backends/_asyncio.py", line 807, in run
    result = context.run(func, *args)
             ^^^^^^^^^^^^^^^^^^^^^^^^
  File "/Users/juliareinhart/anaconda3/lib/python3.11/site-packages/chromadb/server/fastapi/__init__.py", line 620, in process_create_collection
    return self._api.create_collection(
           ^^^^^^^^^^^^^^^^^^^^^^^^^^^^
  File "/Users/juliareinhart/anaconda3/lib/python3.11/site-packages/chromadb/telemetry/opentelemetry/__init__.py", line 143, in wrapper
    return f(*args, **kwargs)
           ^^^^^^^^^^^^^^^^^^
  File "/Users/juliareinhart/anaconda3/lib/python3.11/site-packages/chromadb/api/segment.py", line 173, in create_collection
    coll, created = self._sysdb.create_collection(
                    ^^^^^^^^^^^^^^^^^^^^^^^^^^^^^^
  File "/Users/juliareinhart/anaconda3/lib/python3.11/site-packages/chromadb/telemetry/opentelemetry/__init__.py", line 143, in wrapper
    return f(*args, **kwargs)
           ^^^^^^^^^^^^^^^^^^
  File "/Users/juliareinhart/anaconda3/lib/python3.11/site-packages/chromadb/db/mixins/sysdb.py", line 220, in create_collection
    raise UniqueConstraintError(f"Collection {name} already exists")
chromadb.db.base.UniqueConstraintError: Collection maintstar-docs already exists
[32mINFO[0m:     [29-06-2025 13:11:58] 127.0.0.1:51410 - "POST /api/v1/collections HTTP/1.1" 500
[32mINFO[0m:     [29-06-2025 13:11:58] 127.0.0.1:51410 - "GET /api/v1/collections HTTP/1.1" 200
[33mWARNING[0m:  [29-06-2025 13:11:58] Add of existing embedding ID: CH5_2 - Asset Assessments.txt-chunk-0
[33mWARNING[0m:  [29-06-2025 13:11:58] Insert of existing embedding ID: CH5_2 - Asset Assessments.txt-chunk-0
[32mINFO[0m:     [29-06-2025 13:11:58] 127.0.0.1:51410 - "POST /api/v1/collections/06759ce4-e469-411b-abf9-124c05eb9bf1/add HTTP/1.1" 201
[32mINFO[0m:     [29-06-2025 13:11:58] 127.0.0.1:51410 - "GET /api/v1/collections HTTP/1.1" 200
[31mERROR[0m:    [29-06-2025 13:11:58] Collection maintstar-docs already exists
Traceback (most recent call last):
  File "/Users/juliareinhart/anaconda3/lib/python3.11/site-packages/anyio/streams/memory.py", line 98, in receive
    return self.receive_nowait()
           ^^^^^^^^^^^^^^^^^^^^^
  File "/Users/juliareinhart/anaconda3/lib/python3.11/site-packages/anyio/streams/memory.py", line 93, in receive_nowait
    raise WouldBlock
anyio.WouldBlock

During handling of the above exception, another exception occurred:

Traceback (most recent call last):
  File "/Users/juliareinhart/anaconda3/lib/python3.11/site-packages/starlette/middleware/base.py", line 148, in call_next
    message = await recv_stream.receive()
              ^^^^^^^^^^^^^^^^^^^^^^^^^^^
  File "/Users/juliareinhart/anaconda3/lib/python3.11/site-packages/anyio/streams/memory.py", line 118, in receive
    raise EndOfStream
anyio.EndOfStream

During handling of the above exception, another exception occurred:

Traceback (most recent call last):
  File "/Users/juliareinhart/anaconda3/lib/python3.11/site-packages/chromadb/server/fastapi/__init__.py", line 78, in catch_exceptions_middleware
    return await call_next(request)
           ^^^^^^^^^^^^^^^^^^^^^^^^
  File "/Users/juliareinhart/anaconda3/lib/python3.11/site-packages/starlette/middleware/base.py", line 156, in call_next
    raise app_exc
  File "/Users/juliareinhart/anaconda3/lib/python3.11/site-packages/starlette/middleware/base.py", line 141, in coro
    await self.app(scope, receive_or_disconnect, send_no_error)
  File "/Users/juliareinhart/anaconda3/lib/python3.11/site-packages/starlette/middleware/base.py", line 178, in __call__
    response = await self.dispatch_func(request, call_next)
               ^^^^^^^^^^^^^^^^^^^^^^^^^^^^^^^^^^^^^^^^^^^^
  File "/Users/juliareinhart/anaconda3/lib/python3.11/site-packages/chromadb/server/fastapi/__init__.py", line 92, in check_http_version_middleware
    return await call_next(request)
           ^^^^^^^^^^^^^^^^^^^^^^^^
  File "/Users/juliareinhart/anaconda3/lib/python3.11/site-packages/starlette/middleware/base.py", line 156, in call_next
    raise app_exc
  File "/Users/juliareinhart/anaconda3/lib/python3.11/site-packages/starlette/middleware/base.py", line 141, in coro
    await self.app(scope, receive_or_disconnect, send_no_error)
  File "/Users/juliareinhart/anaconda3/lib/python3.11/site-packages/starlette/middleware/exceptions.py", line 62, in __call__
    await wrap_app_handling_exceptions(self.app, conn)(scope, receive, send)
  File "/Users/juliareinhart/anaconda3/lib/python3.11/site-packages/starlette/_exception_handler.py", line 53, in wrapped_app
    raise exc
  File "/Users/juliareinhart/anaconda3/lib/python3.11/site-packages/starlette/_exception_handler.py", line 42, in wrapped_app
    await app(scope, receive, sender)
  File "/Users/juliareinhart/anaconda3/lib/python3.11/site-packages/starlette/routing.py", line 714, in __call__
    await self.middleware_stack(scope, receive, send)
  File "/Users/juliareinhart/anaconda3/lib/python3.11/site-packages/starlette/routing.py", line 734, in app
    await route.handle(scope, receive, send)
  File "/Users/juliareinhart/anaconda3/lib/python3.11/site-packages/starlette/routing.py", line 288, in handle
    await self.app(scope, receive, send)
  File "/Users/juliareinhart/anaconda3/lib/python3.11/site-packages/starlette/routing.py", line 76, in app
    await wrap_app_handling_exceptions(app, request)(scope, receive, send)
  File "/Users/juliareinhart/anaconda3/lib/python3.11/site-packages/starlette/_exception_handler.py", line 53, in wrapped_app
    raise exc
  File "/Users/juliareinhart/anaconda3/lib/python3.11/site-packages/starlette/_exception_handler.py", line 42, in wrapped_app
    await app(scope, receive, sender)
  File "/Users/juliareinhart/anaconda3/lib/python3.11/site-packages/starlette/routing.py", line 73, in app
    response = await f(request)
               ^^^^^^^^^^^^^^^^
  File "/Users/juliareinhart/anaconda3/lib/python3.11/site-packages/fastapi/routing.py", line 301, in app
    raw_response = await run_endpoint_function(
                   ^^^^^^^^^^^^^^^^^^^^^^^^^^^^
  File "/Users/juliareinhart/anaconda3/lib/python3.11/site-packages/fastapi/routing.py", line 212, in run_endpoint_function
    return await dependant.call(**values)
           ^^^^^^^^^^^^^^^^^^^^^^^^^^^^^^
  File "/Users/juliareinhart/anaconda3/lib/python3.11/site-packages/chromadb/telemetry/opentelemetry/__init__.py", line 130, in wrapper
    return await f(*args, **kwargs)
           ^^^^^^^^^^^^^^^^^^^^^^^^
  File "/Users/juliareinhart/anaconda3/lib/python3.11/site-packages/chromadb/server/fastapi/__init__.py", line 630, in create_collection
    await to_thread.run_sync(
  File "/Users/juliareinhart/anaconda3/lib/python3.11/site-packages/anyio/to_thread.py", line 33, in run_sync
    return await get_asynclib().run_sync_in_worker_thread(
           ^^^^^^^^^^^^^^^^^^^^^^^^^^^^^^^^^^^^^^^^^^^^^^^
  File "/Users/juliareinhart/anaconda3/lib/python3.11/site-packages/anyio/_backends/_asyncio.py", line 877, in run_sync_in_worker_thread
    return await future
           ^^^^^^^^^^^^
  File "/Users/juliareinhart/anaconda3/lib/python3.11/site-packages/anyio/_backends/_asyncio.py", line 807, in run
    result = context.run(func, *args)
             ^^^^^^^^^^^^^^^^^^^^^^^^
  File "/Users/juliareinhart/anaconda3/lib/python3.11/site-packages/chromadb/server/fastapi/__init__.py", line 620, in process_create_collection
    return self._api.create_collection(
           ^^^^^^^^^^^^^^^^^^^^^^^^^^^^
  File "/Users/juliareinhart/anaconda3/lib/python3.11/site-packages/chromadb/telemetry/opentelemetry/__init__.py", line 143, in wrapper
    return f(*args, **kwargs)
           ^^^^^^^^^^^^^^^^^^
  File "/Users/juliareinhart/anaconda3/lib/python3.11/site-packages/chromadb/api/segment.py", line 173, in create_collection
    coll, created = self._sysdb.create_collection(
                    ^^^^^^^^^^^^^^^^^^^^^^^^^^^^^^
  File "/Users/juliareinhart/anaconda3/lib/python3.11/site-packages/chromadb/telemetry/opentelemetry/__init__.py", line 143, in wrapper
    return f(*args, **kwargs)
           ^^^^^^^^^^^^^^^^^^
  File "/Users/juliareinhart/anaconda3/lib/python3.11/site-packages/chromadb/db/mixins/sysdb.py", line 220, in create_collection
    raise UniqueConstraintError(f"Collection {name} already exists")
chromadb.db.base.UniqueConstraintError: Collection maintstar-docs already exists
[32mINFO[0m:     [29-06-2025 13:11:58] 127.0.0.1:51410 - "POST /api/v1/collections HTTP/1.1" 500
[32mINFO[0m:     [29-06-2025 13:11:58] 127.0.0.1:51410 - "GET /api/v1/collections HTTP/1.1" 200
[33mWARNING[0m:  [29-06-2025 13:11:58] Add of existing embedding ID: CH5_3 - Asset Acquisitions.txt-chunk-0
[33mWARNING[0m:  [29-06-2025 13:11:58] Insert of existing embedding ID: CH5_3 - Asset Acquisitions.txt-chunk-0
[32mINFO[0m:     [29-06-2025 13:11:58] 127.0.0.1:51410 - "POST /api/v1/collections/06759ce4-e469-411b-abf9-124c05eb9bf1/add HTTP/1.1" 201
[32mINFO[0m:     [29-06-2025 13:11:58] 127.0.0.1:51410 - "GET /api/v1/collections HTTP/1.1" 200
[31mERROR[0m:    [29-06-2025 13:11:58] Collection maintstar-docs already exists
Traceback (most recent call last):
  File "/Users/juliareinhart/anaconda3/lib/python3.11/site-packages/anyio/streams/memory.py", line 98, in receive
    return self.receive_nowait()
           ^^^^^^^^^^^^^^^^^^^^^
  File "/Users/juliareinhart/anaconda3/lib/python3.11/site-packages/anyio/streams/memory.py", line 93, in receive_nowait
    raise WouldBlock
anyio.WouldBlock

During handling of the above exception, another exception occurred:

Traceback (most recent call last):
  File "/Users/juliareinhart/anaconda3/lib/python3.11/site-packages/starlette/middleware/base.py", line 148, in call_next
    message = await recv_stream.receive()
              ^^^^^^^^^^^^^^^^^^^^^^^^^^^
  File "/Users/juliareinhart/anaconda3/lib/python3.11/site-packages/anyio/streams/memory.py", line 118, in receive
    raise EndOfStream
anyio.EndOfStream

During handling of the above exception, another exception occurred:

Traceback (most recent call last):
  File "/Users/juliareinhart/anaconda3/lib/python3.11/site-packages/chromadb/server/fastapi/__init__.py", line 78, in catch_exceptions_middleware
    return await call_next(request)
           ^^^^^^^^^^^^^^^^^^^^^^^^
  File "/Users/juliareinhart/anaconda3/lib/python3.11/site-packages/starlette/middleware/base.py", line 156, in call_next
    raise app_exc
  File "/Users/juliareinhart/anaconda3/lib/python3.11/site-packages/starlette/middleware/base.py", line 141, in coro
    await self.app(scope, receive_or_disconnect, send_no_error)
  File "/Users/juliareinhart/anaconda3/lib/python3.11/site-packages/starlette/middleware/base.py", line 178, in __call__
    response = await self.dispatch_func(request, call_next)
               ^^^^^^^^^^^^^^^^^^^^^^^^^^^^^^^^^^^^^^^^^^^^
  File "/Users/juliareinhart/anaconda3/lib/python3.11/site-packages/chromadb/server/fastapi/__init__.py", line 92, in check_http_version_middleware
    return await call_next(request)
           ^^^^^^^^^^^^^^^^^^^^^^^^
  File "/Users/juliareinhart/anaconda3/lib/python3.11/site-packages/starlette/middleware/base.py", line 156, in call_next
    raise app_exc
  File "/Users/juliareinhart/anaconda3/lib/python3.11/site-packages/starlette/middleware/base.py", line 141, in coro
    await self.app(scope, receive_or_disconnect, send_no_error)
  File "/Users/juliareinhart/anaconda3/lib/python3.11/site-packages/starlette/middleware/exceptions.py", line 62, in __call__
    await wrap_app_handling_exceptions(self.app, conn)(scope, receive, send)
  File "/Users/juliareinhart/anaconda3/lib/python3.11/site-packages/starlette/_exception_handler.py", line 53, in wrapped_app
    raise exc
  File "/Users/juliareinhart/anaconda3/lib/python3.11/site-packages/starlette/_exception_handler.py", line 42, in wrapped_app
    await app(scope, receive, sender)
  File "/Users/juliareinhart/anaconda3/lib/python3.11/site-packages/starlette/routing.py", line 714, in __call__
    await self.middleware_stack(scope, receive, send)
  File "/Users/juliareinhart/anaconda3/lib/python3.11/site-packages/starlette/routing.py", line 734, in app
    await route.handle(scope, receive, send)
  File "/Users/juliareinhart/anaconda3/lib/python3.11/site-packages/starlette/routing.py", line 288, in handle
    await self.app(scope, receive, send)
  File "/Users/juliareinhart/anaconda3/lib/python3.11/site-packages/starlette/routing.py", line 76, in app
    await wrap_app_handling_exceptions(app, request)(scope, receive, send)
  File "/Users/juliareinhart/anaconda3/lib/python3.11/site-packages/starlette/_exception_handler.py", line 53, in wrapped_app
    raise exc
  File "/Users/juliareinhart/anaconda3/lib/python3.11/site-packages/starlette/_exception_handler.py", line 42, in wrapped_app
    await app(scope, receive, sender)
  File "/Users/juliareinhart/anaconda3/lib/python3.11/site-packages/starlette/routing.py", line 73, in app
    response = await f(request)
               ^^^^^^^^^^^^^^^^
  File "/Users/juliareinhart/anaconda3/lib/python3.11/site-packages/fastapi/routing.py", line 301, in app
    raw_response = await run_endpoint_function(
                   ^^^^^^^^^^^^^^^^^^^^^^^^^^^^
  File "/Users/juliareinhart/anaconda3/lib/python3.11/site-packages/fastapi/routing.py", line 212, in run_endpoint_function
    return await dependant.call(**values)
           ^^^^^^^^^^^^^^^^^^^^^^^^^^^^^^
  File "/Users/juliareinhart/anaconda3/lib/python3.11/site-packages/chromadb/telemetry/opentelemetry/__init__.py", line 130, in wrapper
    return await f(*args, **kwargs)
           ^^^^^^^^^^^^^^^^^^^^^^^^
  File "/Users/juliareinhart/anaconda3/lib/python3.11/site-packages/chromadb/server/fastapi/__init__.py", line 630, in create_collection
    await to_thread.run_sync(
  File "/Users/juliareinhart/anaconda3/lib/python3.11/site-packages/anyio/to_thread.py", line 33, in run_sync
    return await get_asynclib().run_sync_in_worker_thread(
           ^^^^^^^^^^^^^^^^^^^^^^^^^^^^^^^^^^^^^^^^^^^^^^^
  File "/Users/juliareinhart/anaconda3/lib/python3.11/site-packages/anyio/_backends/_asyncio.py", line 877, in run_sync_in_worker_thread
    return await future
           ^^^^^^^^^^^^
  File "/Users/juliareinhart/anaconda3/lib/python3.11/site-packages/anyio/_backends/_asyncio.py", line 807, in run
    result = context.run(func, *args)
             ^^^^^^^^^^^^^^^^^^^^^^^^
  File "/Users/juliareinhart/anaconda3/lib/python3.11/site-packages/chromadb/server/fastapi/__init__.py", line 620, in process_create_collection
    return self._api.create_collection(
           ^^^^^^^^^^^^^^^^^^^^^^^^^^^^
  File "/Users/juliareinhart/anaconda3/lib/python3.11/site-packages/chromadb/telemetry/opentelemetry/__init__.py", line 143, in wrapper
    return f(*args, **kwargs)
           ^^^^^^^^^^^^^^^^^^
  File "/Users/juliareinhart/anaconda3/lib/python3.11/site-packages/chromadb/api/segment.py", line 173, in create_collection
    coll, created = self._sysdb.create_collection(
                    ^^^^^^^^^^^^^^^^^^^^^^^^^^^^^^
  File "/Users/juliareinhart/anaconda3/lib/python3.11/site-packages/chromadb/telemetry/opentelemetry/__init__.py", line 143, in wrapper
    return f(*args, **kwargs)
           ^^^^^^^^^^^^^^^^^^
  File "/Users/juliareinhart/anaconda3/lib/python3.11/site-packages/chromadb/db/mixins/sysdb.py", line 220, in create_collection
    raise UniqueConstraintError(f"Collection {name} already exists")
chromadb.db.base.UniqueConstraintError: Collection maintstar-docs already exists
[32mINFO[0m:     [29-06-2025 13:11:58] 127.0.0.1:51410 - "POST /api/v1/collections HTTP/1.1" 500
[32mINFO[0m:     [29-06-2025 13:11:58] 127.0.0.1:51410 - "GET /api/v1/collections HTTP/1.1" 200
[33mWARNING[0m:  [29-06-2025 13:11:58] Add of existing embedding ID: CH5_4 - Asset Disposals.txt-chunk-0
[33mWARNING[0m:  [29-06-2025 13:11:58] Insert of existing embedding ID: CH5_4 - Asset Disposals.txt-chunk-0
[32mINFO[0m:     [29-06-2025 13:11:58] 127.0.0.1:51410 - "POST /api/v1/collections/06759ce4-e469-411b-abf9-124c05eb9bf1/add HTTP/1.1" 201
[32mINFO[0m:     [29-06-2025 13:11:58] 127.0.0.1:51410 - "GET /api/v1/collections HTTP/1.1" 200
[31mERROR[0m:    [29-06-2025 13:11:58] Collection maintstar-docs already exists
Traceback (most recent call last):
  File "/Users/juliareinhart/anaconda3/lib/python3.11/site-packages/anyio/streams/memory.py", line 98, in receive
    return self.receive_nowait()
           ^^^^^^^^^^^^^^^^^^^^^
  File "/Users/juliareinhart/anaconda3/lib/python3.11/site-packages/anyio/streams/memory.py", line 93, in receive_nowait
    raise WouldBlock
anyio.WouldBlock

During handling of the above exception, another exception occurred:

Traceback (most recent call last):
  File "/Users/juliareinhart/anaconda3/lib/python3.11/site-packages/starlette/middleware/base.py", line 148, in call_next
    message = await recv_stream.receive()
              ^^^^^^^^^^^^^^^^^^^^^^^^^^^
  File "/Users/juliareinhart/anaconda3/lib/python3.11/site-packages/anyio/streams/memory.py", line 118, in receive
    raise EndOfStream
anyio.EndOfStream

During handling of the above exception, another exception occurred:

Traceback (most recent call last):
  File "/Users/juliareinhart/anaconda3/lib/python3.11/site-packages/chromadb/server/fastapi/__init__.py", line 78, in catch_exceptions_middleware
    return await call_next(request)
           ^^^^^^^^^^^^^^^^^^^^^^^^
  File "/Users/juliareinhart/anaconda3/lib/python3.11/site-packages/starlette/middleware/base.py", line 156, in call_next
    raise app_exc
  File "/Users/juliareinhart/anaconda3/lib/python3.11/site-packages/starlette/middleware/base.py", line 141, in coro
    await self.app(scope, receive_or_disconnect, send_no_error)
  File "/Users/juliareinhart/anaconda3/lib/python3.11/site-packages/starlette/middleware/base.py", line 178, in __call__
    response = await self.dispatch_func(request, call_next)
               ^^^^^^^^^^^^^^^^^^^^^^^^^^^^^^^^^^^^^^^^^^^^
  File "/Users/juliareinhart/anaconda3/lib/python3.11/site-packages/chromadb/server/fastapi/__init__.py", line 92, in check_http_version_middleware
    return await call_next(request)
           ^^^^^^^^^^^^^^^^^^^^^^^^
  File "/Users/juliareinhart/anaconda3/lib/python3.11/site-packages/starlette/middleware/base.py", line 156, in call_next
    raise app_exc
  File "/Users/juliareinhart/anaconda3/lib/python3.11/site-packages/starlette/middleware/base.py", line 141, in coro
    await self.app(scope, receive_or_disconnect, send_no_error)
  File "/Users/juliareinhart/anaconda3/lib/python3.11/site-packages/starlette/middleware/exceptions.py", line 62, in __call__
    await wrap_app_handling_exceptions(self.app, conn)(scope, receive, send)
  File "/Users/juliareinhart/anaconda3/lib/python3.11/site-packages/starlette/_exception_handler.py", line 53, in wrapped_app
    raise exc
  File "/Users/juliareinhart/anaconda3/lib/python3.11/site-packages/starlette/_exception_handler.py", line 42, in wrapped_app
    await app(scope, receive, sender)
  File "/Users/juliareinhart/anaconda3/lib/python3.11/site-packages/starlette/routing.py", line 714, in __call__
    await self.middleware_stack(scope, receive, send)
  File "/Users/juliareinhart/anaconda3/lib/python3.11/site-packages/starlette/routing.py", line 734, in app
    await route.handle(scope, receive, send)
  File "/Users/juliareinhart/anaconda3/lib/python3.11/site-packages/starlette/routing.py", line 288, in handle
    await self.app(scope, receive, send)
  File "/Users/juliareinhart/anaconda3/lib/python3.11/site-packages/starlette/routing.py", line 76, in app
    await wrap_app_handling_exceptions(app, request)(scope, receive, send)
  File "/Users/juliareinhart/anaconda3/lib/python3.11/site-packages/starlette/_exception_handler.py", line 53, in wrapped_app
    raise exc
  File "/Users/juliareinhart/anaconda3/lib/python3.11/site-packages/starlette/_exception_handler.py", line 42, in wrapped_app
    await app(scope, receive, sender)
  File "/Users/juliareinhart/anaconda3/lib/python3.11/site-packages/starlette/routing.py", line 73, in app
    response = await f(request)
               ^^^^^^^^^^^^^^^^
  File "/Users/juliareinhart/anaconda3/lib/python3.11/site-packages/fastapi/routing.py", line 301, in app
    raw_response = await run_endpoint_function(
                   ^^^^^^^^^^^^^^^^^^^^^^^^^^^^
  File "/Users/juliareinhart/anaconda3/lib/python3.11/site-packages/fastapi/routing.py", line 212, in run_endpoint_function
    return await dependant.call(**values)
           ^^^^^^^^^^^^^^^^^^^^^^^^^^^^^^
  File "/Users/juliareinhart/anaconda3/lib/python3.11/site-packages/chromadb/telemetry/opentelemetry/__init__.py", line 130, in wrapper
    return await f(*args, **kwargs)
           ^^^^^^^^^^^^^^^^^^^^^^^^
  File "/Users/juliareinhart/anaconda3/lib/python3.11/site-packages/chromadb/server/fastapi/__init__.py", line 630, in create_collection
    await to_thread.run_sync(
  File "/Users/juliareinhart/anaconda3/lib/python3.11/site-packages/anyio/to_thread.py", line 33, in run_sync
    return await get_asynclib().run_sync_in_worker_thread(
           ^^^^^^^^^^^^^^^^^^^^^^^^^^^^^^^^^^^^^^^^^^^^^^^
  File "/Users/juliareinhart/anaconda3/lib/python3.11/site-packages/anyio/_backends/_asyncio.py", line 877, in run_sync_in_worker_thread
    return await future
           ^^^^^^^^^^^^
  File "/Users/juliareinhart/anaconda3/lib/python3.11/site-packages/anyio/_backends/_asyncio.py", line 807, in run
    result = context.run(func, *args)
             ^^^^^^^^^^^^^^^^^^^^^^^^
  File "/Users/juliareinhart/anaconda3/lib/python3.11/site-packages/chromadb/server/fastapi/__init__.py", line 620, in process_create_collection
    return self._api.create_collection(
           ^^^^^^^^^^^^^^^^^^^^^^^^^^^^
  File "/Users/juliareinhart/anaconda3/lib/python3.11/site-packages/chromadb/telemetry/opentelemetry/__init__.py", line 143, in wrapper
    return f(*args, **kwargs)
           ^^^^^^^^^^^^^^^^^^
  File "/Users/juliareinhart/anaconda3/lib/python3.11/site-packages/chromadb/api/segment.py", line 173, in create_collection
    coll, created = self._sysdb.create_collection(
                    ^^^^^^^^^^^^^^^^^^^^^^^^^^^^^^
  File "/Users/juliareinhart/anaconda3/lib/python3.11/site-packages/chromadb/telemetry/opentelemetry/__init__.py", line 143, in wrapper
    return f(*args, **kwargs)
           ^^^^^^^^^^^^^^^^^^
  File "/Users/juliareinhart/anaconda3/lib/python3.11/site-packages/chromadb/db/mixins/sysdb.py", line 220, in create_collection
    raise UniqueConstraintError(f"Collection {name} already exists")
chromadb.db.base.UniqueConstraintError: Collection maintstar-docs already exists
[32mINFO[0m:     [29-06-2025 13:11:58] 127.0.0.1:51410 - "POST /api/v1/collections HTTP/1.1" 500
[32mINFO[0m:     [29-06-2025 13:11:58] 127.0.0.1:51410 - "GET /api/v1/collections HTTP/1.1" 200
[33mWARNING[0m:  [29-06-2025 13:11:58] Add of existing embedding ID: CH5_5 - Asset Deficiencies.txt-chunk-0
[33mWARNING[0m:  [29-06-2025 13:11:58] Insert of existing embedding ID: CH5_5 - Asset Deficiencies.txt-chunk-0
[32mINFO[0m:     [29-06-2025 13:11:58] 127.0.0.1:51410 - "POST /api/v1/collections/06759ce4-e469-411b-abf9-124c05eb9bf1/add HTTP/1.1" 201
[32mINFO[0m:     [29-06-2025 13:11:58] 127.0.0.1:51410 - "GET /api/v1/collections HTTP/1.1" 200
[31mERROR[0m:    [29-06-2025 13:11:58] Collection maintstar-docs already exists
Traceback (most recent call last):
  File "/Users/juliareinhart/anaconda3/lib/python3.11/site-packages/anyio/streams/memory.py", line 98, in receive
    return self.receive_nowait()
           ^^^^^^^^^^^^^^^^^^^^^
  File "/Users/juliareinhart/anaconda3/lib/python3.11/site-packages/anyio/streams/memory.py", line 93, in receive_nowait
    raise WouldBlock
anyio.WouldBlock

During handling of the above exception, another exception occurred:

Traceback (most recent call last):
  File "/Users/juliareinhart/anaconda3/lib/python3.11/site-packages/starlette/middleware/base.py", line 148, in call_next
    message = await recv_stream.receive()
              ^^^^^^^^^^^^^^^^^^^^^^^^^^^
  File "/Users/juliareinhart/anaconda3/lib/python3.11/site-packages/anyio/streams/memory.py", line 118, in receive
    raise EndOfStream
anyio.EndOfStream

During handling of the above exception, another exception occurred:

Traceback (most recent call last):
  File "/Users/juliareinhart/anaconda3/lib/python3.11/site-packages/chromadb/server/fastapi/__init__.py", line 78, in catch_exceptions_middleware
    return await call_next(request)
           ^^^^^^^^^^^^^^^^^^^^^^^^
  File "/Users/juliareinhart/anaconda3/lib/python3.11/site-packages/starlette/middleware/base.py", line 156, in call_next
    raise app_exc
  File "/Users/juliareinhart/anaconda3/lib/python3.11/site-packages/starlette/middleware/base.py", line 141, in coro
    await self.app(scope, receive_or_disconnect, send_no_error)
  File "/Users/juliareinhart/anaconda3/lib/python3.11/site-packages/starlette/middleware/base.py", line 178, in __call__
    response = await self.dispatch_func(request, call_next)
               ^^^^^^^^^^^^^^^^^^^^^^^^^^^^^^^^^^^^^^^^^^^^
  File "/Users/juliareinhart/anaconda3/lib/python3.11/site-packages/chromadb/server/fastapi/__init__.py", line 92, in check_http_version_middleware
    return await call_next(request)
           ^^^^^^^^^^^^^^^^^^^^^^^^
  File "/Users/juliareinhart/anaconda3/lib/python3.11/site-packages/starlette/middleware/base.py", line 156, in call_next
    raise app_exc
  File "/Users/juliareinhart/anaconda3/lib/python3.11/site-packages/starlette/middleware/base.py", line 141, in coro
    await self.app(scope, receive_or_disconnect, send_no_error)
  File "/Users/juliareinhart/anaconda3/lib/python3.11/site-packages/starlette/middleware/exceptions.py", line 62, in __call__
    await wrap_app_handling_exceptions(self.app, conn)(scope, receive, send)
  File "/Users/juliareinhart/anaconda3/lib/python3.11/site-packages/starlette/_exception_handler.py", line 53, in wrapped_app
    raise exc
  File "/Users/juliareinhart/anaconda3/lib/python3.11/site-packages/starlette/_exception_handler.py", line 42, in wrapped_app
    await app(scope, receive, sender)
  File "/Users/juliareinhart/anaconda3/lib/python3.11/site-packages/starlette/routing.py", line 714, in __call__
    await self.middleware_stack(scope, receive, send)
  File "/Users/juliareinhart/anaconda3/lib/python3.11/site-packages/starlette/routing.py", line 734, in app
    await route.handle(scope, receive, send)
  File "/Users/juliareinhart/anaconda3/lib/python3.11/site-packages/starlette/routing.py", line 288, in handle
    await self.app(scope, receive, send)
  File "/Users/juliareinhart/anaconda3/lib/python3.11/site-packages/starlette/routing.py", line 76, in app
    await wrap_app_handling_exceptions(app, request)(scope, receive, send)
  File "/Users/juliareinhart/anaconda3/lib/python3.11/site-packages/starlette/_exception_handler.py", line 53, in wrapped_app
    raise exc
  File "/Users/juliareinhart/anaconda3/lib/python3.11/site-packages/starlette/_exception_handler.py", line 42, in wrapped_app
    await app(scope, receive, sender)
  File "/Users/juliareinhart/anaconda3/lib/python3.11/site-packages/starlette/routing.py", line 73, in app
    response = await f(request)
               ^^^^^^^^^^^^^^^^
  File "/Users/juliareinhart/anaconda3/lib/python3.11/site-packages/fastapi/routing.py", line 301, in app
    raw_response = await run_endpoint_function(
                   ^^^^^^^^^^^^^^^^^^^^^^^^^^^^
  File "/Users/juliareinhart/anaconda3/lib/python3.11/site-packages/fastapi/routing.py", line 212, in run_endpoint_function
    return await dependant.call(**values)
           ^^^^^^^^^^^^^^^^^^^^^^^^^^^^^^
  File "/Users/juliareinhart/anaconda3/lib/python3.11/site-packages/chromadb/telemetry/opentelemetry/__init__.py", line 130, in wrapper
    return await f(*args, **kwargs)
           ^^^^^^^^^^^^^^^^^^^^^^^^
  File "/Users/juliareinhart/anaconda3/lib/python3.11/site-packages/chromadb/server/fastapi/__init__.py", line 630, in create_collection
    await to_thread.run_sync(
  File "/Users/juliareinhart/anaconda3/lib/python3.11/site-packages/anyio/to_thread.py", line 33, in run_sync
    return await get_asynclib().run_sync_in_worker_thread(
           ^^^^^^^^^^^^^^^^^^^^^^^^^^^^^^^^^^^^^^^^^^^^^^^
  File "/Users/juliareinhart/anaconda3/lib/python3.11/site-packages/anyio/_backends/_asyncio.py", line 877, in run_sync_in_worker_thread
    return await future
           ^^^^^^^^^^^^
  File "/Users/juliareinhart/anaconda3/lib/python3.11/site-packages/anyio/_backends/_asyncio.py", line 807, in run
    result = context.run(func, *args)
             ^^^^^^^^^^^^^^^^^^^^^^^^
  File "/Users/juliareinhart/anaconda3/lib/python3.11/site-packages/chromadb/server/fastapi/__init__.py", line 620, in process_create_collection
    return self._api.create_collection(
           ^^^^^^^^^^^^^^^^^^^^^^^^^^^^
  File "/Users/juliareinhart/anaconda3/lib/python3.11/site-packages/chromadb/telemetry/opentelemetry/__init__.py", line 143, in wrapper
    return f(*args, **kwargs)
           ^^^^^^^^^^^^^^^^^^
  File "/Users/juliareinhart/anaconda3/lib/python3.11/site-packages/chromadb/api/segment.py", line 173, in create_collection
    coll, created = self._sysdb.create_collection(
                    ^^^^^^^^^^^^^^^^^^^^^^^^^^^^^^
  File "/Users/juliareinhart/anaconda3/lib/python3.11/site-packages/chromadb/telemetry/opentelemetry/__init__.py", line 143, in wrapper
    return f(*args, **kwargs)
           ^^^^^^^^^^^^^^^^^^
  File "/Users/juliareinhart/anaconda3/lib/python3.11/site-packages/chromadb/db/mixins/sysdb.py", line 220, in create_collection
    raise UniqueConstraintError(f"Collection {name} already exists")
chromadb.db.base.UniqueConstraintError: Collection maintstar-docs already exists
[32mINFO[0m:     [29-06-2025 13:11:58] 127.0.0.1:51410 - "POST /api/v1/collections HTTP/1.1" 500
[32mINFO[0m:     [29-06-2025 13:11:59] 127.0.0.1:51410 - "GET /api/v1/collections HTTP/1.1" 200
[33mWARNING[0m:  [29-06-2025 13:11:59] Add of existing embedding ID: CH6 - Mobile Work Order.txt-chunk-0
[33mWARNING[0m:  [29-06-2025 13:11:59] Add of existing embedding ID: CH6 - Mobile Work Order.txt-chunk-1
[33mWARNING[0m:  [29-06-2025 13:11:59] Add of existing embedding ID: CH6 - Mobile Work Order.txt-chunk-2
[33mWARNING[0m:  [29-06-2025 13:11:59] Insert of existing embedding ID: CH6 - Mobile Work Order.txt-chunk-0
[33mWARNING[0m:  [29-06-2025 13:11:59] Insert of existing embedding ID: CH6 - Mobile Work Order.txt-chunk-1
[33mWARNING[0m:  [29-06-2025 13:11:59] Insert of existing embedding ID: CH6 - Mobile Work Order.txt-chunk-2
[32mINFO[0m:     [29-06-2025 13:11:59] 127.0.0.1:51410 - "POST /api/v1/collections/06759ce4-e469-411b-abf9-124c05eb9bf1/add HTTP/1.1" 201
[32mINFO[0m:     [29-06-2025 13:11:59] 127.0.0.1:51410 - "GET /api/v1/collections HTTP/1.1" 200
[31mERROR[0m:    [29-06-2025 13:11:59] Collection maintstar-docs already exists
Traceback (most recent call last):
  File "/Users/juliareinhart/anaconda3/lib/python3.11/site-packages/anyio/streams/memory.py", line 98, in receive
    return self.receive_nowait()
           ^^^^^^^^^^^^^^^^^^^^^
  File "/Users/juliareinhart/anaconda3/lib/python3.11/site-packages/anyio/streams/memory.py", line 93, in receive_nowait
    raise WouldBlock
anyio.WouldBlock

During handling of the above exception, another exception occurred:

Traceback (most recent call last):
  File "/Users/juliareinhart/anaconda3/lib/python3.11/site-packages/starlette/middleware/base.py", line 148, in call_next
    message = await recv_stream.receive()
              ^^^^^^^^^^^^^^^^^^^^^^^^^^^
  File "/Users/juliareinhart/anaconda3/lib/python3.11/site-packages/anyio/streams/memory.py", line 118, in receive
    raise EndOfStream
anyio.EndOfStream

During handling of the above exception, another exception occurred:

Traceback (most recent call last):
  File "/Users/juliareinhart/anaconda3/lib/python3.11/site-packages/chromadb/server/fastapi/__init__.py", line 78, in catch_exceptions_middleware
    return await call_next(request)
           ^^^^^^^^^^^^^^^^^^^^^^^^
  File "/Users/juliareinhart/anaconda3/lib/python3.11/site-packages/starlette/middleware/base.py", line 156, in call_next
    raise app_exc
  File "/Users/juliareinhart/anaconda3/lib/python3.11/site-packages/starlette/middleware/base.py", line 141, in coro
    await self.app(scope, receive_or_disconnect, send_no_error)
  File "/Users/juliareinhart/anaconda3/lib/python3.11/site-packages/starlette/middleware/base.py", line 178, in __call__
    response = await self.dispatch_func(request, call_next)
               ^^^^^^^^^^^^^^^^^^^^^^^^^^^^^^^^^^^^^^^^^^^^
  File "/Users/juliareinhart/anaconda3/lib/python3.11/site-packages/chromadb/server/fastapi/__init__.py", line 92, in check_http_version_middleware
    return await call_next(request)
           ^^^^^^^^^^^^^^^^^^^^^^^^
  File "/Users/juliareinhart/anaconda3/lib/python3.11/site-packages/starlette/middleware/base.py", line 156, in call_next
    raise app_exc
  File "/Users/juliareinhart/anaconda3/lib/python3.11/site-packages/starlette/middleware/base.py", line 141, in coro
    await self.app(scope, receive_or_disconnect, send_no_error)
  File "/Users/juliareinhart/anaconda3/lib/python3.11/site-packages/starlette/middleware/exceptions.py", line 62, in __call__
    await wrap_app_handling_exceptions(self.app, conn)(scope, receive, send)
  File "/Users/juliareinhart/anaconda3/lib/python3.11/site-packages/starlette/_exception_handler.py", line 53, in wrapped_app
    raise exc
  File "/Users/juliareinhart/anaconda3/lib/python3.11/site-packages/starlette/_exception_handler.py", line 42, in wrapped_app
    await app(scope, receive, sender)
  File "/Users/juliareinhart/anaconda3/lib/python3.11/site-packages/starlette/routing.py", line 714, in __call__
    await self.middleware_stack(scope, receive, send)
  File "/Users/juliareinhart/anaconda3/lib/python3.11/site-packages/starlette/routing.py", line 734, in app
    await route.handle(scope, receive, send)
  File "/Users/juliareinhart/anaconda3/lib/python3.11/site-packages/starlette/routing.py", line 288, in handle
    await self.app(scope, receive, send)
  File "/Users/juliareinhart/anaconda3/lib/python3.11/site-packages/starlette/routing.py", line 76, in app
    await wrap_app_handling_exceptions(app, request)(scope, receive, send)
  File "/Users/juliareinhart/anaconda3/lib/python3.11/site-packages/starlette/_exception_handler.py", line 53, in wrapped_app
    raise exc
  File "/Users/juliareinhart/anaconda3/lib/python3.11/site-packages/starlette/_exception_handler.py", line 42, in wrapped_app
    await app(scope, receive, sender)
  File "/Users/juliareinhart/anaconda3/lib/python3.11/site-packages/starlette/routing.py", line 73, in app
    response = await f(request)
               ^^^^^^^^^^^^^^^^
  File "/Users/juliareinhart/anaconda3/lib/python3.11/site-packages/fastapi/routing.py", line 301, in app
    raw_response = await run_endpoint_function(
                   ^^^^^^^^^^^^^^^^^^^^^^^^^^^^
  File "/Users/juliareinhart/anaconda3/lib/python3.11/site-packages/fastapi/routing.py", line 212, in run_endpoint_function
    return await dependant.call(**values)
           ^^^^^^^^^^^^^^^^^^^^^^^^^^^^^^
  File "/Users/juliareinhart/anaconda3/lib/python3.11/site-packages/chromadb/telemetry/opentelemetry/__init__.py", line 130, in wrapper
    return await f(*args, **kwargs)
           ^^^^^^^^^^^^^^^^^^^^^^^^
  File "/Users/juliareinhart/anaconda3/lib/python3.11/site-packages/chromadb/server/fastapi/__init__.py", line 630, in create_collection
    await to_thread.run_sync(
  File "/Users/juliareinhart/anaconda3/lib/python3.11/site-packages/anyio/to_thread.py", line 33, in run_sync
    return await get_asynclib().run_sync_in_worker_thread(
           ^^^^^^^^^^^^^^^^^^^^^^^^^^^^^^^^^^^^^^^^^^^^^^^
  File "/Users/juliareinhart/anaconda3/lib/python3.11/site-packages/anyio/_backends/_asyncio.py", line 877, in run_sync_in_worker_thread
    return await future
           ^^^^^^^^^^^^
  File "/Users/juliareinhart/anaconda3/lib/python3.11/site-packages/anyio/_backends/_asyncio.py", line 807, in run
    result = context.run(func, *args)
             ^^^^^^^^^^^^^^^^^^^^^^^^
  File "/Users/juliareinhart/anaconda3/lib/python3.11/site-packages/chromadb/server/fastapi/__init__.py", line 620, in process_create_collection
    return self._api.create_collection(
           ^^^^^^^^^^^^^^^^^^^^^^^^^^^^
  File "/Users/juliareinhart/anaconda3/lib/python3.11/site-packages/chromadb/telemetry/opentelemetry/__init__.py", line 143, in wrapper
    return f(*args, **kwargs)
           ^^^^^^^^^^^^^^^^^^
  File "/Users/juliareinhart/anaconda3/lib/python3.11/site-packages/chromadb/api/segment.py", line 173, in create_collection
    coll, created = self._sysdb.create_collection(
                    ^^^^^^^^^^^^^^^^^^^^^^^^^^^^^^
  File "/Users/juliareinhart/anaconda3/lib/python3.11/site-packages/chromadb/telemetry/opentelemetry/__init__.py", line 143, in wrapper
    return f(*args, **kwargs)
           ^^^^^^^^^^^^^^^^^^
  File "/Users/juliareinhart/anaconda3/lib/python3.11/site-packages/chromadb/db/mixins/sysdb.py", line 220, in create_collection
    raise UniqueConstraintError(f"Collection {name} already exists")
chromadb.db.base.UniqueConstraintError: Collection maintstar-docs already exists
[32mINFO[0m:     [29-06-2025 13:11:59] 127.0.0.1:51410 - "POST /api/v1/collections HTTP/1.1" 500
[32mINFO[0m:     [29-06-2025 13:12:00] 127.0.0.1:51410 - "GET /api/v1/collections HTTP/1.1" 200
[33mWARNING[0m:  [29-06-2025 13:12:00] Add of existing embedding ID: CH7 - KPI Dashboards.txt-chunk-0
[33mWARNING[0m:  [29-06-2025 13:12:00] Add of existing embedding ID: CH7 - KPI Dashboards.txt-chunk-1
[33mWARNING[0m:  [29-06-2025 13:12:00] Insert of existing embedding ID: CH7 - KPI Dashboards.txt-chunk-0
[33mWARNING[0m:  [29-06-2025 13:12:00] Insert of existing embedding ID: CH7 - KPI Dashboards.txt-chunk-1
[32mINFO[0m:     [29-06-2025 13:12:00] 127.0.0.1:51410 - "POST /api/v1/collections/06759ce4-e469-411b-abf9-124c05eb9bf1/add HTTP/1.1" 201
[32mINFO[0m:     [29-06-2025 13:12:00] 127.0.0.1:51410 - "GET /api/v1/collections HTTP/1.1" 200
[31mERROR[0m:    [29-06-2025 13:12:00] Collection maintstar-docs already exists
Traceback (most recent call last):
  File "/Users/juliareinhart/anaconda3/lib/python3.11/site-packages/anyio/streams/memory.py", line 98, in receive
    return self.receive_nowait()
           ^^^^^^^^^^^^^^^^^^^^^
  File "/Users/juliareinhart/anaconda3/lib/python3.11/site-packages/anyio/streams/memory.py", line 93, in receive_nowait
    raise WouldBlock
anyio.WouldBlock

During handling of the above exception, another exception occurred:

Traceback (most recent call last):
  File "/Users/juliareinhart/anaconda3/lib/python3.11/site-packages/starlette/middleware/base.py", line 148, in call_next
    message = await recv_stream.receive()
              ^^^^^^^^^^^^^^^^^^^^^^^^^^^
  File "/Users/juliareinhart/anaconda3/lib/python3.11/site-packages/anyio/streams/memory.py", line 118, in receive
    raise EndOfStream
anyio.EndOfStream

During handling of the above exception, another exception occurred:

Traceback (most recent call last):
  File "/Users/juliareinhart/anaconda3/lib/python3.11/site-packages/chromadb/server/fastapi/__init__.py", line 78, in catch_exceptions_middleware
    return await call_next(request)
           ^^^^^^^^^^^^^^^^^^^^^^^^
  File "/Users/juliareinhart/anaconda3/lib/python3.11/site-packages/starlette/middleware/base.py", line 156, in call_next
    raise app_exc
  File "/Users/juliareinhart/anaconda3/lib/python3.11/site-packages/starlette/middleware/base.py", line 141, in coro
    await self.app(scope, receive_or_disconnect, send_no_error)
  File "/Users/juliareinhart/anaconda3/lib/python3.11/site-packages/starlette/middleware/base.py", line 178, in __call__
    response = await self.dispatch_func(request, call_next)
               ^^^^^^^^^^^^^^^^^^^^^^^^^^^^^^^^^^^^^^^^^^^^
  File "/Users/juliareinhart/anaconda3/lib/python3.11/site-packages/chromadb/server/fastapi/__init__.py", line 92, in check_http_version_middleware
    return await call_next(request)
           ^^^^^^^^^^^^^^^^^^^^^^^^
  File "/Users/juliareinhart/anaconda3/lib/python3.11/site-packages/starlette/middleware/base.py", line 156, in call_next
    raise app_exc
  File "/Users/juliareinhart/anaconda3/lib/python3.11/site-packages/starlette/middleware/base.py", line 141, in coro
    await self.app(scope, receive_or_disconnect, send_no_error)
  File "/Users/juliareinhart/anaconda3/lib/python3.11/site-packages/starlette/middleware/exceptions.py", line 62, in __call__
    await wrap_app_handling_exceptions(self.app, conn)(scope, receive, send)
  File "/Users/juliareinhart/anaconda3/lib/python3.11/site-packages/starlette/_exception_handler.py", line 53, in wrapped_app
    raise exc
  File "/Users/juliareinhart/anaconda3/lib/python3.11/site-packages/starlette/_exception_handler.py", line 42, in wrapped_app
    await app(scope, receive, sender)
  File "/Users/juliareinhart/anaconda3/lib/python3.11/site-packages/starlette/routing.py", line 714, in __call__
    await self.middleware_stack(scope, receive, send)
  File "/Users/juliareinhart/anaconda3/lib/python3.11/site-packages/starlette/routing.py", line 734, in app
    await route.handle(scope, receive, send)
  File "/Users/juliareinhart/anaconda3/lib/python3.11/site-packages/starlette/routing.py", line 288, in handle
    await self.app(scope, receive, send)
  File "/Users/juliareinhart/anaconda3/lib/python3.11/site-packages/starlette/routing.py", line 76, in app
    await wrap_app_handling_exceptions(app, request)(scope, receive, send)
  File "/Users/juliareinhart/anaconda3/lib/python3.11/site-packages/starlette/_exception_handler.py", line 53, in wrapped_app
    raise exc
  File "/Users/juliareinhart/anaconda3/lib/python3.11/site-packages/starlette/_exception_handler.py", line 42, in wrapped_app
    await app(scope, receive, sender)
  File "/Users/juliareinhart/anaconda3/lib/python3.11/site-packages/starlette/routing.py", line 73, in app
    response = await f(request)
               ^^^^^^^^^^^^^^^^
  File "/Users/juliareinhart/anaconda3/lib/python3.11/site-packages/fastapi/routing.py", line 301, in app
    raw_response = await run_endpoint_function(
                   ^^^^^^^^^^^^^^^^^^^^^^^^^^^^
  File "/Users/juliareinhart/anaconda3/lib/python3.11/site-packages/fastapi/routing.py", line 212, in run_endpoint_function
    return await dependant.call(**values)
           ^^^^^^^^^^^^^^^^^^^^^^^^^^^^^^
  File "/Users/juliareinhart/anaconda3/lib/python3.11/site-packages/chromadb/telemetry/opentelemetry/__init__.py", line 130, in wrapper
    return await f(*args, **kwargs)
           ^^^^^^^^^^^^^^^^^^^^^^^^
  File "/Users/juliareinhart/anaconda3/lib/python3.11/site-packages/chromadb/server/fastapi/__init__.py", line 630, in create_collection
    await to_thread.run_sync(
  File "/Users/juliareinhart/anaconda3/lib/python3.11/site-packages/anyio/to_thread.py", line 33, in run_sync
    return await get_asynclib().run_sync_in_worker_thread(
           ^^^^^^^^^^^^^^^^^^^^^^^^^^^^^^^^^^^^^^^^^^^^^^^
  File "/Users/juliareinhart/anaconda3/lib/python3.11/site-packages/anyio/_backends/_asyncio.py", line 877, in run_sync_in_worker_thread
    return await future
           ^^^^^^^^^^^^
  File "/Users/juliareinhart/anaconda3/lib/python3.11/site-packages/anyio/_backends/_asyncio.py", line 807, in run
    result = context.run(func, *args)
             ^^^^^^^^^^^^^^^^^^^^^^^^
  File "/Users/juliareinhart/anaconda3/lib/python3.11/site-packages/chromadb/server/fastapi/__init__.py", line 620, in process_create_collection
    return self._api.create_collection(
           ^^^^^^^^^^^^^^^^^^^^^^^^^^^^
  File "/Users/juliareinhart/anaconda3/lib/python3.11/site-packages/chromadb/telemetry/opentelemetry/__init__.py", line 143, in wrapper
    return f(*args, **kwargs)
           ^^^^^^^^^^^^^^^^^^
  File "/Users/juliareinhart/anaconda3/lib/python3.11/site-packages/chromadb/api/segment.py", line 173, in create_collection
    coll, created = self._sysdb.create_collection(
                    ^^^^^^^^^^^^^^^^^^^^^^^^^^^^^^
  File "/Users/juliareinhart/anaconda3/lib/python3.11/site-packages/chromadb/telemetry/opentelemetry/__init__.py", line 143, in wrapper
    return f(*args, **kwargs)
           ^^^^^^^^^^^^^^^^^^
  File "/Users/juliareinhart/anaconda3/lib/python3.11/site-packages/chromadb/db/mixins/sysdb.py", line 220, in create_collection
    raise UniqueConstraintError(f"Collection {name} already exists")
chromadb.db.base.UniqueConstraintError: Collection maintstar-docs already exists
[32mINFO[0m:     [29-06-2025 13:12:00] 127.0.0.1:51410 - "POST /api/v1/collections HTTP/1.1" 500
[32mINFO[0m:     [29-06-2025 13:12:00] 127.0.0.1:51410 - "GET /api/v1/collections HTTP/1.1" 200
[33mWARNING[0m:  [29-06-2025 13:12:00] Add of existing embedding ID: CH8.2 - Inventory ABC Cycle Counts.txt-chunk-0
[33mWARNING[0m:  [29-06-2025 13:12:00] Insert of existing embedding ID: CH8.2 - Inventory ABC Cycle Counts.txt-chunk-0
[32mINFO[0m:     [29-06-2025 13:12:00] 127.0.0.1:51410 - "POST /api/v1/collections/06759ce4-e469-411b-abf9-124c05eb9bf1/add HTTP/1.1" 201
[32mINFO[0m:     [29-06-2025 13:12:00] 127.0.0.1:51410 - "GET /api/v1/collections HTTP/1.1" 200
[31mERROR[0m:    [29-06-2025 13:12:00] Collection maintstar-docs already exists
Traceback (most recent call last):
  File "/Users/juliareinhart/anaconda3/lib/python3.11/site-packages/anyio/streams/memory.py", line 98, in receive
    return self.receive_nowait()
           ^^^^^^^^^^^^^^^^^^^^^
  File "/Users/juliareinhart/anaconda3/lib/python3.11/site-packages/anyio/streams/memory.py", line 93, in receive_nowait
    raise WouldBlock
anyio.WouldBlock

During handling of the above exception, another exception occurred:

Traceback (most recent call last):
  File "/Users/juliareinhart/anaconda3/lib/python3.11/site-packages/starlette/middleware/base.py", line 148, in call_next
    message = await recv_stream.receive()
              ^^^^^^^^^^^^^^^^^^^^^^^^^^^
  File "/Users/juliareinhart/anaconda3/lib/python3.11/site-packages/anyio/streams/memory.py", line 118, in receive
    raise EndOfStream
anyio.EndOfStream

During handling of the above exception, another exception occurred:

Traceback (most recent call last):
  File "/Users/juliareinhart/anaconda3/lib/python3.11/site-packages/chromadb/server/fastapi/__init__.py", line 78, in catch_exceptions_middleware
    return await call_next(request)
           ^^^^^^^^^^^^^^^^^^^^^^^^
  File "/Users/juliareinhart/anaconda3/lib/python3.11/site-packages/starlette/middleware/base.py", line 156, in call_next
    raise app_exc
  File "/Users/juliareinhart/anaconda3/lib/python3.11/site-packages/starlette/middleware/base.py", line 141, in coro
    await self.app(scope, receive_or_disconnect, send_no_error)
  File "/Users/juliareinhart/anaconda3/lib/python3.11/site-packages/starlette/middleware/base.py", line 178, in __call__
    response = await self.dispatch_func(request, call_next)
               ^^^^^^^^^^^^^^^^^^^^^^^^^^^^^^^^^^^^^^^^^^^^
  File "/Users/juliareinhart/anaconda3/lib/python3.11/site-packages/chromadb/server/fastapi/__init__.py", line 92, in check_http_version_middleware
    return await call_next(request)
           ^^^^^^^^^^^^^^^^^^^^^^^^
  File "/Users/juliareinhart/anaconda3/lib/python3.11/site-packages/starlette/middleware/base.py", line 156, in call_next
    raise app_exc
  File "/Users/juliareinhart/anaconda3/lib/python3.11/site-packages/starlette/middleware/base.py", line 141, in coro
    await self.app(scope, receive_or_disconnect, send_no_error)
  File "/Users/juliareinhart/anaconda3/lib/python3.11/site-packages/starlette/middleware/exceptions.py", line 62, in __call__
    await wrap_app_handling_exceptions(self.app, conn)(scope, receive, send)
  File "/Users/juliareinhart/anaconda3/lib/python3.11/site-packages/starlette/_exception_handler.py", line 53, in wrapped_app
    raise exc
  File "/Users/juliareinhart/anaconda3/lib/python3.11/site-packages/starlette/_exception_handler.py", line 42, in wrapped_app
    await app(scope, receive, sender)
  File "/Users/juliareinhart/anaconda3/lib/python3.11/site-packages/starlette/routing.py", line 714, in __call__
    await self.middleware_stack(scope, receive, send)
  File "/Users/juliareinhart/anaconda3/lib/python3.11/site-packages/starlette/routing.py", line 734, in app
    await route.handle(scope, receive, send)
  File "/Users/juliareinhart/anaconda3/lib/python3.11/site-packages/starlette/routing.py", line 288, in handle
    await self.app(scope, receive, send)
  File "/Users/juliareinhart/anaconda3/lib/python3.11/site-packages/starlette/routing.py", line 76, in app
    await wrap_app_handling_exceptions(app, request)(scope, receive, send)
  File "/Users/juliareinhart/anaconda3/lib/python3.11/site-packages/starlette/_exception_handler.py", line 53, in wrapped_app
    raise exc
  File "/Users/juliareinhart/anaconda3/lib/python3.11/site-packages/starlette/_exception_handler.py", line 42, in wrapped_app
    await app(scope, receive, sender)
  File "/Users/juliareinhart/anaconda3/lib/python3.11/site-packages/starlette/routing.py", line 73, in app
    response = await f(request)
               ^^^^^^^^^^^^^^^^
  File "/Users/juliareinhart/anaconda3/lib/python3.11/site-packages/fastapi/routing.py", line 301, in app
    raw_response = await run_endpoint_function(
                   ^^^^^^^^^^^^^^^^^^^^^^^^^^^^
  File "/Users/juliareinhart/anaconda3/lib/python3.11/site-packages/fastapi/routing.py", line 212, in run_endpoint_function
    return await dependant.call(**values)
           ^^^^^^^^^^^^^^^^^^^^^^^^^^^^^^
  File "/Users/juliareinhart/anaconda3/lib/python3.11/site-packages/chromadb/telemetry/opentelemetry/__init__.py", line 130, in wrapper
    return await f(*args, **kwargs)
           ^^^^^^^^^^^^^^^^^^^^^^^^
  File "/Users/juliareinhart/anaconda3/lib/python3.11/site-packages/chromadb/server/fastapi/__init__.py", line 630, in create_collection
    await to_thread.run_sync(
  File "/Users/juliareinhart/anaconda3/lib/python3.11/site-packages/anyio/to_thread.py", line 33, in run_sync
    return await get_asynclib().run_sync_in_worker_thread(
           ^^^^^^^^^^^^^^^^^^^^^^^^^^^^^^^^^^^^^^^^^^^^^^^
  File "/Users/juliareinhart/anaconda3/lib/python3.11/site-packages/anyio/_backends/_asyncio.py", line 877, in run_sync_in_worker_thread
    return await future
           ^^^^^^^^^^^^
  File "/Users/juliareinhart/anaconda3/lib/python3.11/site-packages/anyio/_backends/_asyncio.py", line 807, in run
    result = context.run(func, *args)
             ^^^^^^^^^^^^^^^^^^^^^^^^
  File "/Users/juliareinhart/anaconda3/lib/python3.11/site-packages/chromadb/server/fastapi/__init__.py", line 620, in process_create_collection
    return self._api.create_collection(
           ^^^^^^^^^^^^^^^^^^^^^^^^^^^^
  File "/Users/juliareinhart/anaconda3/lib/python3.11/site-packages/chromadb/telemetry/opentelemetry/__init__.py", line 143, in wrapper
    return f(*args, **kwargs)
           ^^^^^^^^^^^^^^^^^^
  File "/Users/juliareinhart/anaconda3/lib/python3.11/site-packages/chromadb/api/segment.py", line 173, in create_collection
    coll, created = self._sysdb.create_collection(
                    ^^^^^^^^^^^^^^^^^^^^^^^^^^^^^^
  File "/Users/juliareinhart/anaconda3/lib/python3.11/site-packages/chromadb/telemetry/opentelemetry/__init__.py", line 143, in wrapper
    return f(*args, **kwargs)
           ^^^^^^^^^^^^^^^^^^
  File "/Users/juliareinhart/anaconda3/lib/python3.11/site-packages/chromadb/db/mixins/sysdb.py", line 220, in create_collection
    raise UniqueConstraintError(f"Collection {name} already exists")
chromadb.db.base.UniqueConstraintError: Collection maintstar-docs already exists
[32mINFO[0m:     [29-06-2025 13:12:00] 127.0.0.1:51410 - "POST /api/v1/collections HTTP/1.1" 500
[32mINFO[0m:     [29-06-2025 13:12:00] 127.0.0.1:51410 - "GET /api/v1/collections HTTP/1.1" 200
[33mWARNING[0m:  [29-06-2025 13:12:00] Add of existing embedding ID: CH9 - Asset Lifecycle Module.txt-chunk-0
[33mWARNING[0m:  [29-06-2025 13:12:00] Add of existing embedding ID: CH9 - Asset Lifecycle Module.txt-chunk-1
[33mWARNING[0m:  [29-06-2025 13:12:00] Insert of existing embedding ID: CH9 - Asset Lifecycle Module.txt-chunk-0
[33mWARNING[0m:  [29-06-2025 13:12:00] Insert of existing embedding ID: CH9 - Asset Lifecycle Module.txt-chunk-1
[32mINFO[0m:     [29-06-2025 13:12:00] 127.0.0.1:51410 - "POST /api/v1/collections/06759ce4-e469-411b-abf9-124c05eb9bf1/add HTTP/1.1" 201
[32mINFO[0m:     [29-06-2025 13:12:00] 127.0.0.1:51410 - "GET /api/v1/collections HTTP/1.1" 200
[31mERROR[0m:    [29-06-2025 13:12:00] Collection maintstar-docs already exists
Traceback (most recent call last):
  File "/Users/juliareinhart/anaconda3/lib/python3.11/site-packages/anyio/streams/memory.py", line 98, in receive
    return self.receive_nowait()
           ^^^^^^^^^^^^^^^^^^^^^
  File "/Users/juliareinhart/anaconda3/lib/python3.11/site-packages/anyio/streams/memory.py", line 93, in receive_nowait
    raise WouldBlock
anyio.WouldBlock

During handling of the above exception, another exception occurred:

Traceback (most recent call last):
  File "/Users/juliareinhart/anaconda3/lib/python3.11/site-packages/starlette/middleware/base.py", line 148, in call_next
    message = await recv_stream.receive()
              ^^^^^^^^^^^^^^^^^^^^^^^^^^^
  File "/Users/juliareinhart/anaconda3/lib/python3.11/site-packages/anyio/streams/memory.py", line 118, in receive
    raise EndOfStream
anyio.EndOfStream

During handling of the above exception, another exception occurred:

Traceback (most recent call last):
  File "/Users/juliareinhart/anaconda3/lib/python3.11/site-packages/chromadb/server/fastapi/__init__.py", line 78, in catch_exceptions_middleware
    return await call_next(request)
           ^^^^^^^^^^^^^^^^^^^^^^^^
  File "/Users/juliareinhart/anaconda3/lib/python3.11/site-packages/starlette/middleware/base.py", line 156, in call_next
    raise app_exc
  File "/Users/juliareinhart/anaconda3/lib/python3.11/site-packages/starlette/middleware/base.py", line 141, in coro
    await self.app(scope, receive_or_disconnect, send_no_error)
  File "/Users/juliareinhart/anaconda3/lib/python3.11/site-packages/starlette/middleware/base.py", line 178, in __call__
    response = await self.dispatch_func(request, call_next)
               ^^^^^^^^^^^^^^^^^^^^^^^^^^^^^^^^^^^^^^^^^^^^
  File "/Users/juliareinhart/anaconda3/lib/python3.11/site-packages/chromadb/server/fastapi/__init__.py", line 92, in check_http_version_middleware
    return await call_next(request)
           ^^^^^^^^^^^^^^^^^^^^^^^^
  File "/Users/juliareinhart/anaconda3/lib/python3.11/site-packages/starlette/middleware/base.py", line 156, in call_next
    raise app_exc
  File "/Users/juliareinhart/anaconda3/lib/python3.11/site-packages/starlette/middleware/base.py", line 141, in coro
    await self.app(scope, receive_or_disconnect, send_no_error)
  File "/Users/juliareinhart/anaconda3/lib/python3.11/site-packages/starlette/middleware/exceptions.py", line 62, in __call__
    await wrap_app_handling_exceptions(self.app, conn)(scope, receive, send)
  File "/Users/juliareinhart/anaconda3/lib/python3.11/site-packages/starlette/_exception_handler.py", line 53, in wrapped_app
    raise exc
  File "/Users/juliareinhart/anaconda3/lib/python3.11/site-packages/starlette/_exception_handler.py", line 42, in wrapped_app
    await app(scope, receive, sender)
  File "/Users/juliareinhart/anaconda3/lib/python3.11/site-packages/starlette/routing.py", line 714, in __call__
    await self.middleware_stack(scope, receive, send)
  File "/Users/juliareinhart/anaconda3/lib/python3.11/site-packages/starlette/routing.py", line 734, in app
    await route.handle(scope, receive, send)
  File "/Users/juliareinhart/anaconda3/lib/python3.11/site-packages/starlette/routing.py", line 288, in handle
    await self.app(scope, receive, send)
  File "/Users/juliareinhart/anaconda3/lib/python3.11/site-packages/starlette/routing.py", line 76, in app
    await wrap_app_handling_exceptions(app, request)(scope, receive, send)
  File "/Users/juliareinhart/anaconda3/lib/python3.11/site-packages/starlette/_exception_handler.py", line 53, in wrapped_app
    raise exc
  File "/Users/juliareinhart/anaconda3/lib/python3.11/site-packages/starlette/_exception_handler.py", line 42, in wrapped_app
    await app(scope, receive, sender)
  File "/Users/juliareinhart/anaconda3/lib/python3.11/site-packages/starlette/routing.py", line 73, in app
    response = await f(request)
               ^^^^^^^^^^^^^^^^
  File "/Users/juliareinhart/anaconda3/lib/python3.11/site-packages/fastapi/routing.py", line 301, in app
    raw_response = await run_endpoint_function(
                   ^^^^^^^^^^^^^^^^^^^^^^^^^^^^
  File "/Users/juliareinhart/anaconda3/lib/python3.11/site-packages/fastapi/routing.py", line 212, in run_endpoint_function
    return await dependant.call(**values)
           ^^^^^^^^^^^^^^^^^^^^^^^^^^^^^^
  File "/Users/juliareinhart/anaconda3/lib/python3.11/site-packages/chromadb/telemetry/opentelemetry/__init__.py", line 130, in wrapper
    return await f(*args, **kwargs)
           ^^^^^^^^^^^^^^^^^^^^^^^^
  File "/Users/juliareinhart/anaconda3/lib/python3.11/site-packages/chromadb/server/fastapi/__init__.py", line 630, in create_collection
    await to_thread.run_sync(
  File "/Users/juliareinhart/anaconda3/lib/python3.11/site-packages/anyio/to_thread.py", line 33, in run_sync
    return await get_asynclib().run_sync_in_worker_thread(
           ^^^^^^^^^^^^^^^^^^^^^^^^^^^^^^^^^^^^^^^^^^^^^^^
  File "/Users/juliareinhart/anaconda3/lib/python3.11/site-packages/anyio/_backends/_asyncio.py", line 877, in run_sync_in_worker_thread
    return await future
           ^^^^^^^^^^^^
  File "/Users/juliareinhart/anaconda3/lib/python3.11/site-packages/anyio/_backends/_asyncio.py", line 807, in run
    result = context.run(func, *args)
             ^^^^^^^^^^^^^^^^^^^^^^^^
  File "/Users/juliareinhart/anaconda3/lib/python3.11/site-packages/chromadb/server/fastapi/__init__.py", line 620, in process_create_collection
    return self._api.create_collection(
           ^^^^^^^^^^^^^^^^^^^^^^^^^^^^
  File "/Users/juliareinhart/anaconda3/lib/python3.11/site-packages/chromadb/telemetry/opentelemetry/__init__.py", line 143, in wrapper
    return f(*args, **kwargs)
           ^^^^^^^^^^^^^^^^^^
  File "/Users/juliareinhart/anaconda3/lib/python3.11/site-packages/chromadb/api/segment.py", line 173, in create_collection
    coll, created = self._sysdb.create_collection(
                    ^^^^^^^^^^^^^^^^^^^^^^^^^^^^^^
  File "/Users/juliareinhart/anaconda3/lib/python3.11/site-packages/chromadb/telemetry/opentelemetry/__init__.py", line 143, in wrapper
    return f(*args, **kwargs)
           ^^^^^^^^^^^^^^^^^^
  File "/Users/juliareinhart/anaconda3/lib/python3.11/site-packages/chromadb/db/mixins/sysdb.py", line 220, in create_collection
    raise UniqueConstraintError(f"Collection {name} already exists")
chromadb.db.base.UniqueConstraintError: Collection maintstar-docs already exists
[32mINFO[0m:     [29-06-2025 13:12:00] 127.0.0.1:51410 - "POST /api/v1/collections HTTP/1.1" 500
[32mINFO[0m:     [29-06-2025 13:12:01] 127.0.0.1:51410 - "GET /api/v1/collections HTTP/1.1" 200
[33mWARNING[0m:  [29-06-2025 13:12:01] Add of existing embedding ID: CH9_3 - Work Planning Module.txt-chunk-0
[33mWARNING[0m:  [29-06-2025 13:12:01] Add of existing embedding ID: CH9_3 - Work Planning Module.txt-chunk-1
[33mWARNING[0m:  [29-06-2025 13:12:01] Insert of existing embedding ID: CH9_3 - Work Planning Module.txt-chunk-0
[33mWARNING[0m:  [29-06-2025 13:12:01] Insert of existing embedding ID: CH9_3 - Work Planning Module.txt-chunk-1
[32mINFO[0m:     [29-06-2025 13:12:01] 127.0.0.1:51410 - "POST /api/v1/collections/06759ce4-e469-411b-abf9-124c05eb9bf1/add HTTP/1.1" 201
[32mINFO[0m:     [29-06-2025 13:12:24] 127.0.0.1:51418 - "GET /api/v1/collections HTTP/1.1" 200
[32mINFO[0m:     [29-06-2025 13:12:24] 127.0.0.1:51418 - "POST /api/v1/collections/06759ce4-e469-411b-abf9-124c05eb9bf1/query HTTP/1.1" 200
[32mINFO[0m:     [29-06-2025 13:12:26] 127.0.0.1:51418 - "GET /api/v1/collections HTTP/1.1" 200
[32mINFO[0m:     [29-06-2025 13:12:26] 127.0.0.1:51418 - "POST /api/v1/collections/06759ce4-e469-411b-abf9-124c05eb9bf1/query HTTP/1.1" 200
[32mINFO[0m:     [29-06-2025 13:12:27] 127.0.0.1:51418 - "GET /api/v1/collections HTTP/1.1" 200
[32mINFO[0m:     [29-06-2025 13:12:27] 127.0.0.1:51418 - "POST /api/v1/collections/06759ce4-e469-411b-abf9-124c05eb9bf1/query HTTP/1.1" 200
[32mINFO[0m:     [29-06-2025 13:12:29] 127.0.0.1:51418 - "GET /api/v1/collections HTTP/1.1" 200
[32mINFO[0m:     [29-06-2025 13:12:29] 127.0.0.1:51418 - "POST /api/v1/collections/06759ce4-e469-411b-abf9-124c05eb9bf1/query HTTP/1.1" 200
[32mINFO[0m:     [29-06-2025 13:12:34] 127.0.0.1:51424 - "GET /api/v1/collections HTTP/1.1" 200
[32mINFO[0m:     [29-06-2025 13:12:34] 127.0.0.1:51424 - "POST /api/v1/collections/06759ce4-e469-411b-abf9-124c05eb9bf1/query HTTP/1.1" 200
[32mINFO[0m:     [29-06-2025 13:12:36] 127.0.0.1:51424 - "GET /api/v1/collections HTTP/1.1" 200
[32mINFO[0m:     [29-06-2025 13:12:36] 127.0.0.1:51424 - "POST /api/v1/collections/06759ce4-e469-411b-abf9-124c05eb9bf1/query HTTP/1.1" 200
[32mINFO[0m:     [29-06-2025 13:12:40] 127.0.0.1:51424 - "GET /api/v1/collections HTTP/1.1" 200
[32mINFO[0m:     [29-06-2025 13:12:40] 127.0.0.1:51424 - "POST /api/v1/collections/06759ce4-e469-411b-abf9-124c05eb9bf1/query HTTP/1.1" 200
[32mINFO[0m:     [29-06-2025 13:12:42] 127.0.0.1:51424 - "GET /api/v1/collections HTTP/1.1" 200
[32mINFO[0m:     [29-06-2025 13:12:42] 127.0.0.1:51424 - "POST /api/v1/collections/06759ce4-e469-411b-abf9-124c05eb9bf1/query HTTP/1.1" 200
[32mINFO[0m:     [29-06-2025 13:12:44] 127.0.0.1:51424 - "GET /api/v1/collections HTTP/1.1" 200
[32mINFO[0m:     [29-06-2025 13:12:44] 127.0.0.1:51424 - "POST /api/v1/collections/06759ce4-e469-411b-abf9-124c05eb9bf1/query HTTP/1.1" 200
[32mINFO[0m:     [29-06-2025 13:12:46] 127.0.0.1:51424 - "GET /api/v1/collections HTTP/1.1" 200
[32mINFO[0m:     [29-06-2025 13:12:46] 127.0.0.1:51424 - "POST /api/v1/collections/06759ce4-e469-411b-abf9-124c05eb9bf1/query HTTP/1.1" 200
[32mINFO[0m:     [29-06-2025 13:12:48] 127.0.0.1:51424 - "GET /api/v1/collections HTTP/1.1" 200
[32mINFO[0m:     [29-06-2025 13:12:48] 127.0.0.1:51424 - "POST /api/v1/collections/06759ce4-e469-411b-abf9-124c05eb9bf1/query HTTP/1.1" 200
[32mINFO[0m:     [29-06-2025 13:12:51] 127.0.0.1:51424 - "GET /api/v1/collections HTTP/1.1" 200
[32mINFO[0m:     [29-06-2025 13:12:51] 127.0.0.1:51424 - "POST /api/v1/collections/06759ce4-e469-411b-abf9-124c05eb9bf1/query HTTP/1.1" 200
[32mINFO[0m:     [29-06-2025 13:12:54] 127.0.0.1:51424 - "GET /api/v1/collections HTTP/1.1" 200
[32mINFO[0m:     [29-06-2025 13:12:54] 127.0.0.1:51424 - "POST /api/v1/collections/06759ce4-e469-411b-abf9-124c05eb9bf1/query HTTP/1.1" 200
[32mINFO[0m:     [29-06-2025 13:12:56] 127.0.0.1:51424 - "GET /api/v1/collections HTTP/1.1" 200
[32mINFO[0m:     [29-06-2025 13:12:56] 127.0.0.1:51424 - "POST /api/v1/collections/06759ce4-e469-411b-abf9-124c05eb9bf1/query HTTP/1.1" 200
[32mINFO[0m:     [29-06-2025 13:12:57] 127.0.0.1:51424 - "GET /api/v1/collections HTTP/1.1" 200
[32mINFO[0m:     [29-06-2025 13:12:57] 127.0.0.1:51424 - "POST /api/v1/collections/06759ce4-e469-411b-abf9-124c05eb9bf1/query HTTP/1.1" 200
[32mINFO[0m:     [29-06-2025 13:12:59] 127.0.0.1:51424 - "GET /api/v1/collections HTTP/1.1" 200
[32mINFO[0m:     [29-06-2025 13:12:59] 127.0.0.1:51424 - "POST /api/v1/collections/06759ce4-e469-411b-abf9-124c05eb9bf1/query HTTP/1.1" 200
[32mINFO[0m:     [29-06-2025 13:13:01] 127.0.0.1:51424 - "GET /api/v1/collections HTTP/1.1" 200
[32mINFO[0m:     [29-06-2025 13:13:01] 127.0.0.1:51424 - "POST /api/v1/collections/06759ce4-e469-411b-abf9-124c05eb9bf1/query HTTP/1.1" 200
[32mINFO[0m:     [29-06-2025 13:13:05] 127.0.0.1:51424 - "GET /api/v1/collections HTTP/1.1" 200
[32mINFO[0m:     [29-06-2025 13:13:05] 127.0.0.1:51424 - "POST /api/v1/collections/06759ce4-e469-411b-abf9-124c05eb9bf1/query HTTP/1.1" 200
[32mINFO[0m:     [29-06-2025 13:13:07] 127.0.0.1:51424 - "GET /api/v1/collections HTTP/1.1" 200
[32mINFO[0m:     [29-06-2025 13:13:07] 127.0.0.1:51424 - "POST /api/v1/collections/06759ce4-e469-411b-abf9-124c05eb9bf1/query HTTP/1.1" 200
[32mINFO[0m:     [29-06-2025 13:13:09] 127.0.0.1:51424 - "GET /api/v1/collections HTTP/1.1" 200
[32mINFO[0m:     [29-06-2025 13:13:09] 127.0.0.1:51424 - "POST /api/v1/collections/06759ce4-e469-411b-abf9-124c05eb9bf1/query HTTP/1.1" 200
[32mINFO[0m:     [29-06-2025 13:13:13] 127.0.0.1:51424 - "GET /api/v1/collections HTTP/1.1" 200
[32mINFO[0m:     [29-06-2025 13:13:13] 127.0.0.1:51424 - "POST /api/v1/collections/06759ce4-e469-411b-abf9-124c05eb9bf1/query HTTP/1.1" 200
[32mINFO[0m:     [29-06-2025 13:13:17] 127.0.0.1:51424 - "GET /api/v1/collections HTTP/1.1" 200
[32mINFO[0m:     [29-06-2025 13:13:17] 127.0.0.1:51424 - "POST /api/v1/collections/06759ce4-e469-411b-abf9-124c05eb9bf1/query HTTP/1.1" 200
[32mINFO[0m:     [29-06-2025 13:13:22] 127.0.0.1:51424 - "GET /api/v1/collections HTTP/1.1" 200
[32mINFO[0m:     [29-06-2025 13:13:22] 127.0.0.1:51424 - "POST /api/v1/collections/06759ce4-e469-411b-abf9-124c05eb9bf1/query HTTP/1.1" 200
[32mINFO[0m:     [29-06-2025 13:13:24] 127.0.0.1:51424 - "GET /api/v1/collections HTTP/1.1" 200
[32mINFO[0m:     [29-06-2025 13:13:24] 127.0.0.1:51424 - "POST /api/v1/collections/06759ce4-e469-411b-abf9-124c05eb9bf1/query HTTP/1.1" 200
[32mINFO[0m:     [29-06-2025 13:13:26] 127.0.0.1:51424 - "GET /api/v1/collections HTTP/1.1" 200
[32mINFO[0m:     [29-06-2025 13:13:26] 127.0.0.1:51424 - "POST /api/v1/collections/06759ce4-e469-411b-abf9-124c05eb9bf1/query HTTP/1.1" 200
[32mINFO[0m:     [29-06-2025 13:13:29] 127.0.0.1:51424 - "GET /api/v1/collections HTTP/1.1" 200
[32mINFO[0m:     [29-06-2025 13:13:29] 127.0.0.1:51424 - "POST /api/v1/collections/06759ce4-e469-411b-abf9-124c05eb9bf1/query HTTP/1.1" 200
[32mINFO[0m:     [29-06-2025 13:13:34] 127.0.0.1:51424 - "GET /api/v1/collections HTTP/1.1" 200
[32mINFO[0m:     [29-06-2025 13:13:34] 127.0.0.1:51424 - "POST /api/v1/collections/06759ce4-e469-411b-abf9-124c05eb9bf1/query HTTP/1.1" 200
[32mINFO[0m:     [29-06-2025 13:13:37] 127.0.0.1:51424 - "GET /api/v1/collections HTTP/1.1" 200
[32mINFO[0m:     [29-06-2025 13:13:37] 127.0.0.1:51424 - "POST /api/v1/collections/06759ce4-e469-411b-abf9-124c05eb9bf1/query HTTP/1.1" 200
[32mINFO[0m:     [29-06-2025 13:13:39] 127.0.0.1:51424 - "GET /api/v1/collections HTTP/1.1" 200
[32mINFO[0m:     [29-06-2025 13:13:39] 127.0.0.1:51424 - "POST /api/v1/collections/06759ce4-e469-411b-abf9-124c05eb9bf1/query HTTP/1.1" 200
[32mINFO[0m:     [29-06-2025 13:13:40] 127.0.0.1:51424 - "GET /api/v1/collections HTTP/1.1" 200
[32mINFO[0m:     [29-06-2025 13:13:40] 127.0.0.1:51424 - "POST /api/v1/collections/06759ce4-e469-411b-abf9-124c05eb9bf1/query HTTP/1.1" 200
[32mINFO[0m:     [29-06-2025 13:13:42] 127.0.0.1:51424 - "GET /api/v1/collections HTTP/1.1" 200
[32mINFO[0m:     [29-06-2025 13:13:42] 127.0.0.1:51424 - "POST /api/v1/collections/06759ce4-e469-411b-abf9-124c05eb9bf1/query HTTP/1.1" 200
[32mINFO[0m:     [29-06-2025 13:13:45] 127.0.0.1:51424 - "GET /api/v1/collections HTTP/1.1" 200
[32mINFO[0m:     [29-06-2025 13:13:45] 127.0.0.1:51424 - "POST /api/v1/collections/06759ce4-e469-411b-abf9-124c05eb9bf1/query HTTP/1.1" 200
[32mINFO[0m:     [29-06-2025 13:13:47] 127.0.0.1:51424 - "GET /api/v1/collections HTTP/1.1" 200
[32mINFO[0m:     [29-06-2025 13:13:48] 127.0.0.1:51424 - "POST /api/v1/collections/06759ce4-e469-411b-abf9-124c05eb9bf1/query HTTP/1.1" 200
[32mINFO[0m:     [29-06-2025 13:13:50] 127.0.0.1:51424 - "GET /api/v1/collections HTTP/1.1" 200
[32mINFO[0m:     [29-06-2025 13:13:50] 127.0.0.1:51424 - "POST /api/v1/collections/06759ce4-e469-411b-abf9-124c05eb9bf1/query HTTP/1.1" 200
[32mINFO[0m:     [29-06-2025 13:13:55] 127.0.0.1:51460 - "GET /api/v1/collections HTTP/1.1" 200
[32mINFO[0m:     [29-06-2025 13:13:55] 127.0.0.1:51460 - "POST /api/v1/collections/06759ce4-e469-411b-abf9-124c05eb9bf1/query HTTP/1.1" 200
[32mINFO[0m:     [29-06-2025 13:13:59] 127.0.0.1:51460 - "GET /api/v1/collections HTTP/1.1" 200
[32mINFO[0m:     [29-06-2025 13:13:59] 127.0.0.1:51460 - "POST /api/v1/collections/06759ce4-e469-411b-abf9-124c05eb9bf1/query HTTP/1.1" 200
[32mINFO[0m:     [29-06-2025 13:14:07] 127.0.0.1:51467 - "GET /api/v1/collections HTTP/1.1" 200
[32mINFO[0m:     [29-06-2025 13:14:07] 127.0.0.1:51467 - "POST /api/v1/collections/06759ce4-e469-411b-abf9-124c05eb9bf1/query HTTP/1.1" 200
[32mINFO[0m:     [29-06-2025 13:14:09] 127.0.0.1:51467 - "GET /api/v1/collections HTTP/1.1" 200
[32mINFO[0m:     [29-06-2025 13:14:09] 127.0.0.1:51467 - "POST /api/v1/collections/06759ce4-e469-411b-abf9-124c05eb9bf1/query HTTP/1.1" 200
[32mINFO[0m:     [29-06-2025 13:14:12] 127.0.0.1:51467 - "GET /api/v1/collections HTTP/1.1" 200
[32mINFO[0m:     [29-06-2025 13:14:12] 127.0.0.1:51467 - "POST /api/v1/collections/06759ce4-e469-411b-abf9-124c05eb9bf1/query HTTP/1.1" 200
[32mINFO[0m:     [29-06-2025 13:14:18] 127.0.0.1:51472 - "GET /api/v1/collections HTTP/1.1" 200
[32mINFO[0m:     [29-06-2025 13:14:18] 127.0.0.1:51472 - "POST /api/v1/collections/06759ce4-e469-411b-abf9-124c05eb9bf1/query HTTP/1.1" 200
[32mINFO[0m:     [29-06-2025 13:14:22] 127.0.0.1:51472 - "GET /api/v1/collections HTTP/1.1" 200
[32mINFO[0m:     [29-06-2025 13:14:22] 127.0.0.1:51472 - "POST /api/v1/collections/06759ce4-e469-411b-abf9-124c05eb9bf1/query HTTP/1.1" 200
[32mINFO[0m:     [29-06-2025 13:14:24] 127.0.0.1:51472 - "GET /api/v1/collections HTTP/1.1" 200
[32mINFO[0m:     [29-06-2025 13:14:24] 127.0.0.1:51472 - "POST /api/v1/collections/06759ce4-e469-411b-abf9-124c05eb9bf1/query HTTP/1.1" 200
[32mINFO[0m:     [29-06-2025 13:14:29] 127.0.0.1:51472 - "GET /api/v1/collections HTTP/1.1" 200
[32mINFO[0m:     [29-06-2025 13:14:29] 127.0.0.1:51472 - "POST /api/v1/collections/06759ce4-e469-411b-abf9-124c05eb9bf1/query HTTP/1.1" 200
[32mINFO[0m:     [29-06-2025 13:14:30] 127.0.0.1:51472 - "GET /api/v1/collections HTTP/1.1" 200
[32mINFO[0m:     [29-06-2025 13:14:30] 127.0.0.1:51472 - "POST /api/v1/collections/06759ce4-e469-411b-abf9-124c05eb9bf1/query HTTP/1.1" 200
[32mINFO[0m:     [29-06-2025 13:14:34] 127.0.0.1:51472 - "GET /api/v1/collections HTTP/1.1" 200
[32mINFO[0m:     [29-06-2025 13:14:34] 127.0.0.1:51472 - "POST /api/v1/collections/06759ce4-e469-411b-abf9-124c05eb9bf1/query HTTP/1.1" 200
[32mINFO[0m:     [29-06-2025 13:14:37] 127.0.0.1:51472 - "GET /api/v1/collections HTTP/1.1" 200
[32mINFO[0m:     [29-06-2025 13:14:37] 127.0.0.1:51472 - "POST /api/v1/collections/06759ce4-e469-411b-abf9-124c05eb9bf1/query HTTP/1.1" 200
[32mINFO[0m:     [29-06-2025 13:14:38] 127.0.0.1:51472 - "GET /api/v1/collections HTTP/1.1" 200
[32mINFO[0m:     [29-06-2025 13:14:39] 127.0.0.1:51472 - "POST /api/v1/collections/06759ce4-e469-411b-abf9-124c05eb9bf1/query HTTP/1.1" 200
[32mINFO[0m:     [29-06-2025 13:14:40] 127.0.0.1:51472 - "GET /api/v1/collections HTTP/1.1" 200
[32mINFO[0m:     [29-06-2025 13:14:40] 127.0.0.1:51472 - "POST /api/v1/collections/06759ce4-e469-411b-abf9-124c05eb9bf1/query HTTP/1.1" 200
[32mINFO[0m:     [29-06-2025 13:14:48] 127.0.0.1:51484 - "GET /api/v1/collections HTTP/1.1" 200
[32mINFO[0m:     [29-06-2025 13:14:48] 127.0.0.1:51484 - "POST /api/v1/collections/06759ce4-e469-411b-abf9-124c05eb9bf1/query HTTP/1.1" 200
[32mINFO[0m:     [29-06-2025 13:14:52] 127.0.0.1:51484 - "GET /api/v1/collections HTTP/1.1" 200
[32mINFO[0m:     [29-06-2025 13:14:52] 127.0.0.1:51484 - "POST /api/v1/collections/06759ce4-e469-411b-abf9-124c05eb9bf1/query HTTP/1.1" 200
[32mINFO[0m:     [29-06-2025 13:14:54] 127.0.0.1:51484 - "GET /api/v1/collections HTTP/1.1" 200
[32mINFO[0m:     [29-06-2025 13:14:54] 127.0.0.1:51484 - "POST /api/v1/collections/06759ce4-e469-411b-abf9-124c05eb9bf1/query HTTP/1.1" 200
[32mINFO[0m:     [29-06-2025 13:14:55] 127.0.0.1:51484 - "GET /api/v1/collections HTTP/1.1" 200
[32mINFO[0m:     [29-06-2025 13:14:55] 127.0.0.1:51484 - "POST /api/v1/collections/06759ce4-e469-411b-abf9-124c05eb9bf1/query HTTP/1.1" 200
[32mINFO[0m:     [29-06-2025 13:14:58] 127.0.0.1:51484 - "GET /api/v1/collections HTTP/1.1" 200
[32mINFO[0m:     [29-06-2025 13:14:58] 127.0.0.1:51484 - "POST /api/v1/collections/06759ce4-e469-411b-abf9-124c05eb9bf1/query HTTP/1.1" 200
[32mINFO[0m:     [29-06-2025 13:15:02] 127.0.0.1:51484 - "GET /api/v1/collections HTTP/1.1" 200
[32mINFO[0m:     [29-06-2025 13:15:02] 127.0.0.1:51484 - "POST /api/v1/collections/06759ce4-e469-411b-abf9-124c05eb9bf1/query HTTP/1.1" 200
[32mINFO[0m:     [29-06-2025 13:15:04] 127.0.0.1:51484 - "GET /api/v1/collections HTTP/1.1" 200
[32mINFO[0m:     [29-06-2025 13:15:04] 127.0.0.1:51484 - "POST /api/v1/collections/06759ce4-e469-411b-abf9-124c05eb9bf1/query HTTP/1.1" 200
[32mINFO[0m:     [29-06-2025 13:15:10] 127.0.0.1:51495 - "GET /api/v1/collections HTTP/1.1" 200
[32mINFO[0m:     [29-06-2025 13:15:10] 127.0.0.1:51495 - "POST /api/v1/collections/06759ce4-e469-411b-abf9-124c05eb9bf1/query HTTP/1.1" 200
[32mINFO[0m:     [29-06-2025 13:15:12] 127.0.0.1:51495 - "GET /api/v1/collections HTTP/1.1" 200
[32mINFO[0m:     [29-06-2025 13:15:12] 127.0.0.1:51495 - "POST /api/v1/collections/06759ce4-e469-411b-abf9-124c05eb9bf1/query HTTP/1.1" 200
[32mINFO[0m:     [29-06-2025 13:15:13] 127.0.0.1:51495 - "GET /api/v1/collections HTTP/1.1" 200
[32mINFO[0m:     [29-06-2025 13:15:13] 127.0.0.1:51495 - "POST /api/v1/collections/06759ce4-e469-411b-abf9-124c05eb9bf1/query HTTP/1.1" 200
[32mINFO[0m:     [29-06-2025 13:15:15] 127.0.0.1:51495 - "GET /api/v1/collections HTTP/1.1" 200
[32mINFO[0m:     [29-06-2025 13:15:15] 127.0.0.1:51495 - "POST /api/v1/collections/06759ce4-e469-411b-abf9-124c05eb9bf1/query HTTP/1.1" 200
[32mINFO[0m:     [29-06-2025 13:15:17] 127.0.0.1:51495 - "GET /api/v1/collections HTTP/1.1" 200
[32mINFO[0m:     [29-06-2025 13:15:17] 127.0.0.1:51495 - "POST /api/v1/collections/06759ce4-e469-411b-abf9-124c05eb9bf1/query HTTP/1.1" 200
[32mINFO[0m:     [29-06-2025 13:15:21] 127.0.0.1:51495 - "GET /api/v1/collections HTTP/1.1" 200
[32mINFO[0m:     [29-06-2025 13:15:21] 127.0.0.1:51495 - "POST /api/v1/collections/06759ce4-e469-411b-abf9-124c05eb9bf1/query HTTP/1.1" 200
[32mINFO[0m:     [29-06-2025 13:15:25] 127.0.0.1:51495 - "GET /api/v1/collections HTTP/1.1" 200
[32mINFO[0m:     [29-06-2025 13:15:25] 127.0.0.1:51495 - "POST /api/v1/collections/06759ce4-e469-411b-abf9-124c05eb9bf1/query HTTP/1.1" 200
[32mINFO[0m:     [29-06-2025 13:15:26] 127.0.0.1:51495 - "GET /api/v1/collections HTTP/1.1" 200
[32mINFO[0m:     [29-06-2025 13:15:27] 127.0.0.1:51495 - "POST /api/v1/collections/06759ce4-e469-411b-abf9-124c05eb9bf1/query HTTP/1.1" 200
[32mINFO[0m:     [29-06-2025 13:15:30] 127.0.0.1:51495 - "GET /api/v1/collections HTTP/1.1" 200
[32mINFO[0m:     [29-06-2025 13:15:30] 127.0.0.1:51495 - "POST /api/v1/collections/06759ce4-e469-411b-abf9-124c05eb9bf1/query HTTP/1.1" 200
[32mINFO[0m:     [29-06-2025 13:15:40] 127.0.0.1:51507 - "GET /api/v1/collections HTTP/1.1" 200
[32mINFO[0m:     [29-06-2025 13:15:40] 127.0.0.1:51507 - "POST /api/v1/collections/06759ce4-e469-411b-abf9-124c05eb9bf1/query HTTP/1.1" 200
[32mINFO[0m:     [29-06-2025 13:15:44] 127.0.0.1:51507 - "GET /api/v1/collections HTTP/1.1" 200
[32mINFO[0m:     [29-06-2025 13:15:44] 127.0.0.1:51507 - "POST /api/v1/collections/06759ce4-e469-411b-abf9-124c05eb9bf1/query HTTP/1.1" 200
[32mINFO[0m:     [29-06-2025 13:15:45] 127.0.0.1:51507 - "GET /api/v1/collections HTTP/1.1" 200
[32mINFO[0m:     [29-06-2025 13:15:45] 127.0.0.1:51507 - "POST /api/v1/collections/06759ce4-e469-411b-abf9-124c05eb9bf1/query HTTP/1.1" 200
[32mINFO[0m:     [29-06-2025 13:15:48] 127.0.0.1:51507 - "GET /api/v1/collections HTTP/1.1" 200
[32mINFO[0m:     [29-06-2025 13:15:48] 127.0.0.1:51507 - "POST /api/v1/collections/06759ce4-e469-411b-abf9-124c05eb9bf1/query HTTP/1.1" 200
[32mINFO[0m:     [29-06-2025 13:15:49] 127.0.0.1:51507 - "GET /api/v1/collections HTTP/1.1" 200
[32mINFO[0m:     [29-06-2025 13:15:49] 127.0.0.1:51507 - "POST /api/v1/collections/06759ce4-e469-411b-abf9-124c05eb9bf1/query HTTP/1.1" 200
[32mINFO[0m:     [29-06-2025 13:16:23] 127.0.0.1:51517 - "GET /api/v1/collections HTTP/1.1" 200
[32mINFO[0m:     [29-06-2025 13:16:24] 127.0.0.1:51517 - "POST /api/v1/collections/06759ce4-e469-411b-abf9-124c05eb9bf1/query HTTP/1.1" 200
[32mINFO[0m:     [29-06-2025 13:16:28] 127.0.0.1:51517 - "GET /api/v1/collections HTTP/1.1" 200
[32mINFO[0m:     [29-06-2025 13:16:28] 127.0.0.1:51517 - "POST /api/v1/collections/06759ce4-e469-411b-abf9-124c05eb9bf1/query HTTP/1.1" 200
[32mINFO[0m:     [29-06-2025 13:16:31] 127.0.0.1:51517 - "GET /api/v1/collections HTTP/1.1" 200
[32mINFO[0m:     [29-06-2025 13:16:31] 127.0.0.1:51517 - "POST /api/v1/collections/06759ce4-e469-411b-abf9-124c05eb9bf1/query HTTP/1.1" 200
[32mINFO[0m:     [29-06-2025 13:16:34] 127.0.0.1:51517 - "GET /api/v1/collections HTTP/1.1" 200
[32mINFO[0m:     [29-06-2025 13:16:34] 127.0.0.1:51517 - "POST /api/v1/collections/06759ce4-e469-411b-abf9-124c05eb9bf1/query HTTP/1.1" 200
[32mINFO[0m:     [29-06-2025 13:16:37] 127.0.0.1:51517 - "GET /api/v1/collections HTTP/1.1" 200
[32mINFO[0m:     [29-06-2025 13:16:37] 127.0.0.1:51517 - "POST /api/v1/collections/06759ce4-e469-411b-abf9-124c05eb9bf1/query HTTP/1.1" 200
[32mINFO[0m:     [29-06-2025 13:16:39] 127.0.0.1:51517 - "GET /api/v1/collections HTTP/1.1" 200
[32mINFO[0m:     [29-06-2025 13:16:39] 127.0.0.1:51517 - "POST /api/v1/collections/06759ce4-e469-411b-abf9-124c05eb9bf1/query HTTP/1.1" 200
[32mINFO[0m:     [29-06-2025 13:16:41] 127.0.0.1:51517 - "GET /api/v1/collections HTTP/1.1" 200
[32mINFO[0m:     [29-06-2025 13:16:41] 127.0.0.1:51517 - "POST /api/v1/collections/06759ce4-e469-411b-abf9-124c05eb9bf1/query HTTP/1.1" 200
[32mINFO[0m:     [29-06-2025 13:16:45] 127.0.0.1:51517 - "GET /api/v1/collections HTTP/1.1" 200
[32mINFO[0m:     [29-06-2025 13:16:45] 127.0.0.1:51517 - "POST /api/v1/collections/06759ce4-e469-411b-abf9-124c05eb9bf1/query HTTP/1.1" 200
[32mINFO[0m:     [29-06-2025 13:16:46] 127.0.0.1:51517 - "GET /api/v1/collections HTTP/1.1" 200
[32mINFO[0m:     [29-06-2025 13:16:46] 127.0.0.1:51517 - "POST /api/v1/collections/06759ce4-e469-411b-abf9-124c05eb9bf1/query HTTP/1.1" 200
[32mINFO[0m:     [29-06-2025 13:16:48] 127.0.0.1:51517 - "GET /api/v1/collections HTTP/1.1" 200
[32mINFO[0m:     [29-06-2025 13:16:48] 127.0.0.1:51517 - "POST /api/v1/collections/06759ce4-e469-411b-abf9-124c05eb9bf1/query HTTP/1.1" 200
[32mINFO[0m:     [29-06-2025 13:16:52] 127.0.0.1:51517 - "GET /api/v1/collections HTTP/1.1" 200
[32mINFO[0m:     [29-06-2025 13:16:52] 127.0.0.1:51517 - "POST /api/v1/collections/06759ce4-e469-411b-abf9-124c05eb9bf1/query HTTP/1.1" 200
[32mINFO[0m:     [29-06-2025 13:16:56] 127.0.0.1:51517 - "GET /api/v1/collections HTTP/1.1" 200
[32mINFO[0m:     [29-06-2025 13:16:56] 127.0.0.1:51517 - "POST /api/v1/collections/06759ce4-e469-411b-abf9-124c05eb9bf1/query HTTP/1.1" 200
[32mINFO[0m:     [29-06-2025 13:16:59] 127.0.0.1:51517 - "GET /api/v1/collections HTTP/1.1" 200
[32mINFO[0m:     [29-06-2025 13:16:59] 127.0.0.1:51517 - "POST /api/v1/collections/06759ce4-e469-411b-abf9-124c05eb9bf1/query HTTP/1.1" 200
[32mINFO[0m:     [29-06-2025 13:17:01] 127.0.0.1:51517 - "GET /api/v1/collections HTTP/1.1" 200
[32mINFO[0m:     [29-06-2025 13:17:01] 127.0.0.1:51517 - "POST /api/v1/collections/06759ce4-e469-411b-abf9-124c05eb9bf1/query HTTP/1.1" 200
[32mINFO[0m:     [29-06-2025 13:17:02] 127.0.0.1:51517 - "GET /api/v1/collections HTTP/1.1" 200
[32mINFO[0m:     [29-06-2025 13:17:02] 127.0.0.1:51517 - "POST /api/v1/collections/06759ce4-e469-411b-abf9-124c05eb9bf1/query HTTP/1.1" 200
[32mINFO[0m:     [29-06-2025 13:17:04] 127.0.0.1:51517 - "GET /api/v1/collections HTTP/1.1" 200
[32mINFO[0m:     [29-06-2025 13:17:04] 127.0.0.1:51517 - "POST /api/v1/collections/06759ce4-e469-411b-abf9-124c05eb9bf1/query HTTP/1.1" 200
[32mINFO[0m:     [29-06-2025 13:17:06] 127.0.0.1:51517 - "GET /api/v1/collections HTTP/1.1" 200
[32mINFO[0m:     [29-06-2025 13:17:06] 127.0.0.1:51517 - "POST /api/v1/collections/06759ce4-e469-411b-abf9-124c05eb9bf1/query HTTP/1.1" 200
[32mINFO[0m:     [29-06-2025 13:17:08] 127.0.0.1:51517 - "GET /api/v1/collections HTTP/1.1" 200
[32mINFO[0m:     [29-06-2025 13:17:08] 127.0.0.1:51517 - "POST /api/v1/collections/06759ce4-e469-411b-abf9-124c05eb9bf1/query HTTP/1.1" 200
[32mINFO[0m:     [29-06-2025 13:17:10] 127.0.0.1:51517 - "GET /api/v1/collections HTTP/1.1" 200
[32mINFO[0m:     [29-06-2025 13:17:10] 127.0.0.1:51517 - "POST /api/v1/collections/06759ce4-e469-411b-abf9-124c05eb9bf1/query HTTP/1.1" 200
[32mINFO[0m:     [29-06-2025 13:17:11] 127.0.0.1:51517 - "GET /api/v1/collections HTTP/1.1" 200
[32mINFO[0m:     [29-06-2025 13:17:11] 127.0.0.1:51517 - "POST /api/v1/collections/06759ce4-e469-411b-abf9-124c05eb9bf1/query HTTP/1.1" 200
[32mINFO[0m:     [29-06-2025 13:17:16] 127.0.0.1:51517 - "GET /api/v1/collections HTTP/1.1" 200
[32mINFO[0m:     [29-06-2025 13:17:16] 127.0.0.1:51517 - "POST /api/v1/collections/06759ce4-e469-411b-abf9-124c05eb9bf1/query HTTP/1.1" 200
[32mINFO[0m:     [29-06-2025 13:17:21] 127.0.0.1:51553 - "GET /api/v1/collections HTTP/1.1" 200
[32mINFO[0m:     [29-06-2025 13:17:21] 127.0.0.1:51553 - "POST /api/v1/collections/06759ce4-e469-411b-abf9-124c05eb9bf1/query HTTP/1.1" 200
[32mINFO[0m:     [29-06-2025 13:17:25] 127.0.0.1:51553 - "GET /api/v1/collections HTTP/1.1" 200
[32mINFO[0m:     [29-06-2025 13:17:25] 127.0.0.1:51553 - "POST /api/v1/collections/06759ce4-e469-411b-abf9-124c05eb9bf1/query HTTP/1.1" 200
[32mINFO[0m:     [29-06-2025 13:17:27] 127.0.0.1:51553 - "GET /api/v1/collections HTTP/1.1" 200
[32mINFO[0m:     [29-06-2025 13:17:27] 127.0.0.1:51553 - "POST /api/v1/collections/06759ce4-e469-411b-abf9-124c05eb9bf1/query HTTP/1.1" 200
[32mINFO[0m:     [29-06-2025 13:17:32] 127.0.0.1:51558 - "GET /api/v1/collections HTTP/1.1" 200
[32mINFO[0m:     [29-06-2025 13:17:32] 127.0.0.1:51558 - "POST /api/v1/collections/06759ce4-e469-411b-abf9-124c05eb9bf1/query HTTP/1.1" 200
[32mINFO[0m:     [29-06-2025 13:17:34] 127.0.0.1:51558 - "GET /api/v1/collections HTTP/1.1" 200
[32mINFO[0m:     [29-06-2025 13:17:34] 127.0.0.1:51558 - "POST /api/v1/collections/06759ce4-e469-411b-abf9-124c05eb9bf1/query HTTP/1.1" 200
[32mINFO[0m:     [29-06-2025 13:17:36] 127.0.0.1:51558 - "GET /api/v1/collections HTTP/1.1" 200
[32mINFO[0m:     [29-06-2025 13:17:36] 127.0.0.1:51558 - "POST /api/v1/collections/06759ce4-e469-411b-abf9-124c05eb9bf1/query HTTP/1.1" 200
[32mINFO[0m:     [29-06-2025 13:17:40] 127.0.0.1:51558 - "GET /api/v1/collections HTTP/1.1" 200
[32mINFO[0m:     [29-06-2025 13:17:40] 127.0.0.1:51558 - "POST /api/v1/collections/06759ce4-e469-411b-abf9-124c05eb9bf1/query HTTP/1.1" 200
[32mINFO[0m:     [29-06-2025 13:17:44] 127.0.0.1:51558 - "GET /api/v1/collections HTTP/1.1" 200
[32mINFO[0m:     [29-06-2025 13:17:44] 127.0.0.1:51558 - "POST /api/v1/collections/06759ce4-e469-411b-abf9-124c05eb9bf1/query HTTP/1.1" 200
[32mINFO[0m:     [29-06-2025 13:17:49] 127.0.0.1:51558 - "GET /api/v1/collections HTTP/1.1" 200
[32mINFO[0m:     [29-06-2025 13:17:49] 127.0.0.1:51558 - "POST /api/v1/collections/06759ce4-e469-411b-abf9-124c05eb9bf1/query HTTP/1.1" 200
[32mINFO[0m:     [29-06-2025 13:17:53] 127.0.0.1:51558 - "GET /api/v1/collections HTTP/1.1" 200
[32mINFO[0m:     [29-06-2025 13:17:53] 127.0.0.1:51558 - "POST /api/v1/collections/06759ce4-e469-411b-abf9-124c05eb9bf1/query HTTP/1.1" 200
[32mINFO[0m:     [29-06-2025 13:17:54] 127.0.0.1:51558 - "GET /api/v1/collections HTTP/1.1" 200
[32mINFO[0m:     [29-06-2025 13:17:54] 127.0.0.1:51558 - "POST /api/v1/collections/06759ce4-e469-411b-abf9-124c05eb9bf1/query HTTP/1.1" 200
[32mINFO[0m:     [29-06-2025 13:17:57] 127.0.0.1:51558 - "GET /api/v1/collections HTTP/1.1" 200
[32mINFO[0m:     [29-06-2025 13:17:57] 127.0.0.1:51558 - "POST /api/v1/collections/06759ce4-e469-411b-abf9-124c05eb9bf1/query HTTP/1.1" 200
[32mINFO[0m:     [29-06-2025 13:17:58] 127.0.0.1:51558 - "GET /api/v1/collections HTTP/1.1" 200
[32mINFO[0m:     [29-06-2025 13:17:58] 127.0.0.1:51558 - "POST /api/v1/collections/06759ce4-e469-411b-abf9-124c05eb9bf1/query HTTP/1.1" 200
[32mINFO[0m:     [29-06-2025 13:18:03] 127.0.0.1:51558 - "GET /api/v1/collections HTTP/1.1" 200
[32mINFO[0m:     [29-06-2025 13:18:03] 127.0.0.1:51558 - "POST /api/v1/collections/06759ce4-e469-411b-abf9-124c05eb9bf1/query HTTP/1.1" 200
[32mINFO[0m:     [29-06-2025 13:18:09] 127.0.0.1:51574 - "GET /api/v1/collections HTTP/1.1" 200
[32mINFO[0m:     [29-06-2025 13:18:09] 127.0.0.1:51574 - "POST /api/v1/collections/06759ce4-e469-411b-abf9-124c05eb9bf1/query HTTP/1.1" 200
[32mINFO[0m:     [29-06-2025 13:18:11] 127.0.0.1:51574 - "GET /api/v1/collections HTTP/1.1" 200
[32mINFO[0m:     [29-06-2025 13:18:11] 127.0.0.1:51574 - "POST /api/v1/collections/06759ce4-e469-411b-abf9-124c05eb9bf1/query HTTP/1.1" 200
[32mINFO[0m:     [29-06-2025 13:18:13] 127.0.0.1:51574 - "GET /api/v1/collections HTTP/1.1" 200
[32mINFO[0m:     [29-06-2025 13:18:13] 127.0.0.1:51574 - "POST /api/v1/collections/06759ce4-e469-411b-abf9-124c05eb9bf1/query HTTP/1.1" 200
[32mINFO[0m:     [29-06-2025 13:18:17] 127.0.0.1:51574 - "GET /api/v1/collections HTTP/1.1" 200
[32mINFO[0m:     [29-06-2025 13:18:17] 127.0.0.1:51574 - "POST /api/v1/collections/06759ce4-e469-411b-abf9-124c05eb9bf1/query HTTP/1.1" 200
[32mINFO[0m:     [29-06-2025 13:18:21] 127.0.0.1:51574 - "GET /api/v1/collections HTTP/1.1" 200
[32mINFO[0m:     [29-06-2025 13:18:21] 127.0.0.1:51574 - "POST /api/v1/collections/06759ce4-e469-411b-abf9-124c05eb9bf1/query HTTP/1.1" 200
[32mINFO[0m:     [29-06-2025 13:18:27] 127.0.0.1:51583 - "GET /api/v1/collections HTTP/1.1" 200
[32mINFO[0m:     [29-06-2025 13:18:27] 127.0.0.1:51583 - "POST /api/v1/collections/06759ce4-e469-411b-abf9-124c05eb9bf1/query HTTP/1.1" 200
[32mINFO[0m:     [29-06-2025 13:18:30] 127.0.0.1:51583 - "GET /api/v1/collections HTTP/1.1" 200
[32mINFO[0m:     [29-06-2025 13:18:30] 127.0.0.1:51583 - "POST /api/v1/collections/06759ce4-e469-411b-abf9-124c05eb9bf1/query HTTP/1.1" 200
[32mINFO[0m:     [29-06-2025 13:18:34] 127.0.0.1:51583 - "GET /api/v1/collections HTTP/1.1" 200
[32mINFO[0m:     [29-06-2025 13:18:34] 127.0.0.1:51583 - "POST /api/v1/collections/06759ce4-e469-411b-abf9-124c05eb9bf1/query HTTP/1.1" 200
[32mINFO[0m:     [29-06-2025 13:18:39] 127.0.0.1:51583 - "GET /api/v1/collections HTTP/1.1" 200
[32mINFO[0m:     [29-06-2025 13:18:39] 127.0.0.1:51583 - "POST /api/v1/collections/06759ce4-e469-411b-abf9-124c05eb9bf1/query HTTP/1.1" 200
[32mINFO[0m:     [29-06-2025 13:18:42] 127.0.0.1:51583 - "GET /api/v1/collections HTTP/1.1" 200
[32mINFO[0m:     [29-06-2025 13:18:42] 127.0.0.1:51583 - "POST /api/v1/collections/06759ce4-e469-411b-abf9-124c05eb9bf1/query HTTP/1.1" 200
[32mINFO[0m:     [29-06-2025 13:18:49] 127.0.0.1:51590 - "GET /api/v1/collections HTTP/1.1" 200
[32mINFO[0m:     [29-06-2025 13:18:49] 127.0.0.1:51590 - "POST /api/v1/collections/06759ce4-e469-411b-abf9-124c05eb9bf1/query HTTP/1.1" 200
[32mINFO[0m:     [29-06-2025 13:18:56] 127.0.0.1:51594 - "GET /api/v1/collections HTTP/1.1" 200
[32mINFO[0m:     [29-06-2025 13:18:56] 127.0.0.1:51594 - "POST /api/v1/collections/06759ce4-e469-411b-abf9-124c05eb9bf1/query HTTP/1.1" 200
[32mINFO[0m:     [29-06-2025 13:19:01] 127.0.0.1:51597 - "GET /api/v1/collections HTTP/1.1" 200
[32mINFO[0m:     [29-06-2025 13:19:01] 127.0.0.1:51597 - "POST /api/v1/collections/06759ce4-e469-411b-abf9-124c05eb9bf1/query HTTP/1.1" 200
[32mINFO[0m:     [29-06-2025 13:19:04] 127.0.0.1:51597 - "GET /api/v1/collections HTTP/1.1" 200
[32mINFO[0m:     [29-06-2025 13:19:04] 127.0.0.1:51597 - "POST /api/v1/collections/06759ce4-e469-411b-abf9-124c05eb9bf1/query HTTP/1.1" 200
[32mINFO[0m:     [29-06-2025 13:19:08] 127.0.0.1:51597 - "GET /api/v1/collections HTTP/1.1" 200
[32mINFO[0m:     [29-06-2025 13:19:08] 127.0.0.1:51597 - "POST /api/v1/collections/06759ce4-e469-411b-abf9-124c05eb9bf1/query HTTP/1.1" 200
[32mINFO[0m:     [29-06-2025 13:19:10] 127.0.0.1:51597 - "GET /api/v1/collections HTTP/1.1" 200
[32mINFO[0m:     [29-06-2025 13:19:10] 127.0.0.1:51597 - "POST /api/v1/collections/06759ce4-e469-411b-abf9-124c05eb9bf1/query HTTP/1.1" 200
[32mINFO[0m:     [29-06-2025 13:19:15] 127.0.0.1:51597 - "GET /api/v1/collections HTTP/1.1" 200
[32mINFO[0m:     [29-06-2025 13:19:15] 127.0.0.1:51597 - "POST /api/v1/collections/06759ce4-e469-411b-abf9-124c05eb9bf1/query HTTP/1.1" 200
[32mINFO[0m:     [29-06-2025 13:19:17] 127.0.0.1:51597 - "GET /api/v1/collections HTTP/1.1" 200
[32mINFO[0m:     [29-06-2025 13:19:17] 127.0.0.1:51597 - "POST /api/v1/collections/06759ce4-e469-411b-abf9-124c05eb9bf1/query HTTP/1.1" 200
[32mINFO[0m:     [29-06-2025 13:19:19] 127.0.0.1:51597 - "GET /api/v1/collections HTTP/1.1" 200
[32mINFO[0m:     [29-06-2025 13:19:19] 127.0.0.1:51597 - "POST /api/v1/collections/06759ce4-e469-411b-abf9-124c05eb9bf1/query HTTP/1.1" 200
[32mINFO[0m:     [29-06-2025 13:19:28] 127.0.0.1:51606 - "GET /api/v1/collections HTTP/1.1" 200
[32mINFO[0m:     [29-06-2025 13:19:28] 127.0.0.1:51606 - "POST /api/v1/collections/06759ce4-e469-411b-abf9-124c05eb9bf1/query HTTP/1.1" 200
[32mINFO[0m:     [29-06-2025 13:19:31] 127.0.0.1:51606 - "GET /api/v1/collections HTTP/1.1" 200
[32mINFO[0m:     [29-06-2025 13:19:31] 127.0.0.1:51606 - "POST /api/v1/collections/06759ce4-e469-411b-abf9-124c05eb9bf1/query HTTP/1.1" 200
[32mINFO[0m:     [29-06-2025 13:19:35] 127.0.0.1:51606 - "GET /api/v1/collections HTTP/1.1" 200
[32mINFO[0m:     [29-06-2025 13:19:35] 127.0.0.1:51606 - "POST /api/v1/collections/06759ce4-e469-411b-abf9-124c05eb9bf1/query HTTP/1.1" 200
[32mINFO[0m:     [29-06-2025 13:19:38] 127.0.0.1:51606 - "GET /api/v1/collections HTTP/1.1" 200
[32mINFO[0m:     [29-06-2025 13:19:38] 127.0.0.1:51606 - "POST /api/v1/collections/06759ce4-e469-411b-abf9-124c05eb9bf1/query HTTP/1.1" 200
[32mINFO[0m:     [29-06-2025 13:19:43] 127.0.0.1:51613 - "GET /api/v1/collections HTTP/1.1" 200
[32mINFO[0m:     [29-06-2025 13:19:43] 127.0.0.1:51613 - "POST /api/v1/collections/06759ce4-e469-411b-abf9-124c05eb9bf1/query HTTP/1.1" 200
[32mINFO[0m:     [29-06-2025 13:19:46] 127.0.0.1:51613 - "GET /api/v1/collections HTTP/1.1" 200
[32mINFO[0m:     [29-06-2025 13:19:46] 127.0.0.1:51613 - "POST /api/v1/collections/06759ce4-e469-411b-abf9-124c05eb9bf1/query HTTP/1.1" 200
[32mINFO[0m:     [29-06-2025 13:19:48] 127.0.0.1:51613 - "GET /api/v1/collections HTTP/1.1" 200
[32mINFO[0m:     [29-06-2025 13:19:48] 127.0.0.1:51613 - "POST /api/v1/collections/06759ce4-e469-411b-abf9-124c05eb9bf1/query HTTP/1.1" 200
[32mINFO[0m:     [29-06-2025 13:19:51] 127.0.0.1:51613 - "GET /api/v1/collections HTTP/1.1" 200
[32mINFO[0m:     [29-06-2025 13:19:51] 127.0.0.1:51613 - "POST /api/v1/collections/06759ce4-e469-411b-abf9-124c05eb9bf1/query HTTP/1.1" 200
[32mINFO[0m:     [29-06-2025 13:19:53] 127.0.0.1:51613 - "GET /api/v1/collections HTTP/1.1" 200
[32mINFO[0m:     [29-06-2025 13:19:53] 127.0.0.1:51613 - "POST /api/v1/collections/06759ce4-e469-411b-abf9-124c05eb9bf1/query HTTP/1.1" 200
[32mINFO[0m:     [29-06-2025 13:19:59] 127.0.0.1:51620 - "GET /api/v1/collections HTTP/1.1" 200
[32mINFO[0m:     [29-06-2025 13:19:59] 127.0.0.1:51620 - "POST /api/v1/collections/06759ce4-e469-411b-abf9-124c05eb9bf1/query HTTP/1.1" 200
[32mINFO[0m:     [29-06-2025 13:20:01] 127.0.0.1:51620 - "GET /api/v1/collections HTTP/1.1" 200
[32mINFO[0m:     [29-06-2025 13:20:01] 127.0.0.1:51620 - "POST /api/v1/collections/06759ce4-e469-411b-abf9-124c05eb9bf1/query HTTP/1.1" 200
[32mINFO[0m:     [29-06-2025 13:20:01] 127.0.0.1:51620 - "GET /api/v1/collections HTTP/1.1" 200
[32mINFO[0m:     [29-06-2025 13:20:01] 127.0.0.1:51620 - "POST /api/v1/collections/06759ce4-e469-411b-abf9-124c05eb9bf1/query HTTP/1.1" 200
[32mINFO[0m:     [29-06-2025 13:20:01] 127.0.0.1:51620 - "GET /api/v1/collections HTTP/1.1" 200
[32mINFO[0m:     [29-06-2025 13:20:02] 127.0.0.1:51620 - "POST /api/v1/collections/06759ce4-e469-411b-abf9-124c05eb9bf1/query HTTP/1.1" 200
[32mINFO[0m:     [29-06-2025 13:20:02] 127.0.0.1:51620 - "GET /api/v1/collections HTTP/1.1" 200
[32mINFO[0m:     [29-06-2025 13:20:02] 127.0.0.1:51620 - "POST /api/v1/collections/06759ce4-e469-411b-abf9-124c05eb9bf1/query HTTP/1.1" 200
[32mINFO[0m:     [29-06-2025 13:20:02] 127.0.0.1:51620 - "GET /api/v1/collections HTTP/1.1" 200
[32mINFO[0m:     [29-06-2025 13:20:02] 127.0.0.1:51620 - "POST /api/v1/collections/06759ce4-e469-411b-abf9-124c05eb9bf1/query HTTP/1.1" 200
[32mINFO[0m:     [29-06-2025 13:20:02] 127.0.0.1:51620 - "GET /api/v1/collections HTTP/1.1" 200
[32mINFO[0m:     [29-06-2025 13:20:02] 127.0.0.1:51620 - "POST /api/v1/collections/06759ce4-e469-411b-abf9-124c05eb9bf1/query HTTP/1.1" 200
[32mINFO[0m:     [29-06-2025 13:20:03] 127.0.0.1:51620 - "GET /api/v1/collections HTTP/1.1" 200
[32mINFO[0m:     [29-06-2025 13:20:03] 127.0.0.1:51620 - "POST /api/v1/collections/06759ce4-e469-411b-abf9-124c05eb9bf1/query HTTP/1.1" 200
[32mINFO[0m:     [29-06-2025 13:20:03] 127.0.0.1:51620 - "GET /api/v1/collections HTTP/1.1" 200
[32mINFO[0m:     [29-06-2025 13:20:03] 127.0.0.1:51620 - "POST /api/v1/collections/06759ce4-e469-411b-abf9-124c05eb9bf1/query HTTP/1.1" 200
[32mINFO[0m:     [29-06-2025 13:20:05] 127.0.0.1:51620 - "GET /api/v1/collections HTTP/1.1" 200
[32mINFO[0m:     [29-06-2025 13:20:05] 127.0.0.1:51620 - "POST /api/v1/collections/06759ce4-e469-411b-abf9-124c05eb9bf1/query HTTP/1.1" 200
[32mINFO[0m:     [29-06-2025 13:20:05] 127.0.0.1:51620 - "GET /api/v1/collections HTTP/1.1" 200
[32mINFO[0m:     [29-06-2025 13:20:05] 127.0.0.1:51620 - "POST /api/v1/collections/06759ce4-e469-411b-abf9-124c05eb9bf1/query HTTP/1.1" 200
[32mINFO[0m:     [29-06-2025 13:20:05] 127.0.0.1:51620 - "GET /api/v1/collections HTTP/1.1" 200
[32mINFO[0m:     [29-06-2025 13:20:05] 127.0.0.1:51620 - "POST /api/v1/collections/06759ce4-e469-411b-abf9-124c05eb9bf1/query HTTP/1.1" 200
[32mINFO[0m:     [29-06-2025 13:20:06] 127.0.0.1:51620 - "GET /api/v1/collections HTTP/1.1" 200
[32mINFO[0m:     [29-06-2025 13:20:06] 127.0.0.1:51620 - "POST /api/v1/collections/06759ce4-e469-411b-abf9-124c05eb9bf1/query HTTP/1.1" 200
[32mINFO[0m:     [29-06-2025 13:20:06] 127.0.0.1:51620 - "GET /api/v1/collections HTTP/1.1" 200
[32mINFO[0m:     [29-06-2025 13:20:06] 127.0.0.1:51620 - "POST /api/v1/collections/06759ce4-e469-411b-abf9-124c05eb9bf1/query HTTP/1.1" 200
[32mINFO[0m:     [29-06-2025 13:20:06] 127.0.0.1:51620 - "GET /api/v1/collections HTTP/1.1" 200
[32mINFO[0m:     [29-06-2025 13:20:06] 127.0.0.1:51620 - "POST /api/v1/collections/06759ce4-e469-411b-abf9-124c05eb9bf1/query HTTP/1.1" 200
[32mINFO[0m:     [29-06-2025 13:20:09] 127.0.0.1:51620 - "GET /api/v1/collections HTTP/1.1" 200
[32mINFO[0m:     [29-06-2025 13:20:09] 127.0.0.1:51620 - "POST /api/v1/collections/06759ce4-e469-411b-abf9-124c05eb9bf1/query HTTP/1.1" 200
[32mINFO[0m:     [29-06-2025 13:20:11] 127.0.0.1:51620 - "GET /api/v1/collections HTTP/1.1" 200
[32mINFO[0m:     [29-06-2025 13:20:11] 127.0.0.1:51620 - "POST /api/v1/collections/06759ce4-e469-411b-abf9-124c05eb9bf1/query HTTP/1.1" 200
[32mINFO[0m:     [29-06-2025 13:20:11] 127.0.0.1:51620 - "GET /api/v1/collections HTTP/1.1" 200
[32mINFO[0m:     [29-06-2025 13:20:11] 127.0.0.1:51620 - "POST /api/v1/collections/06759ce4-e469-411b-abf9-124c05eb9bf1/query HTTP/1.1" 200
[32mINFO[0m:     [29-06-2025 13:20:12] 127.0.0.1:51620 - "GET /api/v1/collections HTTP/1.1" 200
[32mINFO[0m:     [29-06-2025 13:20:12] 127.0.0.1:51620 - "POST /api/v1/collections/06759ce4-e469-411b-abf9-124c05eb9bf1/query HTTP/1.1" 200
[32mINFO[0m:     [29-06-2025 13:20:21] 127.0.0.1:51642 - "GET /api/v1/collections HTTP/1.1" 200
[32mINFO[0m:     [29-06-2025 13:20:21] 127.0.0.1:51642 - "POST /api/v1/collections/06759ce4-e469-411b-abf9-124c05eb9bf1/query HTTP/1.1" 200
[32mINFO[0m:     [29-06-2025 13:20:25] 127.0.0.1:51642 - "GET /api/v1/collections HTTP/1.1" 200
[32mINFO[0m:     [29-06-2025 13:20:25] 127.0.0.1:51642 - "POST /api/v1/collections/06759ce4-e469-411b-abf9-124c05eb9bf1/query HTTP/1.1" 200
[32mINFO[0m:     [29-06-2025 13:20:28] 127.0.0.1:51642 - "GET /api/v1/collections HTTP/1.1" 200
[32mINFO[0m:     [29-06-2025 13:20:28] 127.0.0.1:51642 - "POST /api/v1/collections/06759ce4-e469-411b-abf9-124c05eb9bf1/query HTTP/1.1" 200
[32mINFO[0m:     [29-06-2025 13:20:30] 127.0.0.1:51642 - "GET /api/v1/collections HTTP/1.1" 200
[32mINFO[0m:     [29-06-2025 13:20:30] 127.0.0.1:51642 - "POST /api/v1/collections/06759ce4-e469-411b-abf9-124c05eb9bf1/query HTTP/1.1" 200
[32mINFO[0m:     [29-06-2025 13:20:32] 127.0.0.1:51642 - "GET /api/v1/collections HTTP/1.1" 200
[32mINFO[0m:     [29-06-2025 13:20:32] 127.0.0.1:51642 - "POST /api/v1/collections/06759ce4-e469-411b-abf9-124c05eb9bf1/query HTTP/1.1" 200
[32mINFO[0m:     [29-06-2025 13:20:32] 127.0.0.1:51642 - "GET /api/v1/collections HTTP/1.1" 200
[32mINFO[0m:     [29-06-2025 13:20:32] 127.0.0.1:51642 - "POST /api/v1/collections/06759ce4-e469-411b-abf9-124c05eb9bf1/query HTTP/1.1" 200
[32mINFO[0m:     [29-06-2025 13:20:37] 127.0.0.1:51642 - "GET /api/v1/collections HTTP/1.1" 200
[32mINFO[0m:     [29-06-2025 13:20:37] 127.0.0.1:51642 - "POST /api/v1/collections/06759ce4-e469-411b-abf9-124c05eb9bf1/query HTTP/1.1" 200
[32mINFO[0m:     [29-06-2025 13:20:37] 127.0.0.1:51642 - "GET /api/v1/collections HTTP/1.1" 200
[32mINFO[0m:     [29-06-2025 13:20:37] 127.0.0.1:51642 - "POST /api/v1/collections/06759ce4-e469-411b-abf9-124c05eb9bf1/query HTTP/1.1" 200
[32mINFO[0m:     [29-06-2025 13:20:39] 127.0.0.1:51642 - "GET /api/v1/collections HTTP/1.1" 200
[32mINFO[0m:     [29-06-2025 13:20:39] 127.0.0.1:51642 - "POST /api/v1/collections/06759ce4-e469-411b-abf9-124c05eb9bf1/query HTTP/1.1" 200
[32mINFO[0m:     [29-06-2025 13:20:39] 127.0.0.1:51642 - "GET /api/v1/collections HTTP/1.1" 200
[32mINFO[0m:     [29-06-2025 13:20:39] 127.0.0.1:51642 - "POST /api/v1/collections/06759ce4-e469-411b-abf9-124c05eb9bf1/query HTTP/1.1" 200
[32mINFO[0m:     [29-06-2025 13:20:40] 127.0.0.1:51642 - "GET /api/v1/collections HTTP/1.1" 200
[32mINFO[0m:     [29-06-2025 13:20:40] 127.0.0.1:51642 - "POST /api/v1/collections/06759ce4-e469-411b-abf9-124c05eb9bf1/query HTTP/1.1" 200
[32mINFO[0m:     [29-06-2025 13:20:40] 127.0.0.1:51642 - "GET /api/v1/collections HTTP/1.1" 200
[32mINFO[0m:     [29-06-2025 13:20:40] 127.0.0.1:51642 - "POST /api/v1/collections/06759ce4-e469-411b-abf9-124c05eb9bf1/query HTTP/1.1" 200
[32mINFO[0m:     [29-06-2025 13:20:40] 127.0.0.1:51642 - "GET /api/v1/collections HTTP/1.1" 200
[32mINFO[0m:     [29-06-2025 13:20:40] 127.0.0.1:51642 - "POST /api/v1/collections/06759ce4-e469-411b-abf9-124c05eb9bf1/query HTTP/1.1" 200
[32mINFO[0m:     [29-06-2025 13:20:43] 127.0.0.1:51642 - "GET /api/v1/collections HTTP/1.1" 200
[32mINFO[0m:     [29-06-2025 13:20:43] 127.0.0.1:51642 - "POST /api/v1/collections/06759ce4-e469-411b-abf9-124c05eb9bf1/query HTTP/1.1" 200
[32mINFO[0m:     [29-06-2025 13:20:43] 127.0.0.1:51642 - "GET /api/v1/collections HTTP/1.1" 200
[32mINFO[0m:     [29-06-2025 13:20:43] 127.0.0.1:51642 - "POST /api/v1/collections/06759ce4-e469-411b-abf9-124c05eb9bf1/query HTTP/1.1" 200
[32mINFO[0m:     [29-06-2025 13:20:43] 127.0.0.1:51642 - "GET /api/v1/collections HTTP/1.1" 200
[32mINFO[0m:     [29-06-2025 13:20:43] 127.0.0.1:51642 - "POST /api/v1/collections/06759ce4-e469-411b-abf9-124c05eb9bf1/query HTTP/1.1" 200
[32mINFO[0m:     [29-06-2025 13:20:43] 127.0.0.1:51642 - "GET /api/v1/collections HTTP/1.1" 200
[32mINFO[0m:     [29-06-2025 13:20:43] 127.0.0.1:51642 - "POST /api/v1/collections/06759ce4-e469-411b-abf9-124c05eb9bf1/query HTTP/1.1" 200
[32mINFO[0m:     [29-06-2025 13:20:44] 127.0.0.1:51642 - "GET /api/v1/collections HTTP/1.1" 200
[32mINFO[0m:     [29-06-2025 13:20:44] 127.0.0.1:51642 - "POST /api/v1/collections/06759ce4-e469-411b-abf9-124c05eb9bf1/query HTTP/1.1" 200
[32mINFO[0m:     [29-06-2025 13:20:46] 127.0.0.1:51642 - "GET /api/v1/collections HTTP/1.1" 200
[32mINFO[0m:     [29-06-2025 13:20:46] 127.0.0.1:51642 - "POST /api/v1/collections/06759ce4-e469-411b-abf9-124c05eb9bf1/query HTTP/1.1" 200
[32mINFO[0m:     [29-06-2025 13:20:46] 127.0.0.1:51642 - "GET /api/v1/collections HTTP/1.1" 200
[32mINFO[0m:     [29-06-2025 13:20:47] 127.0.0.1:51642 - "POST /api/v1/collections/06759ce4-e469-411b-abf9-124c05eb9bf1/query HTTP/1.1" 200
[32mINFO[0m:     [29-06-2025 13:20:47] 127.0.0.1:51642 - "GET /api/v1/collections HTTP/1.1" 200
[32mINFO[0m:     [29-06-2025 13:20:47] 127.0.0.1:51642 - "POST /api/v1/collections/06759ce4-e469-411b-abf9-124c05eb9bf1/query HTTP/1.1" 200
[32mINFO[0m:     [29-06-2025 13:20:49] 127.0.0.1:51642 - "GET /api/v1/collections HTTP/1.1" 200
[32mINFO[0m:     [29-06-2025 13:20:49] 127.0.0.1:51642 - "POST /api/v1/collections/06759ce4-e469-411b-abf9-124c05eb9bf1/query HTTP/1.1" 200
[32mINFO[0m:     [29-06-2025 13:20:49] 127.0.0.1:51642 - "GET /api/v1/collections HTTP/1.1" 200
[32mINFO[0m:     [29-06-2025 13:20:49] 127.0.0.1:51642 - "POST /api/v1/collections/06759ce4-e469-411b-abf9-124c05eb9bf1/query HTTP/1.1" 200
[32mINFO[0m:     [29-06-2025 13:20:49] 127.0.0.1:51642 - "GET /api/v1/collections HTTP/1.1" 200
[32mINFO[0m:     [29-06-2025 13:20:49] 127.0.0.1:51642 - "POST /api/v1/collections/06759ce4-e469-411b-abf9-124c05eb9bf1/query HTTP/1.1" 200
[32mINFO[0m:     [29-06-2025 13:20:50] 127.0.0.1:51642 - "GET /api/v1/collections HTTP/1.1" 200
[32mINFO[0m:     [29-06-2025 13:20:50] 127.0.0.1:51642 - "POST /api/v1/collections/06759ce4-e469-411b-abf9-124c05eb9bf1/query HTTP/1.1" 200
[32mINFO[0m:     [29-06-2025 13:20:51] 127.0.0.1:51642 - "GET /api/v1/collections HTTP/1.1" 200
[32mINFO[0m:     [29-06-2025 13:20:51] 127.0.0.1:51642 - "POST /api/v1/collections/06759ce4-e469-411b-abf9-124c05eb9bf1/query HTTP/1.1" 200
[32mINFO[0m:     [29-06-2025 13:20:52] 127.0.0.1:51642 - "GET /api/v1/collections HTTP/1.1" 200
[32mINFO[0m:     [29-06-2025 13:20:52] 127.0.0.1:51642 - "POST /api/v1/collections/06759ce4-e469-411b-abf9-124c05eb9bf1/query HTTP/1.1" 200
[32mINFO[0m:     [29-06-2025 13:20:52] 127.0.0.1:51642 - "GET /api/v1/collections HTTP/1.1" 200
[32mINFO[0m:     [29-06-2025 13:20:52] 127.0.0.1:51642 - "POST /api/v1/collections/06759ce4-e469-411b-abf9-124c05eb9bf1/query HTTP/1.1" 200
[32mINFO[0m:     [29-06-2025 13:20:52] 127.0.0.1:51642 - "GET /api/v1/collections HTTP/1.1" 200
[32mINFO[0m:     [29-06-2025 13:20:52] 127.0.0.1:51642 - "POST /api/v1/collections/06759ce4-e469-411b-abf9-124c05eb9bf1/query HTTP/1.1" 200
[32mINFO[0m:     [29-06-2025 13:20:53] 127.0.0.1:51642 - "GET /api/v1/collections HTTP/1.1" 200
[32mINFO[0m:     [29-06-2025 13:20:53] 127.0.0.1:51642 - "POST /api/v1/collections/06759ce4-e469-411b-abf9-124c05eb9bf1/query HTTP/1.1" 200
[32mINFO[0m:     [29-06-2025 13:20:53] 127.0.0.1:51642 - "GET /api/v1/collections HTTP/1.1" 200
[32mINFO[0m:     [29-06-2025 13:20:53] 127.0.0.1:51642 - "POST /api/v1/collections/06759ce4-e469-411b-abf9-124c05eb9bf1/query HTTP/1.1" 200
[32mINFO[0m:     [29-06-2025 13:20:53] 127.0.0.1:51642 - "GET /api/v1/collections HTTP/1.1" 200
[32mINFO[0m:     [29-06-2025 13:20:53] 127.0.0.1:51642 - "POST /api/v1/collections/06759ce4-e469-411b-abf9-124c05eb9bf1/query HTTP/1.1" 200
[32mINFO[0m:     [29-06-2025 13:20:54] 127.0.0.1:51642 - "GET /api/v1/collections HTTP/1.1" 200
[32mINFO[0m:     [29-06-2025 13:20:54] 127.0.0.1:51642 - "POST /api/v1/collections/06759ce4-e469-411b-abf9-124c05eb9bf1/query HTTP/1.1" 200
[32mINFO[0m:     [29-06-2025 13:20:54] 127.0.0.1:51642 - "GET /api/v1/collections HTTP/1.1" 200
[32mINFO[0m:     [29-06-2025 13:20:54] 127.0.0.1:51642 - "POST /api/v1/collections/06759ce4-e469-411b-abf9-124c05eb9bf1/query HTTP/1.1" 200
[32mINFO[0m:     [29-06-2025 13:20:54] 127.0.0.1:51642 - "GET /api/v1/collections HTTP/1.1" 200
[32mINFO[0m:     [29-06-2025 13:20:54] 127.0.0.1:51642 - "POST /api/v1/collections/06759ce4-e469-411b-abf9-124c05eb9bf1/query HTTP/1.1" 200
[32mINFO[0m:     [29-06-2025 13:20:54] 127.0.0.1:51642 - "GET /api/v1/collections HTTP/1.1" 200
[32mINFO[0m:     [29-06-2025 13:20:54] 127.0.0.1:51642 - "POST /api/v1/collections/06759ce4-e469-411b-abf9-124c05eb9bf1/query HTTP/1.1" 200
[32mINFO[0m:     [29-06-2025 13:20:59] 127.0.0.1:51642 - "GET /api/v1/collections HTTP/1.1" 200
[32mINFO[0m:     [29-06-2025 13:20:59] 127.0.0.1:51642 - "POST /api/v1/collections/06759ce4-e469-411b-abf9-124c05eb9bf1/query HTTP/1.1" 200
[32mINFO[0m:     [29-06-2025 13:21:03] 127.0.0.1:51642 - "GET /api/v1/collections HTTP/1.1" 200
[32mINFO[0m:     [29-06-2025 13:21:03] 127.0.0.1:51642 - "POST /api/v1/collections/06759ce4-e469-411b-abf9-124c05eb9bf1/query HTTP/1.1" 200
[32mINFO[0m:     [29-06-2025 13:21:03] 127.0.0.1:51642 - "GET /api/v1/collections HTTP/1.1" 200
[32mINFO[0m:     [29-06-2025 13:21:03] 127.0.0.1:51642 - "POST /api/v1/collections/06759ce4-e469-411b-abf9-124c05eb9bf1/query HTTP/1.1" 200
[32mINFO[0m:     [29-06-2025 13:21:03] 127.0.0.1:51642 - "GET /api/v1/collections HTTP/1.1" 200
[32mINFO[0m:     [29-06-2025 13:21:03] 127.0.0.1:51642 - "POST /api/v1/collections/06759ce4-e469-411b-abf9-124c05eb9bf1/query HTTP/1.1" 200
[32mINFO[0m:     [29-06-2025 13:21:05] 127.0.0.1:51642 - "GET /api/v1/collections HTTP/1.1" 200
[32mINFO[0m:     [29-06-2025 13:21:05] 127.0.0.1:51642 - "POST /api/v1/collections/06759ce4-e469-411b-abf9-124c05eb9bf1/query HTTP/1.1" 200
[32mINFO[0m:     [29-06-2025 13:21:05] 127.0.0.1:51642 - "GET /api/v1/collections HTTP/1.1" 200
[32mINFO[0m:     [29-06-2025 13:21:05] 127.0.0.1:51642 - "POST /api/v1/collections/06759ce4-e469-411b-abf9-124c05eb9bf1/query HTTP/1.1" 200
[32mINFO[0m:     [29-06-2025 13:21:06] 127.0.0.1:51642 - "GET /api/v1/collections HTTP/1.1" 200
[32mINFO[0m:     [29-06-2025 13:21:06] 127.0.0.1:51642 - "POST /api/v1/collections/06759ce4-e469-411b-abf9-124c05eb9bf1/query HTTP/1.1" 200
[32mINFO[0m:     [29-06-2025 13:21:06] 127.0.0.1:51642 - "GET /api/v1/collections HTTP/1.1" 200
[32mINFO[0m:     [29-06-2025 13:21:06] 127.0.0.1:51642 - "POST /api/v1/collections/06759ce4-e469-411b-abf9-124c05eb9bf1/query HTTP/1.1" 200
[32mINFO[0m:     [29-06-2025 13:21:06] 127.0.0.1:51642 - "GET /api/v1/collections HTTP/1.1" 200
[32mINFO[0m:     [29-06-2025 13:21:06] 127.0.0.1:51642 - "POST /api/v1/collections/06759ce4-e469-411b-abf9-124c05eb9bf1/query HTTP/1.1" 200
[32mINFO[0m:     [29-06-2025 13:21:06] 127.0.0.1:51642 - "GET /api/v1/collections HTTP/1.1" 200
[32mINFO[0m:     [29-06-2025 13:21:06] 127.0.0.1:51642 - "POST /api/v1/collections/06759ce4-e469-411b-abf9-124c05eb9bf1/query HTTP/1.1" 200
[32mINFO[0m:     [29-06-2025 13:21:08] 127.0.0.1:51642 - "GET /api/v1/collections HTTP/1.1" 200
[32mINFO[0m:     [29-06-2025 13:21:08] 127.0.0.1:51642 - "POST /api/v1/collections/06759ce4-e469-411b-abf9-124c05eb9bf1/query HTTP/1.1" 200
[32mINFO[0m:     [29-06-2025 13:21:09] 127.0.0.1:51642 - "GET /api/v1/collections HTTP/1.1" 200
[32mINFO[0m:     [29-06-2025 13:21:09] 127.0.0.1:51642 - "POST /api/v1/collections/06759ce4-e469-411b-abf9-124c05eb9bf1/query HTTP/1.1" 200
[32mINFO[0m:     [29-06-2025 13:21:09] 127.0.0.1:51642 - "GET /api/v1/collections HTTP/1.1" 200
[32mINFO[0m:     [29-06-2025 13:21:09] 127.0.0.1:51642 - "POST /api/v1/collections/06759ce4-e469-411b-abf9-124c05eb9bf1/query HTTP/1.1" 200
[32mINFO[0m:     [29-06-2025 13:21:12] 127.0.0.1:51642 - "GET /api/v1/collections HTTP/1.1" 200
[32mINFO[0m:     [29-06-2025 13:21:12] 127.0.0.1:51642 - "POST /api/v1/collections/06759ce4-e469-411b-abf9-124c05eb9bf1/query HTTP/1.1" 200
[32mINFO[0m:     [29-06-2025 13:21:16] 127.0.0.1:51642 - "GET /api/v1/collections HTTP/1.1" 200
[32mINFO[0m:     [29-06-2025 13:21:16] 127.0.0.1:51642 - "POST /api/v1/collections/06759ce4-e469-411b-abf9-124c05eb9bf1/query HTTP/1.1" 200
[32mINFO[0m:     [29-06-2025 13:21:17] 127.0.0.1:51642 - "GET /api/v1/collections HTTP/1.1" 200
[32mINFO[0m:     [29-06-2025 13:21:17] 127.0.0.1:51642 - "POST /api/v1/collections/06759ce4-e469-411b-abf9-124c05eb9bf1/query HTTP/1.1" 200
[32mINFO[0m:     [29-06-2025 13:21:18] 127.0.0.1:51642 - "GET /api/v1/collections HTTP/1.1" 200
[32mINFO[0m:     [29-06-2025 13:21:18] 127.0.0.1:51642 - "POST /api/v1/collections/06759ce4-e469-411b-abf9-124c05eb9bf1/query HTTP/1.1" 200
[32mINFO[0m:     [29-06-2025 13:21:18] 127.0.0.1:51642 - "GET /api/v1/collections HTTP/1.1" 200
[32mINFO[0m:     [29-06-2025 13:21:18] 127.0.0.1:51642 - "POST /api/v1/collections/06759ce4-e469-411b-abf9-124c05eb9bf1/query HTTP/1.1" 200
[32mINFO[0m:     [29-06-2025 13:21:18] 127.0.0.1:51642 - "GET /api/v1/collections HTTP/1.1" 200
[32mINFO[0m:     [29-06-2025 13:21:18] 127.0.0.1:51642 - "POST /api/v1/collections/06759ce4-e469-411b-abf9-124c05eb9bf1/query HTTP/1.1" 200
[32mINFO[0m:     [29-06-2025 13:21:19] 127.0.0.1:51642 - "GET /api/v1/collections HTTP/1.1" 200
[32mINFO[0m:     [29-06-2025 13:21:19] 127.0.0.1:51642 - "POST /api/v1/collections/06759ce4-e469-411b-abf9-124c05eb9bf1/query HTTP/1.1" 200
[32mINFO[0m:     [29-06-2025 13:21:19] 127.0.0.1:51642 - "GET /api/v1/collections HTTP/1.1" 200
[32mINFO[0m:     [29-06-2025 13:21:19] 127.0.0.1:51642 - "POST /api/v1/collections/06759ce4-e469-411b-abf9-124c05eb9bf1/query HTTP/1.1" 200
[32mINFO[0m:     [29-06-2025 13:21:24] 127.0.0.1:51642 - "GET /api/v1/collections HTTP/1.1" 200
[32mINFO[0m:     [29-06-2025 13:21:24] 127.0.0.1:51642 - "POST /api/v1/collections/06759ce4-e469-411b-abf9-124c05eb9bf1/query HTTP/1.1" 200
[32mINFO[0m:     [29-06-2025 13:21:27] 127.0.0.1:51642 - "GET /api/v1/collections HTTP/1.1" 200
[32mINFO[0m:     [29-06-2025 13:21:27] 127.0.0.1:51642 - "POST /api/v1/collections/06759ce4-e469-411b-abf9-124c05eb9bf1/query HTTP/1.1" 200
[32mINFO[0m:     [29-06-2025 13:21:38] 127.0.0.1:51714 - "GET /api/v1/collections HTTP/1.1" 200
[32mINFO[0m:     [29-06-2025 13:21:38] 127.0.0.1:51714 - "POST /api/v1/collections/06759ce4-e469-411b-abf9-124c05eb9bf1/query HTTP/1.1" 200
[32mINFO[0m:     [29-06-2025 13:21:40] 127.0.0.1:51714 - "GET /api/v1/collections HTTP/1.1" 200
[32mINFO[0m:     [29-06-2025 13:21:40] 127.0.0.1:51714 - "POST /api/v1/collections/06759ce4-e469-411b-abf9-124c05eb9bf1/query HTTP/1.1" 200
[32mINFO[0m:     [29-06-2025 13:21:46] 127.0.0.1:51718 - "GET /api/v1/collections HTTP/1.1" 200
[32mINFO[0m:     [29-06-2025 13:21:46] 127.0.0.1:51718 - "POST /api/v1/collections/06759ce4-e469-411b-abf9-124c05eb9bf1/query HTTP/1.1" 200
[32mINFO[0m:     [29-06-2025 13:21:51] 127.0.0.1:51721 - "GET /api/v1/collections HTTP/1.1" 200
[32mINFO[0m:     [29-06-2025 13:21:51] 127.0.0.1:51721 - "POST /api/v1/collections/06759ce4-e469-411b-abf9-124c05eb9bf1/query HTTP/1.1" 200
[33mWARNING[0m:  [06-07-2025 12:06:46] chroma_server_nofile is set to 65535, but this is less than current soft limit of 1048575. chroma_server_nofile will not be set.
[32mINFO[0m:     [06-07-2025 12:06:46] Anonymized telemetry enabled. See                     https://docs.trychroma.com/telemetry for more information.
[36mDEBUG[0m:    [06-07-2025 12:06:46] Starting component System
[36mDEBUG[0m:    [06-07-2025 12:06:46] Starting component OpenTelemetryClient
[36mDEBUG[0m:    [06-07-2025 12:06:46] Starting component SqliteDB
[36mDEBUG[0m:    [06-07-2025 12:06:46] Starting component QuotaEnforcer
[36mDEBUG[0m:    [06-07-2025 12:06:46] Starting component Posthog
[36mDEBUG[0m:    [06-07-2025 12:06:46] Starting component LocalSegmentManager
[36mDEBUG[0m:    [06-07-2025 12:06:46] Starting component SegmentAPI
[32mINFO[0m:     [06-07-2025 12:06:46] Started server process [[36m35236[0m]
[32mINFO[0m:     [06-07-2025 12:06:46] Waiting for application startup.
[32mINFO[0m:     [06-07-2025 12:06:46] Application startup complete.
[32mINFO[0m:     [06-07-2025 12:06:46] Uvicorn running on [1mhttp://0.0.0.0:8000[0m (Press CTRL+C to quit)
[32mINFO[0m:     [06-07-2025 12:08:23] Shutting down
[32mINFO[0m:     [06-07-2025 12:08:23] Waiting for application shutdown.
[36mDEBUG[0m:    [06-07-2025 12:08:23] Stopping component System
[36mDEBUG[0m:    [06-07-2025 12:08:23] Stopping component SegmentAPI
[36mDEBUG[0m:    [06-07-2025 12:08:23] Stopping component LocalSegmentManager
[36mDEBUG[0m:    [06-07-2025 12:08:23] Stopping component Posthog
[36mDEBUG[0m:    [06-07-2025 12:08:23] Stopping component QuotaEnforcer
[36mDEBUG[0m:    [06-07-2025 12:08:23] Stopping component SqliteDB
[36mDEBUG[0m:    [06-07-2025 12:08:23] Stopping component OpenTelemetryClient
[32mINFO[0m:     [06-07-2025 12:08:23] Application shutdown complete.
[32mINFO[0m:     [06-07-2025 12:08:23] Finished server process [[36m35236[0m]
[33mWARNING[0m:  [06-07-2025 12:10:28] chroma_server_nofile is set to 65535, but this is less than current soft limit of 1048575. chroma_server_nofile will not be set.
[32mINFO[0m:     [06-07-2025 12:10:28] Anonymized telemetry enabled. See                     https://docs.trychroma.com/telemetry for more information.
[36mDEBUG[0m:    [06-07-2025 12:10:28] Starting component System
[36mDEBUG[0m:    [06-07-2025 12:10:28] Starting component OpenTelemetryClient
[36mDEBUG[0m:    [06-07-2025 12:10:28] Starting component SqliteDB
[36mDEBUG[0m:    [06-07-2025 12:10:28] Starting component QuotaEnforcer
[36mDEBUG[0m:    [06-07-2025 12:10:28] Starting component Posthog
[36mDEBUG[0m:    [06-07-2025 12:10:28] Starting component LocalSegmentManager
[36mDEBUG[0m:    [06-07-2025 12:10:28] Starting component SegmentAPI
[32mINFO[0m:     [06-07-2025 12:10:28] Started server process [[36m37160[0m]
[32mINFO[0m:     [06-07-2025 12:10:28] Waiting for application startup.
[32mINFO[0m:     [06-07-2025 12:10:28] Application startup complete.
[32mINFO[0m:     [06-07-2025 12:10:28] Uvicorn running on [1mhttp://0.0.0.0:8000[0m (Press CTRL+C to quit)
[32mINFO[0m:     [06-07-2025 12:11:04] 127.0.0.1:52619 - "GET /api/v1/collections HTTP/1.1" 200
[32mINFO[0m:     [06-07-2025 12:11:04] 127.0.0.1:52619 - "POST /api/v1/collections HTTP/1.1" 200
[32mINFO[0m:     [06-07-2025 12:11:05] 127.0.0.1:52619 - "POST /api/v1/collections/maintstar-meta/add HTTP/1.1" 400
[32mINFO[0m:     [06-07-2025 12:11:06] 127.0.0.1:52619 - "POST /api/v1/collections/maintstar-meta/add HTTP/1.1" 400
[32mINFO[0m:     [06-07-2025 12:11:07] 127.0.0.1:52619 - "POST /api/v1/collections/maintstar-meta/add HTTP/1.1" 400
[32mINFO[0m:     [06-07-2025 12:11:07] 127.0.0.1:52619 - "POST /api/v1/collections/maintstar-meta/add HTTP/1.1" 400
[32mINFO[0m:     [06-07-2025 12:11:08] 127.0.0.1:52619 - "POST /api/v1/collections/maintstar-meta/add HTTP/1.1" 400
[32mINFO[0m:     [06-07-2025 12:11:09] 127.0.0.1:52619 - "POST /api/v1/collections/maintstar-meta/add HTTP/1.1" 400
[32mINFO[0m:     [06-07-2025 12:11:10] 127.0.0.1:52619 - "POST /api/v1/collections/maintstar-meta/add HTTP/1.1" 400
[32mINFO[0m:     [06-07-2025 12:11:10] 127.0.0.1:52619 - "POST /api/v1/collections/maintstar-meta/add HTTP/1.1" 400
[32mINFO[0m:     [06-07-2025 12:11:10] 127.0.0.1:52619 - "POST /api/v1/collections/maintstar-meta/add HTTP/1.1" 400
[32mINFO[0m:     [06-07-2025 12:11:10] 127.0.0.1:52619 - "POST /api/v1/collections/maintstar-meta/add HTTP/1.1" 400
[32mINFO[0m:     [06-07-2025 12:11:11] 127.0.0.1:52619 - "POST /api/v1/collections/maintstar-meta/add HTTP/1.1" 400
[32mINFO[0m:     [06-07-2025 12:11:11] 127.0.0.1:52619 - "POST /api/v1/collections/maintstar-meta/add HTTP/1.1" 400
[32mINFO[0m:     [06-07-2025 12:11:12] 127.0.0.1:52619 - "POST /api/v1/collections/maintstar-meta/add HTTP/1.1" 400
[32mINFO[0m:     [06-07-2025 12:11:12] 127.0.0.1:52619 - "POST /api/v1/collections/maintstar-meta/add HTTP/1.1" 400
[32mINFO[0m:     [06-07-2025 12:11:13] 127.0.0.1:52619 - "POST /api/v1/collections/maintstar-meta/add HTTP/1.1" 400
[32mINFO[0m:     [06-07-2025 12:11:13] 127.0.0.1:52619 - "GET /api/v1/collections HTTP/1.1" 200
[31mERROR[0m:    [06-07-2025 12:11:13] Collection maintstar-docs already exists
Traceback (most recent call last):
  File "/Users/juliareinhart/anaconda3/lib/python3.11/site-packages/anyio/streams/memory.py", line 98, in receive
    return self.receive_nowait()
           ^^^^^^^^^^^^^^^^^^^^^
  File "/Users/juliareinhart/anaconda3/lib/python3.11/site-packages/anyio/streams/memory.py", line 93, in receive_nowait
    raise WouldBlock
anyio.WouldBlock

During handling of the above exception, another exception occurred:

Traceback (most recent call last):
  File "/Users/juliareinhart/anaconda3/lib/python3.11/site-packages/starlette/middleware/base.py", line 148, in call_next
    message = await recv_stream.receive()
              ^^^^^^^^^^^^^^^^^^^^^^^^^^^
  File "/Users/juliareinhart/anaconda3/lib/python3.11/site-packages/anyio/streams/memory.py", line 118, in receive
    raise EndOfStream
anyio.EndOfStream

During handling of the above exception, another exception occurred:

Traceback (most recent call last):
  File "/Users/juliareinhart/anaconda3/lib/python3.11/site-packages/chromadb/server/fastapi/__init__.py", line 78, in catch_exceptions_middleware
    return await call_next(request)
           ^^^^^^^^^^^^^^^^^^^^^^^^
  File "/Users/juliareinhart/anaconda3/lib/python3.11/site-packages/starlette/middleware/base.py", line 156, in call_next
    raise app_exc
  File "/Users/juliareinhart/anaconda3/lib/python3.11/site-packages/starlette/middleware/base.py", line 141, in coro
    await self.app(scope, receive_or_disconnect, send_no_error)
  File "/Users/juliareinhart/anaconda3/lib/python3.11/site-packages/starlette/middleware/base.py", line 178, in __call__
    response = await self.dispatch_func(request, call_next)
               ^^^^^^^^^^^^^^^^^^^^^^^^^^^^^^^^^^^^^^^^^^^^
  File "/Users/juliareinhart/anaconda3/lib/python3.11/site-packages/chromadb/server/fastapi/__init__.py", line 92, in check_http_version_middleware
    return await call_next(request)
           ^^^^^^^^^^^^^^^^^^^^^^^^
  File "/Users/juliareinhart/anaconda3/lib/python3.11/site-packages/starlette/middleware/base.py", line 156, in call_next
    raise app_exc
  File "/Users/juliareinhart/anaconda3/lib/python3.11/site-packages/starlette/middleware/base.py", line 141, in coro
    await self.app(scope, receive_or_disconnect, send_no_error)
  File "/Users/juliareinhart/anaconda3/lib/python3.11/site-packages/starlette/middleware/exceptions.py", line 62, in __call__
    await wrap_app_handling_exceptions(self.app, conn)(scope, receive, send)
  File "/Users/juliareinhart/anaconda3/lib/python3.11/site-packages/starlette/_exception_handler.py", line 53, in wrapped_app
    raise exc
  File "/Users/juliareinhart/anaconda3/lib/python3.11/site-packages/starlette/_exception_handler.py", line 42, in wrapped_app
    await app(scope, receive, sender)
  File "/Users/juliareinhart/anaconda3/lib/python3.11/site-packages/starlette/routing.py", line 714, in __call__
    await self.middleware_stack(scope, receive, send)
  File "/Users/juliareinhart/anaconda3/lib/python3.11/site-packages/starlette/routing.py", line 734, in app
    await route.handle(scope, receive, send)
  File "/Users/juliareinhart/anaconda3/lib/python3.11/site-packages/starlette/routing.py", line 288, in handle
    await self.app(scope, receive, send)
  File "/Users/juliareinhart/anaconda3/lib/python3.11/site-packages/starlette/routing.py", line 76, in app
    await wrap_app_handling_exceptions(app, request)(scope, receive, send)
  File "/Users/juliareinhart/anaconda3/lib/python3.11/site-packages/starlette/_exception_handler.py", line 53, in wrapped_app
    raise exc
  File "/Users/juliareinhart/anaconda3/lib/python3.11/site-packages/starlette/_exception_handler.py", line 42, in wrapped_app
    await app(scope, receive, sender)
  File "/Users/juliareinhart/anaconda3/lib/python3.11/site-packages/starlette/routing.py", line 73, in app
    response = await f(request)
               ^^^^^^^^^^^^^^^^
  File "/Users/juliareinhart/anaconda3/lib/python3.11/site-packages/fastapi/routing.py", line 301, in app
    raw_response = await run_endpoint_function(
                   ^^^^^^^^^^^^^^^^^^^^^^^^^^^^
  File "/Users/juliareinhart/anaconda3/lib/python3.11/site-packages/fastapi/routing.py", line 212, in run_endpoint_function
    return await dependant.call(**values)
           ^^^^^^^^^^^^^^^^^^^^^^^^^^^^^^
  File "/Users/juliareinhart/anaconda3/lib/python3.11/site-packages/chromadb/telemetry/opentelemetry/__init__.py", line 130, in wrapper
    return await f(*args, **kwargs)
           ^^^^^^^^^^^^^^^^^^^^^^^^
  File "/Users/juliareinhart/anaconda3/lib/python3.11/site-packages/chromadb/server/fastapi/__init__.py", line 630, in create_collection
    await to_thread.run_sync(
  File "/Users/juliareinhart/anaconda3/lib/python3.11/site-packages/anyio/to_thread.py", line 33, in run_sync
    return await get_asynclib().run_sync_in_worker_thread(
           ^^^^^^^^^^^^^^^^^^^^^^^^^^^^^^^^^^^^^^^^^^^^^^^
  File "/Users/juliareinhart/anaconda3/lib/python3.11/site-packages/anyio/_backends/_asyncio.py", line 877, in run_sync_in_worker_thread
    return await future
           ^^^^^^^^^^^^
  File "/Users/juliareinhart/anaconda3/lib/python3.11/site-packages/anyio/_backends/_asyncio.py", line 807, in run
    result = context.run(func, *args)
             ^^^^^^^^^^^^^^^^^^^^^^^^
  File "/Users/juliareinhart/anaconda3/lib/python3.11/site-packages/chromadb/server/fastapi/__init__.py", line 620, in process_create_collection
    return self._api.create_collection(
           ^^^^^^^^^^^^^^^^^^^^^^^^^^^^
  File "/Users/juliareinhart/anaconda3/lib/python3.11/site-packages/chromadb/telemetry/opentelemetry/__init__.py", line 143, in wrapper
    return f(*args, **kwargs)
           ^^^^^^^^^^^^^^^^^^
  File "/Users/juliareinhart/anaconda3/lib/python3.11/site-packages/chromadb/api/segment.py", line 173, in create_collection
    coll, created = self._sysdb.create_collection(
                    ^^^^^^^^^^^^^^^^^^^^^^^^^^^^^^
  File "/Users/juliareinhart/anaconda3/lib/python3.11/site-packages/chromadb/telemetry/opentelemetry/__init__.py", line 143, in wrapper
    return f(*args, **kwargs)
           ^^^^^^^^^^^^^^^^^^
  File "/Users/juliareinhart/anaconda3/lib/python3.11/site-packages/chromadb/db/mixins/sysdb.py", line 220, in create_collection
    raise UniqueConstraintError(f"Collection {name} already exists")
chromadb.db.base.UniqueConstraintError: Collection maintstar-docs already exists
[32mINFO[0m:     [06-07-2025 12:11:13] 127.0.0.1:52619 - "POST /api/v1/collections HTTP/1.1" 500
[32mINFO[0m:     [06-07-2025 12:11:13] 127.0.0.1:52619 - "GET /api/v1/collections HTTP/1.1" 200
[36mDEBUG[0m:    [06-07-2025 12:11:13] Starting component PersistentLocalHnswSegment
[33mWARNING[0m:  [06-07-2025 12:11:13] Add of existing embedding ID: CH1 - Work Orders.txt-chunk-0
[33mWARNING[0m:  [06-07-2025 12:11:13] Add of existing embedding ID: CH1 - Work Orders.txt-chunk-1
[33mWARNING[0m:  [06-07-2025 12:11:13] Add of existing embedding ID: CH1 - Work Orders.txt-chunk-2
[33mWARNING[0m:  [06-07-2025 12:11:13] Add of existing embedding ID: CH1 - Work Orders.txt-chunk-3
[33mWARNING[0m:  [06-07-2025 12:11:13] Add of existing embedding ID: CH2 - Preventative Maintenance.txt-chunk-0
[33mWARNING[0m:  [06-07-2025 12:11:13] Add of existing embedding ID: CH2 - Preventative Maintenance.txt-chunk-1
[33mWARNING[0m:  [06-07-2025 12:11:13] Add of existing embedding ID: CH2 - Preventative Maintenance.txt-chunk-2
[33mWARNING[0m:  [06-07-2025 12:11:13] Add of existing embedding ID: CH1 - Work Orders.txt-chunk-0
[33mWARNING[0m:  [06-07-2025 12:11:13] Add of existing embedding ID: CH1_3 - CM Templates.txt-chunk-0
[33mWARNING[0m:  [06-07-2025 12:11:13] Add of existing embedding ID: CH2 - Preventative Maintenance.txt-chunk-0
[33mWARNING[0m:  [06-07-2025 12:11:13] Add of existing embedding ID: CH2 - Preventative Maintenance.txt-chunk-1
[33mWARNING[0m:  [06-07-2025 12:11:13] Add of existing embedding ID: CH3 - Work Request and Portal.txt-chunk-0
[33mWARNING[0m:  [06-07-2025 12:11:13] Add of existing embedding ID: CH3 - Work Request and Portal.txt-chunk-1
[33mWARNING[0m:  [06-07-2025 12:11:13] Add of existing embedding ID: CH4 - Notifications.txt-chunk-0
[33mWARNING[0m:  [06-07-2025 12:11:13] Add of existing embedding ID: CH5 - Assets.txt-chunk-0
[33mWARNING[0m:  [06-07-2025 12:11:13] Add of existing embedding ID: CH5_2 - Asset Assessments.txt-chunk-0
[33mWARNING[0m:  [06-07-2025 12:11:13] Add of existing embedding ID: CH5_3 - Asset Acquisitions.txt-chunk-0
[33mWARNING[0m:  [06-07-2025 12:11:13] Add of existing embedding ID: CH5_4 - Asset Disposals.txt-chunk-0
[33mWARNING[0m:  [06-07-2025 12:11:13] Add of existing embedding ID: CH5_5 - Asset Deficiencies.txt-chunk-0
[33mWARNING[0m:  [06-07-2025 12:11:13] Add of existing embedding ID: CH6 - Mobile Work Order.txt-chunk-0
[33mWARNING[0m:  [06-07-2025 12:11:13] Add of existing embedding ID: CH6 - Mobile Work Order.txt-chunk-1
[33mWARNING[0m:  [06-07-2025 12:11:13] Add of existing embedding ID: CH6 - Mobile Work Order.txt-chunk-2
[33mWARNING[0m:  [06-07-2025 12:11:13] Add of existing embedding ID: CH7 - KPI Dashboards.txt-chunk-0
[33mWARNING[0m:  [06-07-2025 12:11:13] Add of existing embedding ID: CH7 - KPI Dashboards.txt-chunk-1
[33mWARNING[0m:  [06-07-2025 12:11:13] Add of existing embedding ID: CH8.2 - Inventory ABC Cycle Counts.txt-chunk-0
[33mWARNING[0m:  [06-07-2025 12:11:13] Add of existing embedding ID: CH9 - Asset Lifecycle Module.txt-chunk-0
[33mWARNING[0m:  [06-07-2025 12:11:13] Add of existing embedding ID: CH9 - Asset Lifecycle Module.txt-chunk-1
[33mWARNING[0m:  [06-07-2025 12:11:13] Add of existing embedding ID: CH9_3 - Work Planning Module.txt-chunk-0
[33mWARNING[0m:  [06-07-2025 12:11:13] Add of existing embedding ID: CH9_3 - Work Planning Module.txt-chunk-1
[33mWARNING[0m:  [06-07-2025 12:11:13] Add of existing embedding ID: CH1 - Work Orders.txt-chunk-0
[33mWARNING[0m:  [06-07-2025 12:11:13] Insert of existing embedding ID: CH1 - Work Orders.txt-chunk-0
[32mINFO[0m:     [06-07-2025 12:11:13] 127.0.0.1:52619 - "POST /api/v1/collections/06759ce4-e469-411b-abf9-124c05eb9bf1/add HTTP/1.1" 201
[32mINFO[0m:     [06-07-2025 12:11:13] 127.0.0.1:52619 - "GET /api/v1/collections HTTP/1.1" 200
[31mERROR[0m:    [06-07-2025 12:11:13] Collection maintstar-docs already exists
Traceback (most recent call last):
  File "/Users/juliareinhart/anaconda3/lib/python3.11/site-packages/anyio/streams/memory.py", line 98, in receive
    return self.receive_nowait()
           ^^^^^^^^^^^^^^^^^^^^^
  File "/Users/juliareinhart/anaconda3/lib/python3.11/site-packages/anyio/streams/memory.py", line 93, in receive_nowait
    raise WouldBlock
anyio.WouldBlock

During handling of the above exception, another exception occurred:

Traceback (most recent call last):
  File "/Users/juliareinhart/anaconda3/lib/python3.11/site-packages/starlette/middleware/base.py", line 148, in call_next
    message = await recv_stream.receive()
              ^^^^^^^^^^^^^^^^^^^^^^^^^^^
  File "/Users/juliareinhart/anaconda3/lib/python3.11/site-packages/anyio/streams/memory.py", line 118, in receive
    raise EndOfStream
anyio.EndOfStream

During handling of the above exception, another exception occurred:

Traceback (most recent call last):
  File "/Users/juliareinhart/anaconda3/lib/python3.11/site-packages/chromadb/server/fastapi/__init__.py", line 78, in catch_exceptions_middleware
    return await call_next(request)
           ^^^^^^^^^^^^^^^^^^^^^^^^
  File "/Users/juliareinhart/anaconda3/lib/python3.11/site-packages/starlette/middleware/base.py", line 156, in call_next
    raise app_exc
  File "/Users/juliareinhart/anaconda3/lib/python3.11/site-packages/starlette/middleware/base.py", line 141, in coro
    await self.app(scope, receive_or_disconnect, send_no_error)
  File "/Users/juliareinhart/anaconda3/lib/python3.11/site-packages/starlette/middleware/base.py", line 178, in __call__
    response = await self.dispatch_func(request, call_next)
               ^^^^^^^^^^^^^^^^^^^^^^^^^^^^^^^^^^^^^^^^^^^^
  File "/Users/juliareinhart/anaconda3/lib/python3.11/site-packages/chromadb/server/fastapi/__init__.py", line 92, in check_http_version_middleware
    return await call_next(request)
           ^^^^^^^^^^^^^^^^^^^^^^^^
  File "/Users/juliareinhart/anaconda3/lib/python3.11/site-packages/starlette/middleware/base.py", line 156, in call_next
    raise app_exc
  File "/Users/juliareinhart/anaconda3/lib/python3.11/site-packages/starlette/middleware/base.py", line 141, in coro
    await self.app(scope, receive_or_disconnect, send_no_error)
  File "/Users/juliareinhart/anaconda3/lib/python3.11/site-packages/starlette/middleware/exceptions.py", line 62, in __call__
    await wrap_app_handling_exceptions(self.app, conn)(scope, receive, send)
  File "/Users/juliareinhart/anaconda3/lib/python3.11/site-packages/starlette/_exception_handler.py", line 53, in wrapped_app
    raise exc
  File "/Users/juliareinhart/anaconda3/lib/python3.11/site-packages/starlette/_exception_handler.py", line 42, in wrapped_app
    await app(scope, receive, sender)
  File "/Users/juliareinhart/anaconda3/lib/python3.11/site-packages/starlette/routing.py", line 714, in __call__
    await self.middleware_stack(scope, receive, send)
  File "/Users/juliareinhart/anaconda3/lib/python3.11/site-packages/starlette/routing.py", line 734, in app
    await route.handle(scope, receive, send)
  File "/Users/juliareinhart/anaconda3/lib/python3.11/site-packages/starlette/routing.py", line 288, in handle
    await self.app(scope, receive, send)
  File "/Users/juliareinhart/anaconda3/lib/python3.11/site-packages/starlette/routing.py", line 76, in app
    await wrap_app_handling_exceptions(app, request)(scope, receive, send)
  File "/Users/juliareinhart/anaconda3/lib/python3.11/site-packages/starlette/_exception_handler.py", line 53, in wrapped_app
    raise exc
  File "/Users/juliareinhart/anaconda3/lib/python3.11/site-packages/starlette/_exception_handler.py", line 42, in wrapped_app
    await app(scope, receive, sender)
  File "/Users/juliareinhart/anaconda3/lib/python3.11/site-packages/starlette/routing.py", line 73, in app
    response = await f(request)
               ^^^^^^^^^^^^^^^^
  File "/Users/juliareinhart/anaconda3/lib/python3.11/site-packages/fastapi/routing.py", line 301, in app
    raw_response = await run_endpoint_function(
                   ^^^^^^^^^^^^^^^^^^^^^^^^^^^^
  File "/Users/juliareinhart/anaconda3/lib/python3.11/site-packages/fastapi/routing.py", line 212, in run_endpoint_function
    return await dependant.call(**values)
           ^^^^^^^^^^^^^^^^^^^^^^^^^^^^^^
  File "/Users/juliareinhart/anaconda3/lib/python3.11/site-packages/chromadb/telemetry/opentelemetry/__init__.py", line 130, in wrapper
    return await f(*args, **kwargs)
           ^^^^^^^^^^^^^^^^^^^^^^^^
  File "/Users/juliareinhart/anaconda3/lib/python3.11/site-packages/chromadb/server/fastapi/__init__.py", line 630, in create_collection
    await to_thread.run_sync(
  File "/Users/juliareinhart/anaconda3/lib/python3.11/site-packages/anyio/to_thread.py", line 33, in run_sync
    return await get_asynclib().run_sync_in_worker_thread(
           ^^^^^^^^^^^^^^^^^^^^^^^^^^^^^^^^^^^^^^^^^^^^^^^
  File "/Users/juliareinhart/anaconda3/lib/python3.11/site-packages/anyio/_backends/_asyncio.py", line 877, in run_sync_in_worker_thread
    return await future
           ^^^^^^^^^^^^
  File "/Users/juliareinhart/anaconda3/lib/python3.11/site-packages/anyio/_backends/_asyncio.py", line 807, in run
    result = context.run(func, *args)
             ^^^^^^^^^^^^^^^^^^^^^^^^
  File "/Users/juliareinhart/anaconda3/lib/python3.11/site-packages/chromadb/server/fastapi/__init__.py", line 620, in process_create_collection
    return self._api.create_collection(
           ^^^^^^^^^^^^^^^^^^^^^^^^^^^^
  File "/Users/juliareinhart/anaconda3/lib/python3.11/site-packages/chromadb/telemetry/opentelemetry/__init__.py", line 143, in wrapper
    return f(*args, **kwargs)
           ^^^^^^^^^^^^^^^^^^
  File "/Users/juliareinhart/anaconda3/lib/python3.11/site-packages/chromadb/api/segment.py", line 173, in create_collection
    coll, created = self._sysdb.create_collection(
                    ^^^^^^^^^^^^^^^^^^^^^^^^^^^^^^
  File "/Users/juliareinhart/anaconda3/lib/python3.11/site-packages/chromadb/telemetry/opentelemetry/__init__.py", line 143, in wrapper
    return f(*args, **kwargs)
           ^^^^^^^^^^^^^^^^^^
  File "/Users/juliareinhart/anaconda3/lib/python3.11/site-packages/chromadb/db/mixins/sysdb.py", line 220, in create_collection
    raise UniqueConstraintError(f"Collection {name} already exists")
chromadb.db.base.UniqueConstraintError: Collection maintstar-docs already exists
[32mINFO[0m:     [06-07-2025 12:11:13] 127.0.0.1:52619 - "POST /api/v1/collections HTTP/1.1" 500
[32mINFO[0m:     [06-07-2025 12:11:14] 127.0.0.1:52619 - "GET /api/v1/collections HTTP/1.1" 200
[33mWARNING[0m:  [06-07-2025 12:11:14] Add of existing embedding ID: CH1_3 - CM Templates.txt-chunk-0
[33mWARNING[0m:  [06-07-2025 12:11:14] Insert of existing embedding ID: CH1_3 - CM Templates.txt-chunk-0
[32mINFO[0m:     [06-07-2025 12:11:14] 127.0.0.1:52619 - "POST /api/v1/collections/06759ce4-e469-411b-abf9-124c05eb9bf1/add HTTP/1.1" 201
[32mINFO[0m:     [06-07-2025 12:11:14] 127.0.0.1:52619 - "GET /api/v1/collections HTTP/1.1" 200
[31mERROR[0m:    [06-07-2025 12:11:14] Collection maintstar-docs already exists
Traceback (most recent call last):
  File "/Users/juliareinhart/anaconda3/lib/python3.11/site-packages/anyio/streams/memory.py", line 98, in receive
    return self.receive_nowait()
           ^^^^^^^^^^^^^^^^^^^^^
  File "/Users/juliareinhart/anaconda3/lib/python3.11/site-packages/anyio/streams/memory.py", line 93, in receive_nowait
    raise WouldBlock
anyio.WouldBlock

During handling of the above exception, another exception occurred:

Traceback (most recent call last):
  File "/Users/juliareinhart/anaconda3/lib/python3.11/site-packages/starlette/middleware/base.py", line 148, in call_next
    message = await recv_stream.receive()
              ^^^^^^^^^^^^^^^^^^^^^^^^^^^
  File "/Users/juliareinhart/anaconda3/lib/python3.11/site-packages/anyio/streams/memory.py", line 118, in receive
    raise EndOfStream
anyio.EndOfStream

During handling of the above exception, another exception occurred:

Traceback (most recent call last):
  File "/Users/juliareinhart/anaconda3/lib/python3.11/site-packages/chromadb/server/fastapi/__init__.py", line 78, in catch_exceptions_middleware
    return await call_next(request)
           ^^^^^^^^^^^^^^^^^^^^^^^^
  File "/Users/juliareinhart/anaconda3/lib/python3.11/site-packages/starlette/middleware/base.py", line 156, in call_next
    raise app_exc
  File "/Users/juliareinhart/anaconda3/lib/python3.11/site-packages/starlette/middleware/base.py", line 141, in coro
    await self.app(scope, receive_or_disconnect, send_no_error)
  File "/Users/juliareinhart/anaconda3/lib/python3.11/site-packages/starlette/middleware/base.py", line 178, in __call__
    response = await self.dispatch_func(request, call_next)
               ^^^^^^^^^^^^^^^^^^^^^^^^^^^^^^^^^^^^^^^^^^^^
  File "/Users/juliareinhart/anaconda3/lib/python3.11/site-packages/chromadb/server/fastapi/__init__.py", line 92, in check_http_version_middleware
    return await call_next(request)
           ^^^^^^^^^^^^^^^^^^^^^^^^
  File "/Users/juliareinhart/anaconda3/lib/python3.11/site-packages/starlette/middleware/base.py", line 156, in call_next
    raise app_exc
  File "/Users/juliareinhart/anaconda3/lib/python3.11/site-packages/starlette/middleware/base.py", line 141, in coro
    await self.app(scope, receive_or_disconnect, send_no_error)
  File "/Users/juliareinhart/anaconda3/lib/python3.11/site-packages/starlette/middleware/exceptions.py", line 62, in __call__
    await wrap_app_handling_exceptions(self.app, conn)(scope, receive, send)
  File "/Users/juliareinhart/anaconda3/lib/python3.11/site-packages/starlette/_exception_handler.py", line 53, in wrapped_app
    raise exc
  File "/Users/juliareinhart/anaconda3/lib/python3.11/site-packages/starlette/_exception_handler.py", line 42, in wrapped_app
    await app(scope, receive, sender)
  File "/Users/juliareinhart/anaconda3/lib/python3.11/site-packages/starlette/routing.py", line 714, in __call__
    await self.middleware_stack(scope, receive, send)
  File "/Users/juliareinhart/anaconda3/lib/python3.11/site-packages/starlette/routing.py", line 734, in app
    await route.handle(scope, receive, send)
  File "/Users/juliareinhart/anaconda3/lib/python3.11/site-packages/starlette/routing.py", line 288, in handle
    await self.app(scope, receive, send)
  File "/Users/juliareinhart/anaconda3/lib/python3.11/site-packages/starlette/routing.py", line 76, in app
    await wrap_app_handling_exceptions(app, request)(scope, receive, send)
  File "/Users/juliareinhart/anaconda3/lib/python3.11/site-packages/starlette/_exception_handler.py", line 53, in wrapped_app
    raise exc
  File "/Users/juliareinhart/anaconda3/lib/python3.11/site-packages/starlette/_exception_handler.py", line 42, in wrapped_app
    await app(scope, receive, sender)
  File "/Users/juliareinhart/anaconda3/lib/python3.11/site-packages/starlette/routing.py", line 73, in app
    response = await f(request)
               ^^^^^^^^^^^^^^^^
  File "/Users/juliareinhart/anaconda3/lib/python3.11/site-packages/fastapi/routing.py", line 301, in app
    raw_response = await run_endpoint_function(
                   ^^^^^^^^^^^^^^^^^^^^^^^^^^^^
  File "/Users/juliareinhart/anaconda3/lib/python3.11/site-packages/fastapi/routing.py", line 212, in run_endpoint_function
    return await dependant.call(**values)
           ^^^^^^^^^^^^^^^^^^^^^^^^^^^^^^
  File "/Users/juliareinhart/anaconda3/lib/python3.11/site-packages/chromadb/telemetry/opentelemetry/__init__.py", line 130, in wrapper
    return await f(*args, **kwargs)
           ^^^^^^^^^^^^^^^^^^^^^^^^
  File "/Users/juliareinhart/anaconda3/lib/python3.11/site-packages/chromadb/server/fastapi/__init__.py", line 630, in create_collection
    await to_thread.run_sync(
  File "/Users/juliareinhart/anaconda3/lib/python3.11/site-packages/anyio/to_thread.py", line 33, in run_sync
    return await get_asynclib().run_sync_in_worker_thread(
           ^^^^^^^^^^^^^^^^^^^^^^^^^^^^^^^^^^^^^^^^^^^^^^^
  File "/Users/juliareinhart/anaconda3/lib/python3.11/site-packages/anyio/_backends/_asyncio.py", line 877, in run_sync_in_worker_thread
    return await future
           ^^^^^^^^^^^^
  File "/Users/juliareinhart/anaconda3/lib/python3.11/site-packages/anyio/_backends/_asyncio.py", line 807, in run
    result = context.run(func, *args)
             ^^^^^^^^^^^^^^^^^^^^^^^^
  File "/Users/juliareinhart/anaconda3/lib/python3.11/site-packages/chromadb/server/fastapi/__init__.py", line 620, in process_create_collection
    return self._api.create_collection(
           ^^^^^^^^^^^^^^^^^^^^^^^^^^^^
  File "/Users/juliareinhart/anaconda3/lib/python3.11/site-packages/chromadb/telemetry/opentelemetry/__init__.py", line 143, in wrapper
    return f(*args, **kwargs)
           ^^^^^^^^^^^^^^^^^^
  File "/Users/juliareinhart/anaconda3/lib/python3.11/site-packages/chromadb/api/segment.py", line 173, in create_collection
    coll, created = self._sysdb.create_collection(
                    ^^^^^^^^^^^^^^^^^^^^^^^^^^^^^^
  File "/Users/juliareinhart/anaconda3/lib/python3.11/site-packages/chromadb/telemetry/opentelemetry/__init__.py", line 143, in wrapper
    return f(*args, **kwargs)
           ^^^^^^^^^^^^^^^^^^
  File "/Users/juliareinhart/anaconda3/lib/python3.11/site-packages/chromadb/db/mixins/sysdb.py", line 220, in create_collection
    raise UniqueConstraintError(f"Collection {name} already exists")
chromadb.db.base.UniqueConstraintError: Collection maintstar-docs already exists
[32mINFO[0m:     [06-07-2025 12:11:14] 127.0.0.1:52619 - "POST /api/v1/collections HTTP/1.1" 500
[32mINFO[0m:     [06-07-2025 12:11:14] 127.0.0.1:52619 - "GET /api/v1/collections HTTP/1.1" 200
[33mWARNING[0m:  [06-07-2025 12:11:14] Add of existing embedding ID: CH2 - Preventative Maintenance.txt-chunk-0
[33mWARNING[0m:  [06-07-2025 12:11:14] Add of existing embedding ID: CH2 - Preventative Maintenance.txt-chunk-1
[33mWARNING[0m:  [06-07-2025 12:11:14] Insert of existing embedding ID: CH2 - Preventative Maintenance.txt-chunk-0
[33mWARNING[0m:  [06-07-2025 12:11:14] Insert of existing embedding ID: CH2 - Preventative Maintenance.txt-chunk-1
[32mINFO[0m:     [06-07-2025 12:11:14] 127.0.0.1:52619 - "POST /api/v1/collections/06759ce4-e469-411b-abf9-124c05eb9bf1/add HTTP/1.1" 201
[32mINFO[0m:     [06-07-2025 12:11:14] 127.0.0.1:52619 - "GET /api/v1/collections HTTP/1.1" 200
[31mERROR[0m:    [06-07-2025 12:11:14] Collection maintstar-docs already exists
Traceback (most recent call last):
  File "/Users/juliareinhart/anaconda3/lib/python3.11/site-packages/anyio/streams/memory.py", line 98, in receive
    return self.receive_nowait()
           ^^^^^^^^^^^^^^^^^^^^^
  File "/Users/juliareinhart/anaconda3/lib/python3.11/site-packages/anyio/streams/memory.py", line 93, in receive_nowait
    raise WouldBlock
anyio.WouldBlock

During handling of the above exception, another exception occurred:

Traceback (most recent call last):
  File "/Users/juliareinhart/anaconda3/lib/python3.11/site-packages/starlette/middleware/base.py", line 148, in call_next
    message = await recv_stream.receive()
              ^^^^^^^^^^^^^^^^^^^^^^^^^^^
  File "/Users/juliareinhart/anaconda3/lib/python3.11/site-packages/anyio/streams/memory.py", line 118, in receive
    raise EndOfStream
anyio.EndOfStream

During handling of the above exception, another exception occurred:

Traceback (most recent call last):
  File "/Users/juliareinhart/anaconda3/lib/python3.11/site-packages/chromadb/server/fastapi/__init__.py", line 78, in catch_exceptions_middleware
    return await call_next(request)
           ^^^^^^^^^^^^^^^^^^^^^^^^
  File "/Users/juliareinhart/anaconda3/lib/python3.11/site-packages/starlette/middleware/base.py", line 156, in call_next
    raise app_exc
  File "/Users/juliareinhart/anaconda3/lib/python3.11/site-packages/starlette/middleware/base.py", line 141, in coro
    await self.app(scope, receive_or_disconnect, send_no_error)
  File "/Users/juliareinhart/anaconda3/lib/python3.11/site-packages/starlette/middleware/base.py", line 178, in __call__
    response = await self.dispatch_func(request, call_next)
               ^^^^^^^^^^^^^^^^^^^^^^^^^^^^^^^^^^^^^^^^^^^^
  File "/Users/juliareinhart/anaconda3/lib/python3.11/site-packages/chromadb/server/fastapi/__init__.py", line 92, in check_http_version_middleware
    return await call_next(request)
           ^^^^^^^^^^^^^^^^^^^^^^^^
  File "/Users/juliareinhart/anaconda3/lib/python3.11/site-packages/starlette/middleware/base.py", line 156, in call_next
    raise app_exc
  File "/Users/juliareinhart/anaconda3/lib/python3.11/site-packages/starlette/middleware/base.py", line 141, in coro
    await self.app(scope, receive_or_disconnect, send_no_error)
  File "/Users/juliareinhart/anaconda3/lib/python3.11/site-packages/starlette/middleware/exceptions.py", line 62, in __call__
    await wrap_app_handling_exceptions(self.app, conn)(scope, receive, send)
  File "/Users/juliareinhart/anaconda3/lib/python3.11/site-packages/starlette/_exception_handler.py", line 53, in wrapped_app
    raise exc
  File "/Users/juliareinhart/anaconda3/lib/python3.11/site-packages/starlette/_exception_handler.py", line 42, in wrapped_app
    await app(scope, receive, sender)
  File "/Users/juliareinhart/anaconda3/lib/python3.11/site-packages/starlette/routing.py", line 714, in __call__
    await self.middleware_stack(scope, receive, send)
  File "/Users/juliareinhart/anaconda3/lib/python3.11/site-packages/starlette/routing.py", line 734, in app
    await route.handle(scope, receive, send)
  File "/Users/juliareinhart/anaconda3/lib/python3.11/site-packages/starlette/routing.py", line 288, in handle
    await self.app(scope, receive, send)
  File "/Users/juliareinhart/anaconda3/lib/python3.11/site-packages/starlette/routing.py", line 76, in app
    await wrap_app_handling_exceptions(app, request)(scope, receive, send)
  File "/Users/juliareinhart/anaconda3/lib/python3.11/site-packages/starlette/_exception_handler.py", line 53, in wrapped_app
    raise exc
  File "/Users/juliareinhart/anaconda3/lib/python3.11/site-packages/starlette/_exception_handler.py", line 42, in wrapped_app
    await app(scope, receive, sender)
  File "/Users/juliareinhart/anaconda3/lib/python3.11/site-packages/starlette/routing.py", line 73, in app
    response = await f(request)
               ^^^^^^^^^^^^^^^^
  File "/Users/juliareinhart/anaconda3/lib/python3.11/site-packages/fastapi/routing.py", line 301, in app
    raw_response = await run_endpoint_function(
                   ^^^^^^^^^^^^^^^^^^^^^^^^^^^^
  File "/Users/juliareinhart/anaconda3/lib/python3.11/site-packages/fastapi/routing.py", line 212, in run_endpoint_function
    return await dependant.call(**values)
           ^^^^^^^^^^^^^^^^^^^^^^^^^^^^^^
  File "/Users/juliareinhart/anaconda3/lib/python3.11/site-packages/chromadb/telemetry/opentelemetry/__init__.py", line 130, in wrapper
    return await f(*args, **kwargs)
           ^^^^^^^^^^^^^^^^^^^^^^^^
  File "/Users/juliareinhart/anaconda3/lib/python3.11/site-packages/chromadb/server/fastapi/__init__.py", line 630, in create_collection
    await to_thread.run_sync(
  File "/Users/juliareinhart/anaconda3/lib/python3.11/site-packages/anyio/to_thread.py", line 33, in run_sync
    return await get_asynclib().run_sync_in_worker_thread(
           ^^^^^^^^^^^^^^^^^^^^^^^^^^^^^^^^^^^^^^^^^^^^^^^
  File "/Users/juliareinhart/anaconda3/lib/python3.11/site-packages/anyio/_backends/_asyncio.py", line 877, in run_sync_in_worker_thread
    return await future
           ^^^^^^^^^^^^
  File "/Users/juliareinhart/anaconda3/lib/python3.11/site-packages/anyio/_backends/_asyncio.py", line 807, in run
    result = context.run(func, *args)
             ^^^^^^^^^^^^^^^^^^^^^^^^
  File "/Users/juliareinhart/anaconda3/lib/python3.11/site-packages/chromadb/server/fastapi/__init__.py", line 620, in process_create_collection
    return self._api.create_collection(
           ^^^^^^^^^^^^^^^^^^^^^^^^^^^^
  File "/Users/juliareinhart/anaconda3/lib/python3.11/site-packages/chromadb/telemetry/opentelemetry/__init__.py", line 143, in wrapper
    return f(*args, **kwargs)
           ^^^^^^^^^^^^^^^^^^
  File "/Users/juliareinhart/anaconda3/lib/python3.11/site-packages/chromadb/api/segment.py", line 173, in create_collection
    coll, created = self._sysdb.create_collection(
                    ^^^^^^^^^^^^^^^^^^^^^^^^^^^^^^
  File "/Users/juliareinhart/anaconda3/lib/python3.11/site-packages/chromadb/telemetry/opentelemetry/__init__.py", line 143, in wrapper
    return f(*args, **kwargs)
           ^^^^^^^^^^^^^^^^^^
  File "/Users/juliareinhart/anaconda3/lib/python3.11/site-packages/chromadb/db/mixins/sysdb.py", line 220, in create_collection
    raise UniqueConstraintError(f"Collection {name} already exists")
chromadb.db.base.UniqueConstraintError: Collection maintstar-docs already exists
[32mINFO[0m:     [06-07-2025 12:11:14] 127.0.0.1:52619 - "POST /api/v1/collections HTTP/1.1" 500
[32mINFO[0m:     [06-07-2025 12:11:15] 127.0.0.1:52619 - "GET /api/v1/collections HTTP/1.1" 200
[33mWARNING[0m:  [06-07-2025 12:11:15] Add of existing embedding ID: CH3 - Work Request and Portal.txt-chunk-0
[33mWARNING[0m:  [06-07-2025 12:11:15] Add of existing embedding ID: CH3 - Work Request and Portal.txt-chunk-1
[33mWARNING[0m:  [06-07-2025 12:11:15] Insert of existing embedding ID: CH3 - Work Request and Portal.txt-chunk-0
[33mWARNING[0m:  [06-07-2025 12:11:15] Insert of existing embedding ID: CH3 - Work Request and Portal.txt-chunk-1
[32mINFO[0m:     [06-07-2025 12:11:15] 127.0.0.1:52619 - "POST /api/v1/collections/06759ce4-e469-411b-abf9-124c05eb9bf1/add HTTP/1.1" 201
[32mINFO[0m:     [06-07-2025 12:11:15] 127.0.0.1:52619 - "GET /api/v1/collections HTTP/1.1" 200
[31mERROR[0m:    [06-07-2025 12:11:15] Collection maintstar-docs already exists
Traceback (most recent call last):
  File "/Users/juliareinhart/anaconda3/lib/python3.11/site-packages/anyio/streams/memory.py", line 98, in receive
    return self.receive_nowait()
           ^^^^^^^^^^^^^^^^^^^^^
  File "/Users/juliareinhart/anaconda3/lib/python3.11/site-packages/anyio/streams/memory.py", line 93, in receive_nowait
    raise WouldBlock
anyio.WouldBlock

During handling of the above exception, another exception occurred:

Traceback (most recent call last):
  File "/Users/juliareinhart/anaconda3/lib/python3.11/site-packages/starlette/middleware/base.py", line 148, in call_next
    message = await recv_stream.receive()
              ^^^^^^^^^^^^^^^^^^^^^^^^^^^
  File "/Users/juliareinhart/anaconda3/lib/python3.11/site-packages/anyio/streams/memory.py", line 118, in receive
    raise EndOfStream
anyio.EndOfStream

During handling of the above exception, another exception occurred:

Traceback (most recent call last):
  File "/Users/juliareinhart/anaconda3/lib/python3.11/site-packages/chromadb/server/fastapi/__init__.py", line 78, in catch_exceptions_middleware
    return await call_next(request)
           ^^^^^^^^^^^^^^^^^^^^^^^^
  File "/Users/juliareinhart/anaconda3/lib/python3.11/site-packages/starlette/middleware/base.py", line 156, in call_next
    raise app_exc
  File "/Users/juliareinhart/anaconda3/lib/python3.11/site-packages/starlette/middleware/base.py", line 141, in coro
    await self.app(scope, receive_or_disconnect, send_no_error)
  File "/Users/juliareinhart/anaconda3/lib/python3.11/site-packages/starlette/middleware/base.py", line 178, in __call__
    response = await self.dispatch_func(request, call_next)
               ^^^^^^^^^^^^^^^^^^^^^^^^^^^^^^^^^^^^^^^^^^^^
  File "/Users/juliareinhart/anaconda3/lib/python3.11/site-packages/chromadb/server/fastapi/__init__.py", line 92, in check_http_version_middleware
    return await call_next(request)
           ^^^^^^^^^^^^^^^^^^^^^^^^
  File "/Users/juliareinhart/anaconda3/lib/python3.11/site-packages/starlette/middleware/base.py", line 156, in call_next
    raise app_exc
  File "/Users/juliareinhart/anaconda3/lib/python3.11/site-packages/starlette/middleware/base.py", line 141, in coro
    await self.app(scope, receive_or_disconnect, send_no_error)
  File "/Users/juliareinhart/anaconda3/lib/python3.11/site-packages/starlette/middleware/exceptions.py", line 62, in __call__
    await wrap_app_handling_exceptions(self.app, conn)(scope, receive, send)
  File "/Users/juliareinhart/anaconda3/lib/python3.11/site-packages/starlette/_exception_handler.py", line 53, in wrapped_app
    raise exc
  File "/Users/juliareinhart/anaconda3/lib/python3.11/site-packages/starlette/_exception_handler.py", line 42, in wrapped_app
    await app(scope, receive, sender)
  File "/Users/juliareinhart/anaconda3/lib/python3.11/site-packages/starlette/routing.py", line 714, in __call__
    await self.middleware_stack(scope, receive, send)
  File "/Users/juliareinhart/anaconda3/lib/python3.11/site-packages/starlette/routing.py", line 734, in app
    await route.handle(scope, receive, send)
  File "/Users/juliareinhart/anaconda3/lib/python3.11/site-packages/starlette/routing.py", line 288, in handle
    await self.app(scope, receive, send)
  File "/Users/juliareinhart/anaconda3/lib/python3.11/site-packages/starlette/routing.py", line 76, in app
    await wrap_app_handling_exceptions(app, request)(scope, receive, send)
  File "/Users/juliareinhart/anaconda3/lib/python3.11/site-packages/starlette/_exception_handler.py", line 53, in wrapped_app
    raise exc
  File "/Users/juliareinhart/anaconda3/lib/python3.11/site-packages/starlette/_exception_handler.py", line 42, in wrapped_app
    await app(scope, receive, sender)
  File "/Users/juliareinhart/anaconda3/lib/python3.11/site-packages/starlette/routing.py", line 73, in app
    response = await f(request)
               ^^^^^^^^^^^^^^^^
  File "/Users/juliareinhart/anaconda3/lib/python3.11/site-packages/fastapi/routing.py", line 301, in app
    raw_response = await run_endpoint_function(
                   ^^^^^^^^^^^^^^^^^^^^^^^^^^^^
  File "/Users/juliareinhart/anaconda3/lib/python3.11/site-packages/fastapi/routing.py", line 212, in run_endpoint_function
    return await dependant.call(**values)
           ^^^^^^^^^^^^^^^^^^^^^^^^^^^^^^
  File "/Users/juliareinhart/anaconda3/lib/python3.11/site-packages/chromadb/telemetry/opentelemetry/__init__.py", line 130, in wrapper
    return await f(*args, **kwargs)
           ^^^^^^^^^^^^^^^^^^^^^^^^
  File "/Users/juliareinhart/anaconda3/lib/python3.11/site-packages/chromadb/server/fastapi/__init__.py", line 630, in create_collection
    await to_thread.run_sync(
  File "/Users/juliareinhart/anaconda3/lib/python3.11/site-packages/anyio/to_thread.py", line 33, in run_sync
    return await get_asynclib().run_sync_in_worker_thread(
           ^^^^^^^^^^^^^^^^^^^^^^^^^^^^^^^^^^^^^^^^^^^^^^^
  File "/Users/juliareinhart/anaconda3/lib/python3.11/site-packages/anyio/_backends/_asyncio.py", line 877, in run_sync_in_worker_thread
    return await future
           ^^^^^^^^^^^^
  File "/Users/juliareinhart/anaconda3/lib/python3.11/site-packages/anyio/_backends/_asyncio.py", line 807, in run
    result = context.run(func, *args)
             ^^^^^^^^^^^^^^^^^^^^^^^^
  File "/Users/juliareinhart/anaconda3/lib/python3.11/site-packages/chromadb/server/fastapi/__init__.py", line 620, in process_create_collection
    return self._api.create_collection(
           ^^^^^^^^^^^^^^^^^^^^^^^^^^^^
  File "/Users/juliareinhart/anaconda3/lib/python3.11/site-packages/chromadb/telemetry/opentelemetry/__init__.py", line 143, in wrapper
    return f(*args, **kwargs)
           ^^^^^^^^^^^^^^^^^^
  File "/Users/juliareinhart/anaconda3/lib/python3.11/site-packages/chromadb/api/segment.py", line 173, in create_collection
    coll, created = self._sysdb.create_collection(
                    ^^^^^^^^^^^^^^^^^^^^^^^^^^^^^^
  File "/Users/juliareinhart/anaconda3/lib/python3.11/site-packages/chromadb/telemetry/opentelemetry/__init__.py", line 143, in wrapper
    return f(*args, **kwargs)
           ^^^^^^^^^^^^^^^^^^
  File "/Users/juliareinhart/anaconda3/lib/python3.11/site-packages/chromadb/db/mixins/sysdb.py", line 220, in create_collection
    raise UniqueConstraintError(f"Collection {name} already exists")
chromadb.db.base.UniqueConstraintError: Collection maintstar-docs already exists
[32mINFO[0m:     [06-07-2025 12:11:15] 127.0.0.1:52619 - "POST /api/v1/collections HTTP/1.1" 500
[32mINFO[0m:     [06-07-2025 12:11:16] 127.0.0.1:52619 - "GET /api/v1/collections HTTP/1.1" 200
[33mWARNING[0m:  [06-07-2025 12:11:16] Add of existing embedding ID: CH4 - Notifications.txt-chunk-0
[33mWARNING[0m:  [06-07-2025 12:11:16] Insert of existing embedding ID: CH4 - Notifications.txt-chunk-0
[32mINFO[0m:     [06-07-2025 12:11:16] 127.0.0.1:52619 - "POST /api/v1/collections/06759ce4-e469-411b-abf9-124c05eb9bf1/add HTTP/1.1" 201
[32mINFO[0m:     [06-07-2025 12:11:16] 127.0.0.1:52619 - "GET /api/v1/collections HTTP/1.1" 200
[31mERROR[0m:    [06-07-2025 12:11:16] Collection maintstar-docs already exists
Traceback (most recent call last):
  File "/Users/juliareinhart/anaconda3/lib/python3.11/site-packages/anyio/streams/memory.py", line 98, in receive
    return self.receive_nowait()
           ^^^^^^^^^^^^^^^^^^^^^
  File "/Users/juliareinhart/anaconda3/lib/python3.11/site-packages/anyio/streams/memory.py", line 93, in receive_nowait
    raise WouldBlock
anyio.WouldBlock

During handling of the above exception, another exception occurred:

Traceback (most recent call last):
  File "/Users/juliareinhart/anaconda3/lib/python3.11/site-packages/starlette/middleware/base.py", line 148, in call_next
    message = await recv_stream.receive()
              ^^^^^^^^^^^^^^^^^^^^^^^^^^^
  File "/Users/juliareinhart/anaconda3/lib/python3.11/site-packages/anyio/streams/memory.py", line 118, in receive
    raise EndOfStream
anyio.EndOfStream

During handling of the above exception, another exception occurred:

Traceback (most recent call last):
  File "/Users/juliareinhart/anaconda3/lib/python3.11/site-packages/chromadb/server/fastapi/__init__.py", line 78, in catch_exceptions_middleware
    return await call_next(request)
           ^^^^^^^^^^^^^^^^^^^^^^^^
  File "/Users/juliareinhart/anaconda3/lib/python3.11/site-packages/starlette/middleware/base.py", line 156, in call_next
    raise app_exc
  File "/Users/juliareinhart/anaconda3/lib/python3.11/site-packages/starlette/middleware/base.py", line 141, in coro
    await self.app(scope, receive_or_disconnect, send_no_error)
  File "/Users/juliareinhart/anaconda3/lib/python3.11/site-packages/starlette/middleware/base.py", line 178, in __call__
    response = await self.dispatch_func(request, call_next)
               ^^^^^^^^^^^^^^^^^^^^^^^^^^^^^^^^^^^^^^^^^^^^
  File "/Users/juliareinhart/anaconda3/lib/python3.11/site-packages/chromadb/server/fastapi/__init__.py", line 92, in check_http_version_middleware
    return await call_next(request)
           ^^^^^^^^^^^^^^^^^^^^^^^^
  File "/Users/juliareinhart/anaconda3/lib/python3.11/site-packages/starlette/middleware/base.py", line 156, in call_next
    raise app_exc
  File "/Users/juliareinhart/anaconda3/lib/python3.11/site-packages/starlette/middleware/base.py", line 141, in coro
    await self.app(scope, receive_or_disconnect, send_no_error)
  File "/Users/juliareinhart/anaconda3/lib/python3.11/site-packages/starlette/middleware/exceptions.py", line 62, in __call__
    await wrap_app_handling_exceptions(self.app, conn)(scope, receive, send)
  File "/Users/juliareinhart/anaconda3/lib/python3.11/site-packages/starlette/_exception_handler.py", line 53, in wrapped_app
    raise exc
  File "/Users/juliareinhart/anaconda3/lib/python3.11/site-packages/starlette/_exception_handler.py", line 42, in wrapped_app
    await app(scope, receive, sender)
  File "/Users/juliareinhart/anaconda3/lib/python3.11/site-packages/starlette/routing.py", line 714, in __call__
    await self.middleware_stack(scope, receive, send)
  File "/Users/juliareinhart/anaconda3/lib/python3.11/site-packages/starlette/routing.py", line 734, in app
    await route.handle(scope, receive, send)
  File "/Users/juliareinhart/anaconda3/lib/python3.11/site-packages/starlette/routing.py", line 288, in handle
    await self.app(scope, receive, send)
  File "/Users/juliareinhart/anaconda3/lib/python3.11/site-packages/starlette/routing.py", line 76, in app
    await wrap_app_handling_exceptions(app, request)(scope, receive, send)
  File "/Users/juliareinhart/anaconda3/lib/python3.11/site-packages/starlette/_exception_handler.py", line 53, in wrapped_app
    raise exc
  File "/Users/juliareinhart/anaconda3/lib/python3.11/site-packages/starlette/_exception_handler.py", line 42, in wrapped_app
    await app(scope, receive, sender)
  File "/Users/juliareinhart/anaconda3/lib/python3.11/site-packages/starlette/routing.py", line 73, in app
    response = await f(request)
               ^^^^^^^^^^^^^^^^
  File "/Users/juliareinhart/anaconda3/lib/python3.11/site-packages/fastapi/routing.py", line 301, in app
    raw_response = await run_endpoint_function(
                   ^^^^^^^^^^^^^^^^^^^^^^^^^^^^
  File "/Users/juliareinhart/anaconda3/lib/python3.11/site-packages/fastapi/routing.py", line 212, in run_endpoint_function
    return await dependant.call(**values)
           ^^^^^^^^^^^^^^^^^^^^^^^^^^^^^^
  File "/Users/juliareinhart/anaconda3/lib/python3.11/site-packages/chromadb/telemetry/opentelemetry/__init__.py", line 130, in wrapper
    return await f(*args, **kwargs)
           ^^^^^^^^^^^^^^^^^^^^^^^^
  File "/Users/juliareinhart/anaconda3/lib/python3.11/site-packages/chromadb/server/fastapi/__init__.py", line 630, in create_collection
    await to_thread.run_sync(
  File "/Users/juliareinhart/anaconda3/lib/python3.11/site-packages/anyio/to_thread.py", line 33, in run_sync
    return await get_asynclib().run_sync_in_worker_thread(
           ^^^^^^^^^^^^^^^^^^^^^^^^^^^^^^^^^^^^^^^^^^^^^^^
  File "/Users/juliareinhart/anaconda3/lib/python3.11/site-packages/anyio/_backends/_asyncio.py", line 877, in run_sync_in_worker_thread
    return await future
           ^^^^^^^^^^^^
  File "/Users/juliareinhart/anaconda3/lib/python3.11/site-packages/anyio/_backends/_asyncio.py", line 807, in run
    result = context.run(func, *args)
             ^^^^^^^^^^^^^^^^^^^^^^^^
  File "/Users/juliareinhart/anaconda3/lib/python3.11/site-packages/chromadb/server/fastapi/__init__.py", line 620, in process_create_collection
    return self._api.create_collection(
           ^^^^^^^^^^^^^^^^^^^^^^^^^^^^
  File "/Users/juliareinhart/anaconda3/lib/python3.11/site-packages/chromadb/telemetry/opentelemetry/__init__.py", line 143, in wrapper
    return f(*args, **kwargs)
           ^^^^^^^^^^^^^^^^^^
  File "/Users/juliareinhart/anaconda3/lib/python3.11/site-packages/chromadb/api/segment.py", line 173, in create_collection
    coll, created = self._sysdb.create_collection(
                    ^^^^^^^^^^^^^^^^^^^^^^^^^^^^^^
  File "/Users/juliareinhart/anaconda3/lib/python3.11/site-packages/chromadb/telemetry/opentelemetry/__init__.py", line 143, in wrapper
    return f(*args, **kwargs)
           ^^^^^^^^^^^^^^^^^^
  File "/Users/juliareinhart/anaconda3/lib/python3.11/site-packages/chromadb/db/mixins/sysdb.py", line 220, in create_collection
    raise UniqueConstraintError(f"Collection {name} already exists")
chromadb.db.base.UniqueConstraintError: Collection maintstar-docs already exists
[32mINFO[0m:     [06-07-2025 12:11:16] 127.0.0.1:52619 - "POST /api/v1/collections HTTP/1.1" 500
[32mINFO[0m:     [06-07-2025 12:11:16] 127.0.0.1:52619 - "GET /api/v1/collections HTTP/1.1" 200
[33mWARNING[0m:  [06-07-2025 12:11:16] Add of existing embedding ID: CH5 - Assets.txt-chunk-0
[33mWARNING[0m:  [06-07-2025 12:11:16] Insert of existing embedding ID: CH5 - Assets.txt-chunk-0
[32mINFO[0m:     [06-07-2025 12:11:16] 127.0.0.1:52619 - "POST /api/v1/collections/06759ce4-e469-411b-abf9-124c05eb9bf1/add HTTP/1.1" 201
[32mINFO[0m:     [06-07-2025 12:11:16] 127.0.0.1:52619 - "GET /api/v1/collections HTTP/1.1" 200
[31mERROR[0m:    [06-07-2025 12:11:16] Collection maintstar-docs already exists
Traceback (most recent call last):
  File "/Users/juliareinhart/anaconda3/lib/python3.11/site-packages/anyio/streams/memory.py", line 98, in receive
    return self.receive_nowait()
           ^^^^^^^^^^^^^^^^^^^^^
  File "/Users/juliareinhart/anaconda3/lib/python3.11/site-packages/anyio/streams/memory.py", line 93, in receive_nowait
    raise WouldBlock
anyio.WouldBlock

During handling of the above exception, another exception occurred:

Traceback (most recent call last):
  File "/Users/juliareinhart/anaconda3/lib/python3.11/site-packages/starlette/middleware/base.py", line 148, in call_next
    message = await recv_stream.receive()
              ^^^^^^^^^^^^^^^^^^^^^^^^^^^
  File "/Users/juliareinhart/anaconda3/lib/python3.11/site-packages/anyio/streams/memory.py", line 118, in receive
    raise EndOfStream
anyio.EndOfStream

During handling of the above exception, another exception occurred:

Traceback (most recent call last):
  File "/Users/juliareinhart/anaconda3/lib/python3.11/site-packages/chromadb/server/fastapi/__init__.py", line 78, in catch_exceptions_middleware
    return await call_next(request)
           ^^^^^^^^^^^^^^^^^^^^^^^^
  File "/Users/juliareinhart/anaconda3/lib/python3.11/site-packages/starlette/middleware/base.py", line 156, in call_next
    raise app_exc
  File "/Users/juliareinhart/anaconda3/lib/python3.11/site-packages/starlette/middleware/base.py", line 141, in coro
    await self.app(scope, receive_or_disconnect, send_no_error)
  File "/Users/juliareinhart/anaconda3/lib/python3.11/site-packages/starlette/middleware/base.py", line 178, in __call__
    response = await self.dispatch_func(request, call_next)
               ^^^^^^^^^^^^^^^^^^^^^^^^^^^^^^^^^^^^^^^^^^^^
  File "/Users/juliareinhart/anaconda3/lib/python3.11/site-packages/chromadb/server/fastapi/__init__.py", line 92, in check_http_version_middleware
    return await call_next(request)
           ^^^^^^^^^^^^^^^^^^^^^^^^
  File "/Users/juliareinhart/anaconda3/lib/python3.11/site-packages/starlette/middleware/base.py", line 156, in call_next
    raise app_exc
  File "/Users/juliareinhart/anaconda3/lib/python3.11/site-packages/starlette/middleware/base.py", line 141, in coro
    await self.app(scope, receive_or_disconnect, send_no_error)
  File "/Users/juliareinhart/anaconda3/lib/python3.11/site-packages/starlette/middleware/exceptions.py", line 62, in __call__
    await wrap_app_handling_exceptions(self.app, conn)(scope, receive, send)
  File "/Users/juliareinhart/anaconda3/lib/python3.11/site-packages/starlette/_exception_handler.py", line 53, in wrapped_app
    raise exc
  File "/Users/juliareinhart/anaconda3/lib/python3.11/site-packages/starlette/_exception_handler.py", line 42, in wrapped_app
    await app(scope, receive, sender)
  File "/Users/juliareinhart/anaconda3/lib/python3.11/site-packages/starlette/routing.py", line 714, in __call__
    await self.middleware_stack(scope, receive, send)
  File "/Users/juliareinhart/anaconda3/lib/python3.11/site-packages/starlette/routing.py", line 734, in app
    await route.handle(scope, receive, send)
  File "/Users/juliareinhart/anaconda3/lib/python3.11/site-packages/starlette/routing.py", line 288, in handle
    await self.app(scope, receive, send)
  File "/Users/juliareinhart/anaconda3/lib/python3.11/site-packages/starlette/routing.py", line 76, in app
    await wrap_app_handling_exceptions(app, request)(scope, receive, send)
  File "/Users/juliareinhart/anaconda3/lib/python3.11/site-packages/starlette/_exception_handler.py", line 53, in wrapped_app
    raise exc
  File "/Users/juliareinhart/anaconda3/lib/python3.11/site-packages/starlette/_exception_handler.py", line 42, in wrapped_app
    await app(scope, receive, sender)
  File "/Users/juliareinhart/anaconda3/lib/python3.11/site-packages/starlette/routing.py", line 73, in app
    response = await f(request)
               ^^^^^^^^^^^^^^^^
  File "/Users/juliareinhart/anaconda3/lib/python3.11/site-packages/fastapi/routing.py", line 301, in app
    raw_response = await run_endpoint_function(
                   ^^^^^^^^^^^^^^^^^^^^^^^^^^^^
  File "/Users/juliareinhart/anaconda3/lib/python3.11/site-packages/fastapi/routing.py", line 212, in run_endpoint_function
    return await dependant.call(**values)
           ^^^^^^^^^^^^^^^^^^^^^^^^^^^^^^
  File "/Users/juliareinhart/anaconda3/lib/python3.11/site-packages/chromadb/telemetry/opentelemetry/__init__.py", line 130, in wrapper
    return await f(*args, **kwargs)
           ^^^^^^^^^^^^^^^^^^^^^^^^
  File "/Users/juliareinhart/anaconda3/lib/python3.11/site-packages/chromadb/server/fastapi/__init__.py", line 630, in create_collection
    await to_thread.run_sync(
  File "/Users/juliareinhart/anaconda3/lib/python3.11/site-packages/anyio/to_thread.py", line 33, in run_sync
    return await get_asynclib().run_sync_in_worker_thread(
           ^^^^^^^^^^^^^^^^^^^^^^^^^^^^^^^^^^^^^^^^^^^^^^^
  File "/Users/juliareinhart/anaconda3/lib/python3.11/site-packages/anyio/_backends/_asyncio.py", line 877, in run_sync_in_worker_thread
    return await future
           ^^^^^^^^^^^^
  File "/Users/juliareinhart/anaconda3/lib/python3.11/site-packages/anyio/_backends/_asyncio.py", line 807, in run
    result = context.run(func, *args)
             ^^^^^^^^^^^^^^^^^^^^^^^^
  File "/Users/juliareinhart/anaconda3/lib/python3.11/site-packages/chromadb/server/fastapi/__init__.py", line 620, in process_create_collection
    return self._api.create_collection(
           ^^^^^^^^^^^^^^^^^^^^^^^^^^^^
  File "/Users/juliareinhart/anaconda3/lib/python3.11/site-packages/chromadb/telemetry/opentelemetry/__init__.py", line 143, in wrapper
    return f(*args, **kwargs)
           ^^^^^^^^^^^^^^^^^^
  File "/Users/juliareinhart/anaconda3/lib/python3.11/site-packages/chromadb/api/segment.py", line 173, in create_collection
    coll, created = self._sysdb.create_collection(
                    ^^^^^^^^^^^^^^^^^^^^^^^^^^^^^^
  File "/Users/juliareinhart/anaconda3/lib/python3.11/site-packages/chromadb/telemetry/opentelemetry/__init__.py", line 143, in wrapper
    return f(*args, **kwargs)
           ^^^^^^^^^^^^^^^^^^
  File "/Users/juliareinhart/anaconda3/lib/python3.11/site-packages/chromadb/db/mixins/sysdb.py", line 220, in create_collection
    raise UniqueConstraintError(f"Collection {name} already exists")
chromadb.db.base.UniqueConstraintError: Collection maintstar-docs already exists
[32mINFO[0m:     [06-07-2025 12:11:16] 127.0.0.1:52619 - "POST /api/v1/collections HTTP/1.1" 500
[32mINFO[0m:     [06-07-2025 12:11:16] 127.0.0.1:52619 - "GET /api/v1/collections HTTP/1.1" 200
[33mWARNING[0m:  [06-07-2025 12:11:16] Add of existing embedding ID: CH5_2 - Asset Assessments.txt-chunk-0
[33mWARNING[0m:  [06-07-2025 12:11:16] Insert of existing embedding ID: CH5_2 - Asset Assessments.txt-chunk-0
[32mINFO[0m:     [06-07-2025 12:11:16] 127.0.0.1:52619 - "POST /api/v1/collections/06759ce4-e469-411b-abf9-124c05eb9bf1/add HTTP/1.1" 201
[32mINFO[0m:     [06-07-2025 12:11:16] 127.0.0.1:52619 - "GET /api/v1/collections HTTP/1.1" 200
[31mERROR[0m:    [06-07-2025 12:11:16] Collection maintstar-docs already exists
Traceback (most recent call last):
  File "/Users/juliareinhart/anaconda3/lib/python3.11/site-packages/anyio/streams/memory.py", line 98, in receive
    return self.receive_nowait()
           ^^^^^^^^^^^^^^^^^^^^^
  File "/Users/juliareinhart/anaconda3/lib/python3.11/site-packages/anyio/streams/memory.py", line 93, in receive_nowait
    raise WouldBlock
anyio.WouldBlock

During handling of the above exception, another exception occurred:

Traceback (most recent call last):
  File "/Users/juliareinhart/anaconda3/lib/python3.11/site-packages/starlette/middleware/base.py", line 148, in call_next
    message = await recv_stream.receive()
              ^^^^^^^^^^^^^^^^^^^^^^^^^^^
  File "/Users/juliareinhart/anaconda3/lib/python3.11/site-packages/anyio/streams/memory.py", line 118, in receive
    raise EndOfStream
anyio.EndOfStream

During handling of the above exception, another exception occurred:

Traceback (most recent call last):
  File "/Users/juliareinhart/anaconda3/lib/python3.11/site-packages/chromadb/server/fastapi/__init__.py", line 78, in catch_exceptions_middleware
    return await call_next(request)
           ^^^^^^^^^^^^^^^^^^^^^^^^
  File "/Users/juliareinhart/anaconda3/lib/python3.11/site-packages/starlette/middleware/base.py", line 156, in call_next
    raise app_exc
  File "/Users/juliareinhart/anaconda3/lib/python3.11/site-packages/starlette/middleware/base.py", line 141, in coro
    await self.app(scope, receive_or_disconnect, send_no_error)
  File "/Users/juliareinhart/anaconda3/lib/python3.11/site-packages/starlette/middleware/base.py", line 178, in __call__
    response = await self.dispatch_func(request, call_next)
               ^^^^^^^^^^^^^^^^^^^^^^^^^^^^^^^^^^^^^^^^^^^^
  File "/Users/juliareinhart/anaconda3/lib/python3.11/site-packages/chromadb/server/fastapi/__init__.py", line 92, in check_http_version_middleware
    return await call_next(request)
           ^^^^^^^^^^^^^^^^^^^^^^^^
  File "/Users/juliareinhart/anaconda3/lib/python3.11/site-packages/starlette/middleware/base.py", line 156, in call_next
    raise app_exc
  File "/Users/juliareinhart/anaconda3/lib/python3.11/site-packages/starlette/middleware/base.py", line 141, in coro
    await self.app(scope, receive_or_disconnect, send_no_error)
  File "/Users/juliareinhart/anaconda3/lib/python3.11/site-packages/starlette/middleware/exceptions.py", line 62, in __call__
    await wrap_app_handling_exceptions(self.app, conn)(scope, receive, send)
  File "/Users/juliareinhart/anaconda3/lib/python3.11/site-packages/starlette/_exception_handler.py", line 53, in wrapped_app
    raise exc
  File "/Users/juliareinhart/anaconda3/lib/python3.11/site-packages/starlette/_exception_handler.py", line 42, in wrapped_app
    await app(scope, receive, sender)
  File "/Users/juliareinhart/anaconda3/lib/python3.11/site-packages/starlette/routing.py", line 714, in __call__
    await self.middleware_stack(scope, receive, send)
  File "/Users/juliareinhart/anaconda3/lib/python3.11/site-packages/starlette/routing.py", line 734, in app
    await route.handle(scope, receive, send)
  File "/Users/juliareinhart/anaconda3/lib/python3.11/site-packages/starlette/routing.py", line 288, in handle
    await self.app(scope, receive, send)
  File "/Users/juliareinhart/anaconda3/lib/python3.11/site-packages/starlette/routing.py", line 76, in app
    await wrap_app_handling_exceptions(app, request)(scope, receive, send)
  File "/Users/juliareinhart/anaconda3/lib/python3.11/site-packages/starlette/_exception_handler.py", line 53, in wrapped_app
    raise exc
  File "/Users/juliareinhart/anaconda3/lib/python3.11/site-packages/starlette/_exception_handler.py", line 42, in wrapped_app
    await app(scope, receive, sender)
  File "/Users/juliareinhart/anaconda3/lib/python3.11/site-packages/starlette/routing.py", line 73, in app
    response = await f(request)
               ^^^^^^^^^^^^^^^^
  File "/Users/juliareinhart/anaconda3/lib/python3.11/site-packages/fastapi/routing.py", line 301, in app
    raw_response = await run_endpoint_function(
                   ^^^^^^^^^^^^^^^^^^^^^^^^^^^^
  File "/Users/juliareinhart/anaconda3/lib/python3.11/site-packages/fastapi/routing.py", line 212, in run_endpoint_function
    return await dependant.call(**values)
           ^^^^^^^^^^^^^^^^^^^^^^^^^^^^^^
  File "/Users/juliareinhart/anaconda3/lib/python3.11/site-packages/chromadb/telemetry/opentelemetry/__init__.py", line 130, in wrapper
    return await f(*args, **kwargs)
           ^^^^^^^^^^^^^^^^^^^^^^^^
  File "/Users/juliareinhart/anaconda3/lib/python3.11/site-packages/chromadb/server/fastapi/__init__.py", line 630, in create_collection
    await to_thread.run_sync(
  File "/Users/juliareinhart/anaconda3/lib/python3.11/site-packages/anyio/to_thread.py", line 33, in run_sync
    return await get_asynclib().run_sync_in_worker_thread(
           ^^^^^^^^^^^^^^^^^^^^^^^^^^^^^^^^^^^^^^^^^^^^^^^
  File "/Users/juliareinhart/anaconda3/lib/python3.11/site-packages/anyio/_backends/_asyncio.py", line 877, in run_sync_in_worker_thread
    return await future
           ^^^^^^^^^^^^
  File "/Users/juliareinhart/anaconda3/lib/python3.11/site-packages/anyio/_backends/_asyncio.py", line 807, in run
    result = context.run(func, *args)
             ^^^^^^^^^^^^^^^^^^^^^^^^
  File "/Users/juliareinhart/anaconda3/lib/python3.11/site-packages/chromadb/server/fastapi/__init__.py", line 620, in process_create_collection
    return self._api.create_collection(
           ^^^^^^^^^^^^^^^^^^^^^^^^^^^^
  File "/Users/juliareinhart/anaconda3/lib/python3.11/site-packages/chromadb/telemetry/opentelemetry/__init__.py", line 143, in wrapper
    return f(*args, **kwargs)
           ^^^^^^^^^^^^^^^^^^
  File "/Users/juliareinhart/anaconda3/lib/python3.11/site-packages/chromadb/api/segment.py", line 173, in create_collection
    coll, created = self._sysdb.create_collection(
                    ^^^^^^^^^^^^^^^^^^^^^^^^^^^^^^
  File "/Users/juliareinhart/anaconda3/lib/python3.11/site-packages/chromadb/telemetry/opentelemetry/__init__.py", line 143, in wrapper
    return f(*args, **kwargs)
           ^^^^^^^^^^^^^^^^^^
  File "/Users/juliareinhart/anaconda3/lib/python3.11/site-packages/chromadb/db/mixins/sysdb.py", line 220, in create_collection
    raise UniqueConstraintError(f"Collection {name} already exists")
chromadb.db.base.UniqueConstraintError: Collection maintstar-docs already exists
[32mINFO[0m:     [06-07-2025 12:11:16] 127.0.0.1:52619 - "POST /api/v1/collections HTTP/1.1" 500
[32mINFO[0m:     [06-07-2025 12:11:16] 127.0.0.1:52619 - "GET /api/v1/collections HTTP/1.1" 200
[33mWARNING[0m:  [06-07-2025 12:11:16] Add of existing embedding ID: CH5_3 - Asset Acquisitions.txt-chunk-0
[33mWARNING[0m:  [06-07-2025 12:11:16] Insert of existing embedding ID: CH5_3 - Asset Acquisitions.txt-chunk-0
[32mINFO[0m:     [06-07-2025 12:11:16] 127.0.0.1:52619 - "POST /api/v1/collections/06759ce4-e469-411b-abf9-124c05eb9bf1/add HTTP/1.1" 201
[32mINFO[0m:     [06-07-2025 12:11:16] 127.0.0.1:52619 - "GET /api/v1/collections HTTP/1.1" 200
[31mERROR[0m:    [06-07-2025 12:11:16] Collection maintstar-docs already exists
Traceback (most recent call last):
  File "/Users/juliareinhart/anaconda3/lib/python3.11/site-packages/anyio/streams/memory.py", line 98, in receive
    return self.receive_nowait()
           ^^^^^^^^^^^^^^^^^^^^^
  File "/Users/juliareinhart/anaconda3/lib/python3.11/site-packages/anyio/streams/memory.py", line 93, in receive_nowait
    raise WouldBlock
anyio.WouldBlock

During handling of the above exception, another exception occurred:

Traceback (most recent call last):
  File "/Users/juliareinhart/anaconda3/lib/python3.11/site-packages/starlette/middleware/base.py", line 148, in call_next
    message = await recv_stream.receive()
              ^^^^^^^^^^^^^^^^^^^^^^^^^^^
  File "/Users/juliareinhart/anaconda3/lib/python3.11/site-packages/anyio/streams/memory.py", line 118, in receive
    raise EndOfStream
anyio.EndOfStream

During handling of the above exception, another exception occurred:

Traceback (most recent call last):
  File "/Users/juliareinhart/anaconda3/lib/python3.11/site-packages/chromadb/server/fastapi/__init__.py", line 78, in catch_exceptions_middleware
    return await call_next(request)
           ^^^^^^^^^^^^^^^^^^^^^^^^
  File "/Users/juliareinhart/anaconda3/lib/python3.11/site-packages/starlette/middleware/base.py", line 156, in call_next
    raise app_exc
  File "/Users/juliareinhart/anaconda3/lib/python3.11/site-packages/starlette/middleware/base.py", line 141, in coro
    await self.app(scope, receive_or_disconnect, send_no_error)
  File "/Users/juliareinhart/anaconda3/lib/python3.11/site-packages/starlette/middleware/base.py", line 178, in __call__
    response = await self.dispatch_func(request, call_next)
               ^^^^^^^^^^^^^^^^^^^^^^^^^^^^^^^^^^^^^^^^^^^^
  File "/Users/juliareinhart/anaconda3/lib/python3.11/site-packages/chromadb/server/fastapi/__init__.py", line 92, in check_http_version_middleware
    return await call_next(request)
           ^^^^^^^^^^^^^^^^^^^^^^^^
  File "/Users/juliareinhart/anaconda3/lib/python3.11/site-packages/starlette/middleware/base.py", line 156, in call_next
    raise app_exc
  File "/Users/juliareinhart/anaconda3/lib/python3.11/site-packages/starlette/middleware/base.py", line 141, in coro
    await self.app(scope, receive_or_disconnect, send_no_error)
  File "/Users/juliareinhart/anaconda3/lib/python3.11/site-packages/starlette/middleware/exceptions.py", line 62, in __call__
    await wrap_app_handling_exceptions(self.app, conn)(scope, receive, send)
  File "/Users/juliareinhart/anaconda3/lib/python3.11/site-packages/starlette/_exception_handler.py", line 53, in wrapped_app
    raise exc
  File "/Users/juliareinhart/anaconda3/lib/python3.11/site-packages/starlette/_exception_handler.py", line 42, in wrapped_app
    await app(scope, receive, sender)
  File "/Users/juliareinhart/anaconda3/lib/python3.11/site-packages/starlette/routing.py", line 714, in __call__
    await self.middleware_stack(scope, receive, send)
  File "/Users/juliareinhart/anaconda3/lib/python3.11/site-packages/starlette/routing.py", line 734, in app
    await route.handle(scope, receive, send)
  File "/Users/juliareinhart/anaconda3/lib/python3.11/site-packages/starlette/routing.py", line 288, in handle
    await self.app(scope, receive, send)
  File "/Users/juliareinhart/anaconda3/lib/python3.11/site-packages/starlette/routing.py", line 76, in app
    await wrap_app_handling_exceptions(app, request)(scope, receive, send)
  File "/Users/juliareinhart/anaconda3/lib/python3.11/site-packages/starlette/_exception_handler.py", line 53, in wrapped_app
    raise exc
  File "/Users/juliareinhart/anaconda3/lib/python3.11/site-packages/starlette/_exception_handler.py", line 42, in wrapped_app
    await app(scope, receive, sender)
  File "/Users/juliareinhart/anaconda3/lib/python3.11/site-packages/starlette/routing.py", line 73, in app
    response = await f(request)
               ^^^^^^^^^^^^^^^^
  File "/Users/juliareinhart/anaconda3/lib/python3.11/site-packages/fastapi/routing.py", line 301, in app
    raw_response = await run_endpoint_function(
                   ^^^^^^^^^^^^^^^^^^^^^^^^^^^^
  File "/Users/juliareinhart/anaconda3/lib/python3.11/site-packages/fastapi/routing.py", line 212, in run_endpoint_function
    return await dependant.call(**values)
           ^^^^^^^^^^^^^^^^^^^^^^^^^^^^^^
  File "/Users/juliareinhart/anaconda3/lib/python3.11/site-packages/chromadb/telemetry/opentelemetry/__init__.py", line 130, in wrapper
    return await f(*args, **kwargs)
           ^^^^^^^^^^^^^^^^^^^^^^^^
  File "/Users/juliareinhart/anaconda3/lib/python3.11/site-packages/chromadb/server/fastapi/__init__.py", line 630, in create_collection
    await to_thread.run_sync(
  File "/Users/juliareinhart/anaconda3/lib/python3.11/site-packages/anyio/to_thread.py", line 33, in run_sync
    return await get_asynclib().run_sync_in_worker_thread(
           ^^^^^^^^^^^^^^^^^^^^^^^^^^^^^^^^^^^^^^^^^^^^^^^
  File "/Users/juliareinhart/anaconda3/lib/python3.11/site-packages/anyio/_backends/_asyncio.py", line 877, in run_sync_in_worker_thread
    return await future
           ^^^^^^^^^^^^
  File "/Users/juliareinhart/anaconda3/lib/python3.11/site-packages/anyio/_backends/_asyncio.py", line 807, in run
    result = context.run(func, *args)
             ^^^^^^^^^^^^^^^^^^^^^^^^
  File "/Users/juliareinhart/anaconda3/lib/python3.11/site-packages/chromadb/server/fastapi/__init__.py", line 620, in process_create_collection
    return self._api.create_collection(
           ^^^^^^^^^^^^^^^^^^^^^^^^^^^^
  File "/Users/juliareinhart/anaconda3/lib/python3.11/site-packages/chromadb/telemetry/opentelemetry/__init__.py", line 143, in wrapper
    return f(*args, **kwargs)
           ^^^^^^^^^^^^^^^^^^
  File "/Users/juliareinhart/anaconda3/lib/python3.11/site-packages/chromadb/api/segment.py", line 173, in create_collection
    coll, created = self._sysdb.create_collection(
                    ^^^^^^^^^^^^^^^^^^^^^^^^^^^^^^
  File "/Users/juliareinhart/anaconda3/lib/python3.11/site-packages/chromadb/telemetry/opentelemetry/__init__.py", line 143, in wrapper
    return f(*args, **kwargs)
           ^^^^^^^^^^^^^^^^^^
  File "/Users/juliareinhart/anaconda3/lib/python3.11/site-packages/chromadb/db/mixins/sysdb.py", line 220, in create_collection
    raise UniqueConstraintError(f"Collection {name} already exists")
chromadb.db.base.UniqueConstraintError: Collection maintstar-docs already exists
[32mINFO[0m:     [06-07-2025 12:11:16] 127.0.0.1:52619 - "POST /api/v1/collections HTTP/1.1" 500
[32mINFO[0m:     [06-07-2025 12:11:16] 127.0.0.1:52619 - "GET /api/v1/collections HTTP/1.1" 200
[33mWARNING[0m:  [06-07-2025 12:11:16] Add of existing embedding ID: CH5_4 - Asset Disposals.txt-chunk-0
[33mWARNING[0m:  [06-07-2025 12:11:16] Insert of existing embedding ID: CH5_4 - Asset Disposals.txt-chunk-0
[32mINFO[0m:     [06-07-2025 12:11:16] 127.0.0.1:52619 - "POST /api/v1/collections/06759ce4-e469-411b-abf9-124c05eb9bf1/add HTTP/1.1" 201
[32mINFO[0m:     [06-07-2025 12:11:16] 127.0.0.1:52619 - "GET /api/v1/collections HTTP/1.1" 200
[31mERROR[0m:    [06-07-2025 12:11:16] Collection maintstar-docs already exists
Traceback (most recent call last):
  File "/Users/juliareinhart/anaconda3/lib/python3.11/site-packages/anyio/streams/memory.py", line 98, in receive
    return self.receive_nowait()
           ^^^^^^^^^^^^^^^^^^^^^
  File "/Users/juliareinhart/anaconda3/lib/python3.11/site-packages/anyio/streams/memory.py", line 93, in receive_nowait
    raise WouldBlock
anyio.WouldBlock

During handling of the above exception, another exception occurred:

Traceback (most recent call last):
  File "/Users/juliareinhart/anaconda3/lib/python3.11/site-packages/starlette/middleware/base.py", line 148, in call_next
    message = await recv_stream.receive()
              ^^^^^^^^^^^^^^^^^^^^^^^^^^^
  File "/Users/juliareinhart/anaconda3/lib/python3.11/site-packages/anyio/streams/memory.py", line 118, in receive
    raise EndOfStream
anyio.EndOfStream

During handling of the above exception, another exception occurred:

Traceback (most recent call last):
  File "/Users/juliareinhart/anaconda3/lib/python3.11/site-packages/chromadb/server/fastapi/__init__.py", line 78, in catch_exceptions_middleware
    return await call_next(request)
           ^^^^^^^^^^^^^^^^^^^^^^^^
  File "/Users/juliareinhart/anaconda3/lib/python3.11/site-packages/starlette/middleware/base.py", line 156, in call_next
    raise app_exc
  File "/Users/juliareinhart/anaconda3/lib/python3.11/site-packages/starlette/middleware/base.py", line 141, in coro
    await self.app(scope, receive_or_disconnect, send_no_error)
  File "/Users/juliareinhart/anaconda3/lib/python3.11/site-packages/starlette/middleware/base.py", line 178, in __call__
    response = await self.dispatch_func(request, call_next)
               ^^^^^^^^^^^^^^^^^^^^^^^^^^^^^^^^^^^^^^^^^^^^
  File "/Users/juliareinhart/anaconda3/lib/python3.11/site-packages/chromadb/server/fastapi/__init__.py", line 92, in check_http_version_middleware
    return await call_next(request)
           ^^^^^^^^^^^^^^^^^^^^^^^^
  File "/Users/juliareinhart/anaconda3/lib/python3.11/site-packages/starlette/middleware/base.py", line 156, in call_next
    raise app_exc
  File "/Users/juliareinhart/anaconda3/lib/python3.11/site-packages/starlette/middleware/base.py", line 141, in coro
    await self.app(scope, receive_or_disconnect, send_no_error)
  File "/Users/juliareinhart/anaconda3/lib/python3.11/site-packages/starlette/middleware/exceptions.py", line 62, in __call__
    await wrap_app_handling_exceptions(self.app, conn)(scope, receive, send)
  File "/Users/juliareinhart/anaconda3/lib/python3.11/site-packages/starlette/_exception_handler.py", line 53, in wrapped_app
    raise exc
  File "/Users/juliareinhart/anaconda3/lib/python3.11/site-packages/starlette/_exception_handler.py", line 42, in wrapped_app
    await app(scope, receive, sender)
  File "/Users/juliareinhart/anaconda3/lib/python3.11/site-packages/starlette/routing.py", line 714, in __call__
    await self.middleware_stack(scope, receive, send)
  File "/Users/juliareinhart/anaconda3/lib/python3.11/site-packages/starlette/routing.py", line 734, in app
    await route.handle(scope, receive, send)
  File "/Users/juliareinhart/anaconda3/lib/python3.11/site-packages/starlette/routing.py", line 288, in handle
    await self.app(scope, receive, send)
  File "/Users/juliareinhart/anaconda3/lib/python3.11/site-packages/starlette/routing.py", line 76, in app
    await wrap_app_handling_exceptions(app, request)(scope, receive, send)
  File "/Users/juliareinhart/anaconda3/lib/python3.11/site-packages/starlette/_exception_handler.py", line 53, in wrapped_app
    raise exc
  File "/Users/juliareinhart/anaconda3/lib/python3.11/site-packages/starlette/_exception_handler.py", line 42, in wrapped_app
    await app(scope, receive, sender)
  File "/Users/juliareinhart/anaconda3/lib/python3.11/site-packages/starlette/routing.py", line 73, in app
    response = await f(request)
               ^^^^^^^^^^^^^^^^
  File "/Users/juliareinhart/anaconda3/lib/python3.11/site-packages/fastapi/routing.py", line 301, in app
    raw_response = await run_endpoint_function(
                   ^^^^^^^^^^^^^^^^^^^^^^^^^^^^
  File "/Users/juliareinhart/anaconda3/lib/python3.11/site-packages/fastapi/routing.py", line 212, in run_endpoint_function
    return await dependant.call(**values)
           ^^^^^^^^^^^^^^^^^^^^^^^^^^^^^^
  File "/Users/juliareinhart/anaconda3/lib/python3.11/site-packages/chromadb/telemetry/opentelemetry/__init__.py", line 130, in wrapper
    return await f(*args, **kwargs)
           ^^^^^^^^^^^^^^^^^^^^^^^^
  File "/Users/juliareinhart/anaconda3/lib/python3.11/site-packages/chromadb/server/fastapi/__init__.py", line 630, in create_collection
    await to_thread.run_sync(
  File "/Users/juliareinhart/anaconda3/lib/python3.11/site-packages/anyio/to_thread.py", line 33, in run_sync
    return await get_asynclib().run_sync_in_worker_thread(
           ^^^^^^^^^^^^^^^^^^^^^^^^^^^^^^^^^^^^^^^^^^^^^^^
  File "/Users/juliareinhart/anaconda3/lib/python3.11/site-packages/anyio/_backends/_asyncio.py", line 877, in run_sync_in_worker_thread
    return await future
           ^^^^^^^^^^^^
  File "/Users/juliareinhart/anaconda3/lib/python3.11/site-packages/anyio/_backends/_asyncio.py", line 807, in run
    result = context.run(func, *args)
             ^^^^^^^^^^^^^^^^^^^^^^^^
  File "/Users/juliareinhart/anaconda3/lib/python3.11/site-packages/chromadb/server/fastapi/__init__.py", line 620, in process_create_collection
    return self._api.create_collection(
           ^^^^^^^^^^^^^^^^^^^^^^^^^^^^
  File "/Users/juliareinhart/anaconda3/lib/python3.11/site-packages/chromadb/telemetry/opentelemetry/__init__.py", line 143, in wrapper
    return f(*args, **kwargs)
           ^^^^^^^^^^^^^^^^^^
  File "/Users/juliareinhart/anaconda3/lib/python3.11/site-packages/chromadb/api/segment.py", line 173, in create_collection
    coll, created = self._sysdb.create_collection(
                    ^^^^^^^^^^^^^^^^^^^^^^^^^^^^^^
  File "/Users/juliareinhart/anaconda3/lib/python3.11/site-packages/chromadb/telemetry/opentelemetry/__init__.py", line 143, in wrapper
    return f(*args, **kwargs)
           ^^^^^^^^^^^^^^^^^^
  File "/Users/juliareinhart/anaconda3/lib/python3.11/site-packages/chromadb/db/mixins/sysdb.py", line 220, in create_collection
    raise UniqueConstraintError(f"Collection {name} already exists")
chromadb.db.base.UniqueConstraintError: Collection maintstar-docs already exists
[32mINFO[0m:     [06-07-2025 12:11:16] 127.0.0.1:52619 - "POST /api/v1/collections HTTP/1.1" 500
[32mINFO[0m:     [06-07-2025 12:11:17] 127.0.0.1:52619 - "GET /api/v1/collections HTTP/1.1" 200
[33mWARNING[0m:  [06-07-2025 12:11:17] Add of existing embedding ID: CH5_5 - Asset Deficiencies.txt-chunk-0
[33mWARNING[0m:  [06-07-2025 12:11:17] Insert of existing embedding ID: CH5_5 - Asset Deficiencies.txt-chunk-0
[32mINFO[0m:     [06-07-2025 12:11:17] 127.0.0.1:52619 - "POST /api/v1/collections/06759ce4-e469-411b-abf9-124c05eb9bf1/add HTTP/1.1" 201
[32mINFO[0m:     [06-07-2025 12:11:17] 127.0.0.1:52619 - "GET /api/v1/collections HTTP/1.1" 200
[31mERROR[0m:    [06-07-2025 12:11:17] Collection maintstar-docs already exists
Traceback (most recent call last):
  File "/Users/juliareinhart/anaconda3/lib/python3.11/site-packages/anyio/streams/memory.py", line 98, in receive
    return self.receive_nowait()
           ^^^^^^^^^^^^^^^^^^^^^
  File "/Users/juliareinhart/anaconda3/lib/python3.11/site-packages/anyio/streams/memory.py", line 93, in receive_nowait
    raise WouldBlock
anyio.WouldBlock

During handling of the above exception, another exception occurred:

Traceback (most recent call last):
  File "/Users/juliareinhart/anaconda3/lib/python3.11/site-packages/starlette/middleware/base.py", line 148, in call_next
    message = await recv_stream.receive()
              ^^^^^^^^^^^^^^^^^^^^^^^^^^^
  File "/Users/juliareinhart/anaconda3/lib/python3.11/site-packages/anyio/streams/memory.py", line 118, in receive
    raise EndOfStream
anyio.EndOfStream

During handling of the above exception, another exception occurred:

Traceback (most recent call last):
  File "/Users/juliareinhart/anaconda3/lib/python3.11/site-packages/chromadb/server/fastapi/__init__.py", line 78, in catch_exceptions_middleware
    return await call_next(request)
           ^^^^^^^^^^^^^^^^^^^^^^^^
  File "/Users/juliareinhart/anaconda3/lib/python3.11/site-packages/starlette/middleware/base.py", line 156, in call_next
    raise app_exc
  File "/Users/juliareinhart/anaconda3/lib/python3.11/site-packages/starlette/middleware/base.py", line 141, in coro
    await self.app(scope, receive_or_disconnect, send_no_error)
  File "/Users/juliareinhart/anaconda3/lib/python3.11/site-packages/starlette/middleware/base.py", line 178, in __call__
    response = await self.dispatch_func(request, call_next)
               ^^^^^^^^^^^^^^^^^^^^^^^^^^^^^^^^^^^^^^^^^^^^
  File "/Users/juliareinhart/anaconda3/lib/python3.11/site-packages/chromadb/server/fastapi/__init__.py", line 92, in check_http_version_middleware
    return await call_next(request)
           ^^^^^^^^^^^^^^^^^^^^^^^^
  File "/Users/juliareinhart/anaconda3/lib/python3.11/site-packages/starlette/middleware/base.py", line 156, in call_next
    raise app_exc
  File "/Users/juliareinhart/anaconda3/lib/python3.11/site-packages/starlette/middleware/base.py", line 141, in coro
    await self.app(scope, receive_or_disconnect, send_no_error)
  File "/Users/juliareinhart/anaconda3/lib/python3.11/site-packages/starlette/middleware/exceptions.py", line 62, in __call__
    await wrap_app_handling_exceptions(self.app, conn)(scope, receive, send)
  File "/Users/juliareinhart/anaconda3/lib/python3.11/site-packages/starlette/_exception_handler.py", line 53, in wrapped_app
    raise exc
  File "/Users/juliareinhart/anaconda3/lib/python3.11/site-packages/starlette/_exception_handler.py", line 42, in wrapped_app
    await app(scope, receive, sender)
  File "/Users/juliareinhart/anaconda3/lib/python3.11/site-packages/starlette/routing.py", line 714, in __call__
    await self.middleware_stack(scope, receive, send)
  File "/Users/juliareinhart/anaconda3/lib/python3.11/site-packages/starlette/routing.py", line 734, in app
    await route.handle(scope, receive, send)
  File "/Users/juliareinhart/anaconda3/lib/python3.11/site-packages/starlette/routing.py", line 288, in handle
    await self.app(scope, receive, send)
  File "/Users/juliareinhart/anaconda3/lib/python3.11/site-packages/starlette/routing.py", line 76, in app
    await wrap_app_handling_exceptions(app, request)(scope, receive, send)
  File "/Users/juliareinhart/anaconda3/lib/python3.11/site-packages/starlette/_exception_handler.py", line 53, in wrapped_app
    raise exc
  File "/Users/juliareinhart/anaconda3/lib/python3.11/site-packages/starlette/_exception_handler.py", line 42, in wrapped_app
    await app(scope, receive, sender)
  File "/Users/juliareinhart/anaconda3/lib/python3.11/site-packages/starlette/routing.py", line 73, in app
    response = await f(request)
               ^^^^^^^^^^^^^^^^
  File "/Users/juliareinhart/anaconda3/lib/python3.11/site-packages/fastapi/routing.py", line 301, in app
    raw_response = await run_endpoint_function(
                   ^^^^^^^^^^^^^^^^^^^^^^^^^^^^
  File "/Users/juliareinhart/anaconda3/lib/python3.11/site-packages/fastapi/routing.py", line 212, in run_endpoint_function
    return await dependant.call(**values)
           ^^^^^^^^^^^^^^^^^^^^^^^^^^^^^^
  File "/Users/juliareinhart/anaconda3/lib/python3.11/site-packages/chromadb/telemetry/opentelemetry/__init__.py", line 130, in wrapper
    return await f(*args, **kwargs)
           ^^^^^^^^^^^^^^^^^^^^^^^^
  File "/Users/juliareinhart/anaconda3/lib/python3.11/site-packages/chromadb/server/fastapi/__init__.py", line 630, in create_collection
    await to_thread.run_sync(
  File "/Users/juliareinhart/anaconda3/lib/python3.11/site-packages/anyio/to_thread.py", line 33, in run_sync
    return await get_asynclib().run_sync_in_worker_thread(
           ^^^^^^^^^^^^^^^^^^^^^^^^^^^^^^^^^^^^^^^^^^^^^^^
  File "/Users/juliareinhart/anaconda3/lib/python3.11/site-packages/anyio/_backends/_asyncio.py", line 877, in run_sync_in_worker_thread
    return await future
           ^^^^^^^^^^^^
  File "/Users/juliareinhart/anaconda3/lib/python3.11/site-packages/anyio/_backends/_asyncio.py", line 807, in run
    result = context.run(func, *args)
             ^^^^^^^^^^^^^^^^^^^^^^^^
  File "/Users/juliareinhart/anaconda3/lib/python3.11/site-packages/chromadb/server/fastapi/__init__.py", line 620, in process_create_collection
    return self._api.create_collection(
           ^^^^^^^^^^^^^^^^^^^^^^^^^^^^
  File "/Users/juliareinhart/anaconda3/lib/python3.11/site-packages/chromadb/telemetry/opentelemetry/__init__.py", line 143, in wrapper
    return f(*args, **kwargs)
           ^^^^^^^^^^^^^^^^^^
  File "/Users/juliareinhart/anaconda3/lib/python3.11/site-packages/chromadb/api/segment.py", line 173, in create_collection
    coll, created = self._sysdb.create_collection(
                    ^^^^^^^^^^^^^^^^^^^^^^^^^^^^^^
  File "/Users/juliareinhart/anaconda3/lib/python3.11/site-packages/chromadb/telemetry/opentelemetry/__init__.py", line 143, in wrapper
    return f(*args, **kwargs)
           ^^^^^^^^^^^^^^^^^^
  File "/Users/juliareinhart/anaconda3/lib/python3.11/site-packages/chromadb/db/mixins/sysdb.py", line 220, in create_collection
    raise UniqueConstraintError(f"Collection {name} already exists")
chromadb.db.base.UniqueConstraintError: Collection maintstar-docs already exists
[32mINFO[0m:     [06-07-2025 12:11:17] 127.0.0.1:52619 - "POST /api/v1/collections HTTP/1.1" 500
[32mINFO[0m:     [06-07-2025 12:14:10] 127.0.0.1:52646 - "GET /api/v1/collections HTTP/1.1" 200
[32mINFO[0m:     [06-07-2025 12:14:10] 127.0.0.1:52646 - "POST /api/v1/collections/maintstar-meta/add HTTP/1.1" 400
[32mINFO[0m:     [06-07-2025 12:14:10] 127.0.0.1:52646 - "POST /api/v1/collections/maintstar-meta/add HTTP/1.1" 400
[32mINFO[0m:     [06-07-2025 12:14:11] 127.0.0.1:52646 - "POST /api/v1/collections/maintstar-meta/add HTTP/1.1" 400
[32mINFO[0m:     [06-07-2025 12:14:11] 127.0.0.1:52646 - "POST /api/v1/collections/maintstar-meta/add HTTP/1.1" 400
[32mINFO[0m:     [06-07-2025 12:14:11] 127.0.0.1:52646 - "POST /api/v1/collections/maintstar-meta/add HTTP/1.1" 400
[32mINFO[0m:     [06-07-2025 12:14:12] 127.0.0.1:52646 - "POST /api/v1/collections/maintstar-meta/add HTTP/1.1" 400
[32mINFO[0m:     [06-07-2025 12:14:13] 127.0.0.1:52646 - "POST /api/v1/collections/maintstar-meta/add HTTP/1.1" 400
[32mINFO[0m:     [06-07-2025 12:14:13] 127.0.0.1:52646 - "POST /api/v1/collections/maintstar-meta/add HTTP/1.1" 400
[32mINFO[0m:     [06-07-2025 12:21:22] 127.0.0.1:52734 - "GET /api/v1/collections HTTP/1.1" 200
[32mINFO[0m:     [06-07-2025 12:21:22] 127.0.0.1:52734 - "POST /api/v1/collections/maintstar-meta/add HTTP/1.1" 400
[32mINFO[0m:     [06-07-2025 12:21:22] 127.0.0.1:52734 - "POST /api/v1/collections/maintstar-meta/add HTTP/1.1" 400
[32mINFO[0m:     [06-07-2025 12:21:22] 127.0.0.1:52734 - "POST /api/v1/collections/maintstar-meta/add HTTP/1.1" 400
[32mINFO[0m:     [06-07-2025 12:21:23] 127.0.0.1:52734 - "POST /api/v1/collections/maintstar-meta/add HTTP/1.1" 400
[32mINFO[0m:     [06-07-2025 12:21:23] 127.0.0.1:52734 - "POST /api/v1/collections/maintstar-meta/add HTTP/1.1" 400
[32mINFO[0m:     [06-07-2025 12:21:23] 127.0.0.1:52734 - "POST /api/v1/collections/maintstar-meta/add HTTP/1.1" 400
[32mINFO[0m:     [06-07-2025 12:21:23] 127.0.0.1:52734 - "POST /api/v1/collections/maintstar-meta/add HTTP/1.1" 400
[32mINFO[0m:     [06-07-2025 12:21:23] 127.0.0.1:52734 - "POST /api/v1/collections/maintstar-meta/add HTTP/1.1" 400
[32mINFO[0m:     [06-07-2025 12:21:24] 127.0.0.1:52734 - "POST /api/v1/collections/maintstar-meta/add HTTP/1.1" 400
[32mINFO[0m:     [06-07-2025 12:21:24] 127.0.0.1:52734 - "POST /api/v1/collections/maintstar-meta/add HTTP/1.1" 400
[32mINFO[0m:     [06-07-2025 12:21:24] 127.0.0.1:52734 - "POST /api/v1/collections/maintstar-meta/add HTTP/1.1" 400
[32mINFO[0m:     [06-07-2025 12:29:54] 127.0.0.1:52821 - "GET /api/v1/collections HTTP/1.1" 200
[32mINFO[0m:     [06-07-2025 12:29:54] 127.0.0.1:52821 - "POST /api/v1/collections/maintstar-meta/add HTTP/1.1" 400
[32mINFO[0m:     [06-07-2025 12:42:40] 127.0.0.1:52953 - "GET /api/v1/collections HTTP/1.1" 200
[32mINFO[0m:     [06-07-2025 12:42:41] 127.0.0.1:52953 - "POST /api/v1/collections/maintstar-meta/add HTTP/1.1" 400
[32mINFO[0m:     [06-07-2025 12:43:01] 127.0.0.1:52958 - "GET /api/v1/collections HTTP/1.1" 200
[32mINFO[0m:     [06-07-2025 12:43:02] 127.0.0.1:52958 - "POST /api/v1/collections/maintstar-meta/add HTTP/1.1" 400
[32mINFO[0m:     [06-07-2025 12:43:02] 127.0.0.1:52958 - "POST /api/v1/collections/maintstar-meta/add HTTP/1.1" 400
[32mINFO[0m:     [06-07-2025 12:43:03] 127.0.0.1:52958 - "POST /api/v1/collections/maintstar-meta/add HTTP/1.1" 400
[32mINFO[0m:     [06-07-2025 12:43:03] 127.0.0.1:52958 - "POST /api/v1/collections/maintstar-meta/add HTTP/1.1" 400
[32mINFO[0m:     [06-07-2025 12:43:03] 127.0.0.1:52958 - "POST /api/v1/collections/maintstar-meta/add HTTP/1.1" 400
[32mINFO[0m:     [06-07-2025 12:43:04] 127.0.0.1:52958 - "POST /api/v1/collections/maintstar-meta/add HTTP/1.1" 400
[32mINFO[0m:     [06-07-2025 12:43:04] 127.0.0.1:52958 - "POST /api/v1/collections/maintstar-meta/add HTTP/1.1" 400
[32mINFO[0m:     [06-07-2025 12:43:04] 127.0.0.1:52958 - "POST /api/v1/collections/maintstar-meta/add HTTP/1.1" 400
[32mINFO[0m:     [06-07-2025 12:43:04] 127.0.0.1:52958 - "POST /api/v1/collections/maintstar-meta/add HTTP/1.1" 400
[32mINFO[0m:     [06-07-2025 12:43:04] 127.0.0.1:52958 - "POST /api/v1/collections/maintstar-meta/add HTTP/1.1" 400
[32mINFO[0m:     [06-07-2025 12:43:05] 127.0.0.1:52958 - "POST /api/v1/collections/maintstar-meta/add HTTP/1.1" 400
[32mINFO[0m:     [06-07-2025 12:52:38] 127.0.0.1:53053 - "GET /api/v1/collections HTTP/1.1" 200
[32mINFO[0m:     [06-07-2025 12:52:38] 127.0.0.1:53053 - "GET /api/v1/collections HTTP/1.1" 200
[36mDEBUG[0m:    [06-07-2025 12:52:38] Starting component PersistentLocalHnswSegment
[32mINFO[0m:     [06-07-2025 12:52:38] 127.0.0.1:53053 - "POST /api/v1/collections/a3776b32-5d83-4265-9368-26a053a89b0a/add HTTP/1.1" 201
[32mINFO[0m:     [06-07-2025 12:52:38] 127.0.0.1:53053 - "GET /api/v1/collections HTTP/1.1" 200
[32mINFO[0m:     [06-07-2025 12:52:38] 127.0.0.1:53053 - "POST /api/v1/collections/a3776b32-5d83-4265-9368-26a053a89b0a/add HTTP/1.1" 201
[32mINFO[0m:     [06-07-2025 12:52:39] 127.0.0.1:53053 - "GET /api/v1/collections HTTP/1.1" 200
[32mINFO[0m:     [06-07-2025 12:52:39] 127.0.0.1:53053 - "POST /api/v1/collections/a3776b32-5d83-4265-9368-26a053a89b0a/add HTTP/1.1" 201
[32mINFO[0m:     [06-07-2025 12:52:39] 127.0.0.1:53053 - "GET /api/v1/collections HTTP/1.1" 200
[32mINFO[0m:     [06-07-2025 12:52:39] 127.0.0.1:53053 - "POST /api/v1/collections/a3776b32-5d83-4265-9368-26a053a89b0a/add HTTP/1.1" 201
[32mINFO[0m:     [06-07-2025 12:52:39] 127.0.0.1:53053 - "GET /api/v1/collections HTTP/1.1" 200
[32mINFO[0m:     [06-07-2025 12:52:39] 127.0.0.1:53053 - "POST /api/v1/collections/a3776b32-5d83-4265-9368-26a053a89b0a/add HTTP/1.1" 201
[32mINFO[0m:     [06-07-2025 12:52:41] 127.0.0.1:53053 - "GET /api/v1/collections HTTP/1.1" 200
[32mINFO[0m:     [06-07-2025 12:52:41] 127.0.0.1:53053 - "POST /api/v1/collections/a3776b32-5d83-4265-9368-26a053a89b0a/add HTTP/1.1" 201
[32mINFO[0m:     [06-07-2025 12:52:41] 127.0.0.1:53053 - "GET /api/v1/collections HTTP/1.1" 200
[32mINFO[0m:     [06-07-2025 12:52:41] 127.0.0.1:53053 - "POST /api/v1/collections/a3776b32-5d83-4265-9368-26a053a89b0a/add HTTP/1.1" 201
[32mINFO[0m:     [06-07-2025 12:52:42] 127.0.0.1:53053 - "GET /api/v1/collections HTTP/1.1" 200
[32mINFO[0m:     [06-07-2025 12:52:42] 127.0.0.1:53053 - "POST /api/v1/collections/a3776b32-5d83-4265-9368-26a053a89b0a/add HTTP/1.1" 201
[32mINFO[0m:     [06-07-2025 12:52:42] 127.0.0.1:53053 - "GET /api/v1/collections HTTP/1.1" 200
[32mINFO[0m:     [06-07-2025 12:52:42] 127.0.0.1:53053 - "POST /api/v1/collections/a3776b32-5d83-4265-9368-26a053a89b0a/add HTTP/1.1" 201
[32mINFO[0m:     [06-07-2025 12:52:42] 127.0.0.1:53053 - "GET /api/v1/collections HTTP/1.1" 200
[32mINFO[0m:     [06-07-2025 12:52:42] 127.0.0.1:53053 - "POST /api/v1/collections/a3776b32-5d83-4265-9368-26a053a89b0a/add HTTP/1.1" 201
[32mINFO[0m:     [06-07-2025 12:52:42] 127.0.0.1:53053 - "GET /api/v1/collections HTTP/1.1" 200
[32mINFO[0m:     [06-07-2025 12:52:42] 127.0.0.1:53053 - "POST /api/v1/collections/a3776b32-5d83-4265-9368-26a053a89b0a/add HTTP/1.1" 201
[32mINFO[0m:     [06-07-2025 12:52:42] 127.0.0.1:53053 - "GET /api/v1/collections HTTP/1.1" 200
[32mINFO[0m:     [06-07-2025 12:52:42] 127.0.0.1:53053 - "POST /api/v1/collections/a3776b32-5d83-4265-9368-26a053a89b0a/add HTTP/1.1" 201
[32mINFO[0m:     [06-07-2025 12:52:43] 127.0.0.1:53053 - "GET /api/v1/collections HTTP/1.1" 200
[32mINFO[0m:     [06-07-2025 12:52:43] 127.0.0.1:53053 - "POST /api/v1/collections/a3776b32-5d83-4265-9368-26a053a89b0a/add HTTP/1.1" 201
[32mINFO[0m:     [06-07-2025 12:52:43] 127.0.0.1:53053 - "GET /api/v1/collections HTTP/1.1" 200
[32mINFO[0m:     [06-07-2025 12:52:43] 127.0.0.1:53053 - "POST /api/v1/collections/a3776b32-5d83-4265-9368-26a053a89b0a/add HTTP/1.1" 201
[32mINFO[0m:     [06-07-2025 12:52:44] 127.0.0.1:53053 - "GET /api/v1/collections HTTP/1.1" 200
[32mINFO[0m:     [06-07-2025 12:52:44] 127.0.0.1:53053 - "POST /api/v1/collections/a3776b32-5d83-4265-9368-26a053a89b0a/add HTTP/1.1" 201
[32mINFO[0m:     [06-07-2025 12:52:44] 127.0.0.1:53053 - "GET /api/v1/collections HTTP/1.1" 200
[31mERROR[0m:    [06-07-2025 12:52:44] Collection maintstar-docs already exists
Traceback (most recent call last):
  File "/Users/juliareinhart/anaconda3/lib/python3.11/site-packages/anyio/streams/memory.py", line 98, in receive
    return self.receive_nowait()
           ^^^^^^^^^^^^^^^^^^^^^
  File "/Users/juliareinhart/anaconda3/lib/python3.11/site-packages/anyio/streams/memory.py", line 93, in receive_nowait
    raise WouldBlock
anyio.WouldBlock

During handling of the above exception, another exception occurred:

Traceback (most recent call last):
  File "/Users/juliareinhart/anaconda3/lib/python3.11/site-packages/starlette/middleware/base.py", line 148, in call_next
    message = await recv_stream.receive()
              ^^^^^^^^^^^^^^^^^^^^^^^^^^^
  File "/Users/juliareinhart/anaconda3/lib/python3.11/site-packages/anyio/streams/memory.py", line 118, in receive
    raise EndOfStream
anyio.EndOfStream

During handling of the above exception, another exception occurred:

Traceback (most recent call last):
  File "/Users/juliareinhart/anaconda3/lib/python3.11/site-packages/chromadb/server/fastapi/__init__.py", line 78, in catch_exceptions_middleware
    return await call_next(request)
           ^^^^^^^^^^^^^^^^^^^^^^^^
  File "/Users/juliareinhart/anaconda3/lib/python3.11/site-packages/starlette/middleware/base.py", line 156, in call_next
    raise app_exc
  File "/Users/juliareinhart/anaconda3/lib/python3.11/site-packages/starlette/middleware/base.py", line 141, in coro
    await self.app(scope, receive_or_disconnect, send_no_error)
  File "/Users/juliareinhart/anaconda3/lib/python3.11/site-packages/starlette/middleware/base.py", line 178, in __call__
    response = await self.dispatch_func(request, call_next)
               ^^^^^^^^^^^^^^^^^^^^^^^^^^^^^^^^^^^^^^^^^^^^
  File "/Users/juliareinhart/anaconda3/lib/python3.11/site-packages/chromadb/server/fastapi/__init__.py", line 92, in check_http_version_middleware
    return await call_next(request)
           ^^^^^^^^^^^^^^^^^^^^^^^^
  File "/Users/juliareinhart/anaconda3/lib/python3.11/site-packages/starlette/middleware/base.py", line 156, in call_next
    raise app_exc
  File "/Users/juliareinhart/anaconda3/lib/python3.11/site-packages/starlette/middleware/base.py", line 141, in coro
    await self.app(scope, receive_or_disconnect, send_no_error)
  File "/Users/juliareinhart/anaconda3/lib/python3.11/site-packages/starlette/middleware/exceptions.py", line 62, in __call__
    await wrap_app_handling_exceptions(self.app, conn)(scope, receive, send)
  File "/Users/juliareinhart/anaconda3/lib/python3.11/site-packages/starlette/_exception_handler.py", line 53, in wrapped_app
    raise exc
  File "/Users/juliareinhart/anaconda3/lib/python3.11/site-packages/starlette/_exception_handler.py", line 42, in wrapped_app
    await app(scope, receive, sender)
  File "/Users/juliareinhart/anaconda3/lib/python3.11/site-packages/starlette/routing.py", line 714, in __call__
    await self.middleware_stack(scope, receive, send)
  File "/Users/juliareinhart/anaconda3/lib/python3.11/site-packages/starlette/routing.py", line 734, in app
    await route.handle(scope, receive, send)
  File "/Users/juliareinhart/anaconda3/lib/python3.11/site-packages/starlette/routing.py", line 288, in handle
    await self.app(scope, receive, send)
  File "/Users/juliareinhart/anaconda3/lib/python3.11/site-packages/starlette/routing.py", line 76, in app
    await wrap_app_handling_exceptions(app, request)(scope, receive, send)
  File "/Users/juliareinhart/anaconda3/lib/python3.11/site-packages/starlette/_exception_handler.py", line 53, in wrapped_app
    raise exc
  File "/Users/juliareinhart/anaconda3/lib/python3.11/site-packages/starlette/_exception_handler.py", line 42, in wrapped_app
    await app(scope, receive, sender)
  File "/Users/juliareinhart/anaconda3/lib/python3.11/site-packages/starlette/routing.py", line 73, in app
    response = await f(request)
               ^^^^^^^^^^^^^^^^
  File "/Users/juliareinhart/anaconda3/lib/python3.11/site-packages/fastapi/routing.py", line 301, in app
    raw_response = await run_endpoint_function(
                   ^^^^^^^^^^^^^^^^^^^^^^^^^^^^
  File "/Users/juliareinhart/anaconda3/lib/python3.11/site-packages/fastapi/routing.py", line 212, in run_endpoint_function
    return await dependant.call(**values)
           ^^^^^^^^^^^^^^^^^^^^^^^^^^^^^^
  File "/Users/juliareinhart/anaconda3/lib/python3.11/site-packages/chromadb/telemetry/opentelemetry/__init__.py", line 130, in wrapper
    return await f(*args, **kwargs)
           ^^^^^^^^^^^^^^^^^^^^^^^^
  File "/Users/juliareinhart/anaconda3/lib/python3.11/site-packages/chromadb/server/fastapi/__init__.py", line 630, in create_collection
    await to_thread.run_sync(
  File "/Users/juliareinhart/anaconda3/lib/python3.11/site-packages/anyio/to_thread.py", line 33, in run_sync
    return await get_asynclib().run_sync_in_worker_thread(
           ^^^^^^^^^^^^^^^^^^^^^^^^^^^^^^^^^^^^^^^^^^^^^^^
  File "/Users/juliareinhart/anaconda3/lib/python3.11/site-packages/anyio/_backends/_asyncio.py", line 877, in run_sync_in_worker_thread
    return await future
           ^^^^^^^^^^^^
  File "/Users/juliareinhart/anaconda3/lib/python3.11/site-packages/anyio/_backends/_asyncio.py", line 807, in run
    result = context.run(func, *args)
             ^^^^^^^^^^^^^^^^^^^^^^^^
  File "/Users/juliareinhart/anaconda3/lib/python3.11/site-packages/chromadb/server/fastapi/__init__.py", line 620, in process_create_collection
    return self._api.create_collection(
           ^^^^^^^^^^^^^^^^^^^^^^^^^^^^
  File "/Users/juliareinhart/anaconda3/lib/python3.11/site-packages/chromadb/telemetry/opentelemetry/__init__.py", line 143, in wrapper
    return f(*args, **kwargs)
           ^^^^^^^^^^^^^^^^^^
  File "/Users/juliareinhart/anaconda3/lib/python3.11/site-packages/chromadb/api/segment.py", line 173, in create_collection
    coll, created = self._sysdb.create_collection(
                    ^^^^^^^^^^^^^^^^^^^^^^^^^^^^^^
  File "/Users/juliareinhart/anaconda3/lib/python3.11/site-packages/chromadb/telemetry/opentelemetry/__init__.py", line 143, in wrapper
    return f(*args, **kwargs)
           ^^^^^^^^^^^^^^^^^^
  File "/Users/juliareinhart/anaconda3/lib/python3.11/site-packages/chromadb/db/mixins/sysdb.py", line 220, in create_collection
    raise UniqueConstraintError(f"Collection {name} already exists")
chromadb.db.base.UniqueConstraintError: Collection maintstar-docs already exists
[32mINFO[0m:     [06-07-2025 12:52:44] 127.0.0.1:53053 - "POST /api/v1/collections HTTP/1.1" 500
[32mINFO[0m:     [06-07-2025 12:52:44] 127.0.0.1:53053 - "GET /api/v1/collections HTTP/1.1" 200
[33mWARNING[0m:  [06-07-2025 12:52:44] Add of existing embedding ID: CH1 - Work Orders.txt-chunk-0
[33mWARNING[0m:  [06-07-2025 12:52:44] Insert of existing embedding ID: CH1 - Work Orders.txt-chunk-0
[32mINFO[0m:     [06-07-2025 12:52:44] 127.0.0.1:53053 - "POST /api/v1/collections/06759ce4-e469-411b-abf9-124c05eb9bf1/add HTTP/1.1" 201
[32mINFO[0m:     [06-07-2025 12:52:44] 127.0.0.1:53053 - "GET /api/v1/collections HTTP/1.1" 200
[31mERROR[0m:    [06-07-2025 12:52:44] Collection maintstar-docs already exists
Traceback (most recent call last):
  File "/Users/juliareinhart/anaconda3/lib/python3.11/site-packages/anyio/streams/memory.py", line 98, in receive
    return self.receive_nowait()
           ^^^^^^^^^^^^^^^^^^^^^
  File "/Users/juliareinhart/anaconda3/lib/python3.11/site-packages/anyio/streams/memory.py", line 93, in receive_nowait
    raise WouldBlock
anyio.WouldBlock

During handling of the above exception, another exception occurred:

Traceback (most recent call last):
  File "/Users/juliareinhart/anaconda3/lib/python3.11/site-packages/starlette/middleware/base.py", line 148, in call_next
    message = await recv_stream.receive()
              ^^^^^^^^^^^^^^^^^^^^^^^^^^^
  File "/Users/juliareinhart/anaconda3/lib/python3.11/site-packages/anyio/streams/memory.py", line 118, in receive
    raise EndOfStream
anyio.EndOfStream

During handling of the above exception, another exception occurred:

Traceback (most recent call last):
  File "/Users/juliareinhart/anaconda3/lib/python3.11/site-packages/chromadb/server/fastapi/__init__.py", line 78, in catch_exceptions_middleware
    return await call_next(request)
           ^^^^^^^^^^^^^^^^^^^^^^^^
  File "/Users/juliareinhart/anaconda3/lib/python3.11/site-packages/starlette/middleware/base.py", line 156, in call_next
    raise app_exc
  File "/Users/juliareinhart/anaconda3/lib/python3.11/site-packages/starlette/middleware/base.py", line 141, in coro
    await self.app(scope, receive_or_disconnect, send_no_error)
  File "/Users/juliareinhart/anaconda3/lib/python3.11/site-packages/starlette/middleware/base.py", line 178, in __call__
    response = await self.dispatch_func(request, call_next)
               ^^^^^^^^^^^^^^^^^^^^^^^^^^^^^^^^^^^^^^^^^^^^
  File "/Users/juliareinhart/anaconda3/lib/python3.11/site-packages/chromadb/server/fastapi/__init__.py", line 92, in check_http_version_middleware
    return await call_next(request)
           ^^^^^^^^^^^^^^^^^^^^^^^^
  File "/Users/juliareinhart/anaconda3/lib/python3.11/site-packages/starlette/middleware/base.py", line 156, in call_next
    raise app_exc
  File "/Users/juliareinhart/anaconda3/lib/python3.11/site-packages/starlette/middleware/base.py", line 141, in coro
    await self.app(scope, receive_or_disconnect, send_no_error)
  File "/Users/juliareinhart/anaconda3/lib/python3.11/site-packages/starlette/middleware/exceptions.py", line 62, in __call__
    await wrap_app_handling_exceptions(self.app, conn)(scope, receive, send)
  File "/Users/juliareinhart/anaconda3/lib/python3.11/site-packages/starlette/_exception_handler.py", line 53, in wrapped_app
    raise exc
  File "/Users/juliareinhart/anaconda3/lib/python3.11/site-packages/starlette/_exception_handler.py", line 42, in wrapped_app
    await app(scope, receive, sender)
  File "/Users/juliareinhart/anaconda3/lib/python3.11/site-packages/starlette/routing.py", line 714, in __call__
    await self.middleware_stack(scope, receive, send)
  File "/Users/juliareinhart/anaconda3/lib/python3.11/site-packages/starlette/routing.py", line 734, in app
    await route.handle(scope, receive, send)
  File "/Users/juliareinhart/anaconda3/lib/python3.11/site-packages/starlette/routing.py", line 288, in handle
    await self.app(scope, receive, send)
  File "/Users/juliareinhart/anaconda3/lib/python3.11/site-packages/starlette/routing.py", line 76, in app
    await wrap_app_handling_exceptions(app, request)(scope, receive, send)
  File "/Users/juliareinhart/anaconda3/lib/python3.11/site-packages/starlette/_exception_handler.py", line 53, in wrapped_app
    raise exc
  File "/Users/juliareinhart/anaconda3/lib/python3.11/site-packages/starlette/_exception_handler.py", line 42, in wrapped_app
    await app(scope, receive, sender)
  File "/Users/juliareinhart/anaconda3/lib/python3.11/site-packages/starlette/routing.py", line 73, in app
    response = await f(request)
               ^^^^^^^^^^^^^^^^
  File "/Users/juliareinhart/anaconda3/lib/python3.11/site-packages/fastapi/routing.py", line 301, in app
    raw_response = await run_endpoint_function(
                   ^^^^^^^^^^^^^^^^^^^^^^^^^^^^
  File "/Users/juliareinhart/anaconda3/lib/python3.11/site-packages/fastapi/routing.py", line 212, in run_endpoint_function
    return await dependant.call(**values)
           ^^^^^^^^^^^^^^^^^^^^^^^^^^^^^^
  File "/Users/juliareinhart/anaconda3/lib/python3.11/site-packages/chromadb/telemetry/opentelemetry/__init__.py", line 130, in wrapper
    return await f(*args, **kwargs)
           ^^^^^^^^^^^^^^^^^^^^^^^^
  File "/Users/juliareinhart/anaconda3/lib/python3.11/site-packages/chromadb/server/fastapi/__init__.py", line 630, in create_collection
    await to_thread.run_sync(
  File "/Users/juliareinhart/anaconda3/lib/python3.11/site-packages/anyio/to_thread.py", line 33, in run_sync
    return await get_asynclib().run_sync_in_worker_thread(
           ^^^^^^^^^^^^^^^^^^^^^^^^^^^^^^^^^^^^^^^^^^^^^^^
  File "/Users/juliareinhart/anaconda3/lib/python3.11/site-packages/anyio/_backends/_asyncio.py", line 877, in run_sync_in_worker_thread
    return await future
           ^^^^^^^^^^^^
  File "/Users/juliareinhart/anaconda3/lib/python3.11/site-packages/anyio/_backends/_asyncio.py", line 807, in run
    result = context.run(func, *args)
             ^^^^^^^^^^^^^^^^^^^^^^^^
  File "/Users/juliareinhart/anaconda3/lib/python3.11/site-packages/chromadb/server/fastapi/__init__.py", line 620, in process_create_collection
    return self._api.create_collection(
           ^^^^^^^^^^^^^^^^^^^^^^^^^^^^
  File "/Users/juliareinhart/anaconda3/lib/python3.11/site-packages/chromadb/telemetry/opentelemetry/__init__.py", line 143, in wrapper
    return f(*args, **kwargs)
           ^^^^^^^^^^^^^^^^^^
  File "/Users/juliareinhart/anaconda3/lib/python3.11/site-packages/chromadb/api/segment.py", line 173, in create_collection
    coll, created = self._sysdb.create_collection(
                    ^^^^^^^^^^^^^^^^^^^^^^^^^^^^^^
  File "/Users/juliareinhart/anaconda3/lib/python3.11/site-packages/chromadb/telemetry/opentelemetry/__init__.py", line 143, in wrapper
    return f(*args, **kwargs)
           ^^^^^^^^^^^^^^^^^^
  File "/Users/juliareinhart/anaconda3/lib/python3.11/site-packages/chromadb/db/mixins/sysdb.py", line 220, in create_collection
    raise UniqueConstraintError(f"Collection {name} already exists")
chromadb.db.base.UniqueConstraintError: Collection maintstar-docs already exists
[32mINFO[0m:     [06-07-2025 12:52:44] 127.0.0.1:53053 - "POST /api/v1/collections HTTP/1.1" 500
[32mINFO[0m:     [06-07-2025 12:52:45] 127.0.0.1:53053 - "GET /api/v1/collections HTTP/1.1" 200
[33mWARNING[0m:  [06-07-2025 12:52:45] Add of existing embedding ID: CH1_3 - CM Templates.txt-chunk-0
[33mWARNING[0m:  [06-07-2025 12:52:45] Insert of existing embedding ID: CH1_3 - CM Templates.txt-chunk-0
[32mINFO[0m:     [06-07-2025 12:52:45] 127.0.0.1:53053 - "POST /api/v1/collections/06759ce4-e469-411b-abf9-124c05eb9bf1/add HTTP/1.1" 201
[32mINFO[0m:     [06-07-2025 12:52:45] 127.0.0.1:53053 - "GET /api/v1/collections HTTP/1.1" 200
[31mERROR[0m:    [06-07-2025 12:52:45] Collection maintstar-docs already exists
Traceback (most recent call last):
  File "/Users/juliareinhart/anaconda3/lib/python3.11/site-packages/anyio/streams/memory.py", line 98, in receive
    return self.receive_nowait()
           ^^^^^^^^^^^^^^^^^^^^^
  File "/Users/juliareinhart/anaconda3/lib/python3.11/site-packages/anyio/streams/memory.py", line 93, in receive_nowait
    raise WouldBlock
anyio.WouldBlock

During handling of the above exception, another exception occurred:

Traceback (most recent call last):
  File "/Users/juliareinhart/anaconda3/lib/python3.11/site-packages/starlette/middleware/base.py", line 148, in call_next
    message = await recv_stream.receive()
              ^^^^^^^^^^^^^^^^^^^^^^^^^^^
  File "/Users/juliareinhart/anaconda3/lib/python3.11/site-packages/anyio/streams/memory.py", line 118, in receive
    raise EndOfStream
anyio.EndOfStream

During handling of the above exception, another exception occurred:

Traceback (most recent call last):
  File "/Users/juliareinhart/anaconda3/lib/python3.11/site-packages/chromadb/server/fastapi/__init__.py", line 78, in catch_exceptions_middleware
    return await call_next(request)
           ^^^^^^^^^^^^^^^^^^^^^^^^
  File "/Users/juliareinhart/anaconda3/lib/python3.11/site-packages/starlette/middleware/base.py", line 156, in call_next
    raise app_exc
  File "/Users/juliareinhart/anaconda3/lib/python3.11/site-packages/starlette/middleware/base.py", line 141, in coro
    await self.app(scope, receive_or_disconnect, send_no_error)
  File "/Users/juliareinhart/anaconda3/lib/python3.11/site-packages/starlette/middleware/base.py", line 178, in __call__
    response = await self.dispatch_func(request, call_next)
               ^^^^^^^^^^^^^^^^^^^^^^^^^^^^^^^^^^^^^^^^^^^^
  File "/Users/juliareinhart/anaconda3/lib/python3.11/site-packages/chromadb/server/fastapi/__init__.py", line 92, in check_http_version_middleware
    return await call_next(request)
           ^^^^^^^^^^^^^^^^^^^^^^^^
  File "/Users/juliareinhart/anaconda3/lib/python3.11/site-packages/starlette/middleware/base.py", line 156, in call_next
    raise app_exc
  File "/Users/juliareinhart/anaconda3/lib/python3.11/site-packages/starlette/middleware/base.py", line 141, in coro
    await self.app(scope, receive_or_disconnect, send_no_error)
  File "/Users/juliareinhart/anaconda3/lib/python3.11/site-packages/starlette/middleware/exceptions.py", line 62, in __call__
    await wrap_app_handling_exceptions(self.app, conn)(scope, receive, send)
  File "/Users/juliareinhart/anaconda3/lib/python3.11/site-packages/starlette/_exception_handler.py", line 53, in wrapped_app
    raise exc
  File "/Users/juliareinhart/anaconda3/lib/python3.11/site-packages/starlette/_exception_handler.py", line 42, in wrapped_app
    await app(scope, receive, sender)
  File "/Users/juliareinhart/anaconda3/lib/python3.11/site-packages/starlette/routing.py", line 714, in __call__
    await self.middleware_stack(scope, receive, send)
  File "/Users/juliareinhart/anaconda3/lib/python3.11/site-packages/starlette/routing.py", line 734, in app
    await route.handle(scope, receive, send)
  File "/Users/juliareinhart/anaconda3/lib/python3.11/site-packages/starlette/routing.py", line 288, in handle
    await self.app(scope, receive, send)
  File "/Users/juliareinhart/anaconda3/lib/python3.11/site-packages/starlette/routing.py", line 76, in app
    await wrap_app_handling_exceptions(app, request)(scope, receive, send)
  File "/Users/juliareinhart/anaconda3/lib/python3.11/site-packages/starlette/_exception_handler.py", line 53, in wrapped_app
    raise exc
  File "/Users/juliareinhart/anaconda3/lib/python3.11/site-packages/starlette/_exception_handler.py", line 42, in wrapped_app
    await app(scope, receive, sender)
  File "/Users/juliareinhart/anaconda3/lib/python3.11/site-packages/starlette/routing.py", line 73, in app
    response = await f(request)
               ^^^^^^^^^^^^^^^^
  File "/Users/juliareinhart/anaconda3/lib/python3.11/site-packages/fastapi/routing.py", line 301, in app
    raw_response = await run_endpoint_function(
                   ^^^^^^^^^^^^^^^^^^^^^^^^^^^^
  File "/Users/juliareinhart/anaconda3/lib/python3.11/site-packages/fastapi/routing.py", line 212, in run_endpoint_function
    return await dependant.call(**values)
           ^^^^^^^^^^^^^^^^^^^^^^^^^^^^^^
  File "/Users/juliareinhart/anaconda3/lib/python3.11/site-packages/chromadb/telemetry/opentelemetry/__init__.py", line 130, in wrapper
    return await f(*args, **kwargs)
           ^^^^^^^^^^^^^^^^^^^^^^^^
  File "/Users/juliareinhart/anaconda3/lib/python3.11/site-packages/chromadb/server/fastapi/__init__.py", line 630, in create_collection
    await to_thread.run_sync(
  File "/Users/juliareinhart/anaconda3/lib/python3.11/site-packages/anyio/to_thread.py", line 33, in run_sync
    return await get_asynclib().run_sync_in_worker_thread(
           ^^^^^^^^^^^^^^^^^^^^^^^^^^^^^^^^^^^^^^^^^^^^^^^
  File "/Users/juliareinhart/anaconda3/lib/python3.11/site-packages/anyio/_backends/_asyncio.py", line 877, in run_sync_in_worker_thread
    return await future
           ^^^^^^^^^^^^
  File "/Users/juliareinhart/anaconda3/lib/python3.11/site-packages/anyio/_backends/_asyncio.py", line 807, in run
    result = context.run(func, *args)
             ^^^^^^^^^^^^^^^^^^^^^^^^
  File "/Users/juliareinhart/anaconda3/lib/python3.11/site-packages/chromadb/server/fastapi/__init__.py", line 620, in process_create_collection
    return self._api.create_collection(
           ^^^^^^^^^^^^^^^^^^^^^^^^^^^^
  File "/Users/juliareinhart/anaconda3/lib/python3.11/site-packages/chromadb/telemetry/opentelemetry/__init__.py", line 143, in wrapper
    return f(*args, **kwargs)
           ^^^^^^^^^^^^^^^^^^
  File "/Users/juliareinhart/anaconda3/lib/python3.11/site-packages/chromadb/api/segment.py", line 173, in create_collection
    coll, created = self._sysdb.create_collection(
                    ^^^^^^^^^^^^^^^^^^^^^^^^^^^^^^
  File "/Users/juliareinhart/anaconda3/lib/python3.11/site-packages/chromadb/telemetry/opentelemetry/__init__.py", line 143, in wrapper
    return f(*args, **kwargs)
           ^^^^^^^^^^^^^^^^^^
  File "/Users/juliareinhart/anaconda3/lib/python3.11/site-packages/chromadb/db/mixins/sysdb.py", line 220, in create_collection
    raise UniqueConstraintError(f"Collection {name} already exists")
chromadb.db.base.UniqueConstraintError: Collection maintstar-docs already exists
[32mINFO[0m:     [06-07-2025 12:52:45] 127.0.0.1:53053 - "POST /api/v1/collections HTTP/1.1" 500
[32mINFO[0m:     [06-07-2025 12:52:45] 127.0.0.1:53053 - "GET /api/v1/collections HTTP/1.1" 200
[33mWARNING[0m:  [06-07-2025 12:52:45] Add of existing embedding ID: CH2 - Preventative Maintenance.txt-chunk-0
[33mWARNING[0m:  [06-07-2025 12:52:45] Add of existing embedding ID: CH2 - Preventative Maintenance.txt-chunk-1
[33mWARNING[0m:  [06-07-2025 12:52:45] Insert of existing embedding ID: CH2 - Preventative Maintenance.txt-chunk-0
[33mWARNING[0m:  [06-07-2025 12:52:45] Insert of existing embedding ID: CH2 - Preventative Maintenance.txt-chunk-1
[32mINFO[0m:     [06-07-2025 12:52:45] 127.0.0.1:53053 - "POST /api/v1/collections/06759ce4-e469-411b-abf9-124c05eb9bf1/add HTTP/1.1" 201
[32mINFO[0m:     [06-07-2025 12:52:45] 127.0.0.1:53053 - "GET /api/v1/collections HTTP/1.1" 200
[31mERROR[0m:    [06-07-2025 12:52:45] Collection maintstar-docs already exists
Traceback (most recent call last):
  File "/Users/juliareinhart/anaconda3/lib/python3.11/site-packages/anyio/streams/memory.py", line 98, in receive
    return self.receive_nowait()
           ^^^^^^^^^^^^^^^^^^^^^
  File "/Users/juliareinhart/anaconda3/lib/python3.11/site-packages/anyio/streams/memory.py", line 93, in receive_nowait
    raise WouldBlock
anyio.WouldBlock

During handling of the above exception, another exception occurred:

Traceback (most recent call last):
  File "/Users/juliareinhart/anaconda3/lib/python3.11/site-packages/starlette/middleware/base.py", line 148, in call_next
    message = await recv_stream.receive()
              ^^^^^^^^^^^^^^^^^^^^^^^^^^^
  File "/Users/juliareinhart/anaconda3/lib/python3.11/site-packages/anyio/streams/memory.py", line 118, in receive
    raise EndOfStream
anyio.EndOfStream

During handling of the above exception, another exception occurred:

Traceback (most recent call last):
  File "/Users/juliareinhart/anaconda3/lib/python3.11/site-packages/chromadb/server/fastapi/__init__.py", line 78, in catch_exceptions_middleware
    return await call_next(request)
           ^^^^^^^^^^^^^^^^^^^^^^^^
  File "/Users/juliareinhart/anaconda3/lib/python3.11/site-packages/starlette/middleware/base.py", line 156, in call_next
    raise app_exc
  File "/Users/juliareinhart/anaconda3/lib/python3.11/site-packages/starlette/middleware/base.py", line 141, in coro
    await self.app(scope, receive_or_disconnect, send_no_error)
  File "/Users/juliareinhart/anaconda3/lib/python3.11/site-packages/starlette/middleware/base.py", line 178, in __call__
    response = await self.dispatch_func(request, call_next)
               ^^^^^^^^^^^^^^^^^^^^^^^^^^^^^^^^^^^^^^^^^^^^
  File "/Users/juliareinhart/anaconda3/lib/python3.11/site-packages/chromadb/server/fastapi/__init__.py", line 92, in check_http_version_middleware
    return await call_next(request)
           ^^^^^^^^^^^^^^^^^^^^^^^^
  File "/Users/juliareinhart/anaconda3/lib/python3.11/site-packages/starlette/middleware/base.py", line 156, in call_next
    raise app_exc
  File "/Users/juliareinhart/anaconda3/lib/python3.11/site-packages/starlette/middleware/base.py", line 141, in coro
    await self.app(scope, receive_or_disconnect, send_no_error)
  File "/Users/juliareinhart/anaconda3/lib/python3.11/site-packages/starlette/middleware/exceptions.py", line 62, in __call__
    await wrap_app_handling_exceptions(self.app, conn)(scope, receive, send)
  File "/Users/juliareinhart/anaconda3/lib/python3.11/site-packages/starlette/_exception_handler.py", line 53, in wrapped_app
    raise exc
  File "/Users/juliareinhart/anaconda3/lib/python3.11/site-packages/starlette/_exception_handler.py", line 42, in wrapped_app
    await app(scope, receive, sender)
  File "/Users/juliareinhart/anaconda3/lib/python3.11/site-packages/starlette/routing.py", line 714, in __call__
    await self.middleware_stack(scope, receive, send)
  File "/Users/juliareinhart/anaconda3/lib/python3.11/site-packages/starlette/routing.py", line 734, in app
    await route.handle(scope, receive, send)
  File "/Users/juliareinhart/anaconda3/lib/python3.11/site-packages/starlette/routing.py", line 288, in handle
    await self.app(scope, receive, send)
  File "/Users/juliareinhart/anaconda3/lib/python3.11/site-packages/starlette/routing.py", line 76, in app
    await wrap_app_handling_exceptions(app, request)(scope, receive, send)
  File "/Users/juliareinhart/anaconda3/lib/python3.11/site-packages/starlette/_exception_handler.py", line 53, in wrapped_app
    raise exc
  File "/Users/juliareinhart/anaconda3/lib/python3.11/site-packages/starlette/_exception_handler.py", line 42, in wrapped_app
    await app(scope, receive, sender)
  File "/Users/juliareinhart/anaconda3/lib/python3.11/site-packages/starlette/routing.py", line 73, in app
    response = await f(request)
               ^^^^^^^^^^^^^^^^
  File "/Users/juliareinhart/anaconda3/lib/python3.11/site-packages/fastapi/routing.py", line 301, in app
    raw_response = await run_endpoint_function(
                   ^^^^^^^^^^^^^^^^^^^^^^^^^^^^
  File "/Users/juliareinhart/anaconda3/lib/python3.11/site-packages/fastapi/routing.py", line 212, in run_endpoint_function
    return await dependant.call(**values)
           ^^^^^^^^^^^^^^^^^^^^^^^^^^^^^^
  File "/Users/juliareinhart/anaconda3/lib/python3.11/site-packages/chromadb/telemetry/opentelemetry/__init__.py", line 130, in wrapper
    return await f(*args, **kwargs)
           ^^^^^^^^^^^^^^^^^^^^^^^^
  File "/Users/juliareinhart/anaconda3/lib/python3.11/site-packages/chromadb/server/fastapi/__init__.py", line 630, in create_collection
    await to_thread.run_sync(
  File "/Users/juliareinhart/anaconda3/lib/python3.11/site-packages/anyio/to_thread.py", line 33, in run_sync
    return await get_asynclib().run_sync_in_worker_thread(
           ^^^^^^^^^^^^^^^^^^^^^^^^^^^^^^^^^^^^^^^^^^^^^^^
  File "/Users/juliareinhart/anaconda3/lib/python3.11/site-packages/anyio/_backends/_asyncio.py", line 877, in run_sync_in_worker_thread
    return await future
           ^^^^^^^^^^^^
  File "/Users/juliareinhart/anaconda3/lib/python3.11/site-packages/anyio/_backends/_asyncio.py", line 807, in run
    result = context.run(func, *args)
             ^^^^^^^^^^^^^^^^^^^^^^^^
  File "/Users/juliareinhart/anaconda3/lib/python3.11/site-packages/chromadb/server/fastapi/__init__.py", line 620, in process_create_collection
    return self._api.create_collection(
           ^^^^^^^^^^^^^^^^^^^^^^^^^^^^
  File "/Users/juliareinhart/anaconda3/lib/python3.11/site-packages/chromadb/telemetry/opentelemetry/__init__.py", line 143, in wrapper
    return f(*args, **kwargs)
           ^^^^^^^^^^^^^^^^^^
  File "/Users/juliareinhart/anaconda3/lib/python3.11/site-packages/chromadb/api/segment.py", line 173, in create_collection
    coll, created = self._sysdb.create_collection(
                    ^^^^^^^^^^^^^^^^^^^^^^^^^^^^^^
  File "/Users/juliareinhart/anaconda3/lib/python3.11/site-packages/chromadb/telemetry/opentelemetry/__init__.py", line 143, in wrapper
    return f(*args, **kwargs)
           ^^^^^^^^^^^^^^^^^^
  File "/Users/juliareinhart/anaconda3/lib/python3.11/site-packages/chromadb/db/mixins/sysdb.py", line 220, in create_collection
    raise UniqueConstraintError(f"Collection {name} already exists")
chromadb.db.base.UniqueConstraintError: Collection maintstar-docs already exists
[32mINFO[0m:     [06-07-2025 12:52:45] 127.0.0.1:53053 - "POST /api/v1/collections HTTP/1.1" 500
[32mINFO[0m:     [06-07-2025 12:52:46] 127.0.0.1:53053 - "GET /api/v1/collections HTTP/1.1" 200
[33mWARNING[0m:  [06-07-2025 12:52:46] Add of existing embedding ID: CH3 - Work Request and Portal.txt-chunk-0
[33mWARNING[0m:  [06-07-2025 12:52:46] Add of existing embedding ID: CH3 - Work Request and Portal.txt-chunk-1
[33mWARNING[0m:  [06-07-2025 12:52:46] Insert of existing embedding ID: CH3 - Work Request and Portal.txt-chunk-0
[33mWARNING[0m:  [06-07-2025 12:52:46] Insert of existing embedding ID: CH3 - Work Request and Portal.txt-chunk-1
[32mINFO[0m:     [06-07-2025 12:52:46] 127.0.0.1:53053 - "POST /api/v1/collections/06759ce4-e469-411b-abf9-124c05eb9bf1/add HTTP/1.1" 201
[32mINFO[0m:     [06-07-2025 12:52:46] 127.0.0.1:53053 - "GET /api/v1/collections HTTP/1.1" 200
[31mERROR[0m:    [06-07-2025 12:52:46] Collection maintstar-docs already exists
Traceback (most recent call last):
  File "/Users/juliareinhart/anaconda3/lib/python3.11/site-packages/anyio/streams/memory.py", line 98, in receive
    return self.receive_nowait()
           ^^^^^^^^^^^^^^^^^^^^^
  File "/Users/juliareinhart/anaconda3/lib/python3.11/site-packages/anyio/streams/memory.py", line 93, in receive_nowait
    raise WouldBlock
anyio.WouldBlock

During handling of the above exception, another exception occurred:

Traceback (most recent call last):
  File "/Users/juliareinhart/anaconda3/lib/python3.11/site-packages/starlette/middleware/base.py", line 148, in call_next
    message = await recv_stream.receive()
              ^^^^^^^^^^^^^^^^^^^^^^^^^^^
  File "/Users/juliareinhart/anaconda3/lib/python3.11/site-packages/anyio/streams/memory.py", line 118, in receive
    raise EndOfStream
anyio.EndOfStream

During handling of the above exception, another exception occurred:

Traceback (most recent call last):
  File "/Users/juliareinhart/anaconda3/lib/python3.11/site-packages/chromadb/server/fastapi/__init__.py", line 78, in catch_exceptions_middleware
    return await call_next(request)
           ^^^^^^^^^^^^^^^^^^^^^^^^
  File "/Users/juliareinhart/anaconda3/lib/python3.11/site-packages/starlette/middleware/base.py", line 156, in call_next
    raise app_exc
  File "/Users/juliareinhart/anaconda3/lib/python3.11/site-packages/starlette/middleware/base.py", line 141, in coro
    await self.app(scope, receive_or_disconnect, send_no_error)
  File "/Users/juliareinhart/anaconda3/lib/python3.11/site-packages/starlette/middleware/base.py", line 178, in __call__
    response = await self.dispatch_func(request, call_next)
               ^^^^^^^^^^^^^^^^^^^^^^^^^^^^^^^^^^^^^^^^^^^^
  File "/Users/juliareinhart/anaconda3/lib/python3.11/site-packages/chromadb/server/fastapi/__init__.py", line 92, in check_http_version_middleware
    return await call_next(request)
           ^^^^^^^^^^^^^^^^^^^^^^^^
  File "/Users/juliareinhart/anaconda3/lib/python3.11/site-packages/starlette/middleware/base.py", line 156, in call_next
    raise app_exc
  File "/Users/juliareinhart/anaconda3/lib/python3.11/site-packages/starlette/middleware/base.py", line 141, in coro
    await self.app(scope, receive_or_disconnect, send_no_error)
  File "/Users/juliareinhart/anaconda3/lib/python3.11/site-packages/starlette/middleware/exceptions.py", line 62, in __call__
    await wrap_app_handling_exceptions(self.app, conn)(scope, receive, send)
  File "/Users/juliareinhart/anaconda3/lib/python3.11/site-packages/starlette/_exception_handler.py", line 53, in wrapped_app
    raise exc
  File "/Users/juliareinhart/anaconda3/lib/python3.11/site-packages/starlette/_exception_handler.py", line 42, in wrapped_app
    await app(scope, receive, sender)
  File "/Users/juliareinhart/anaconda3/lib/python3.11/site-packages/starlette/routing.py", line 714, in __call__
    await self.middleware_stack(scope, receive, send)
  File "/Users/juliareinhart/anaconda3/lib/python3.11/site-packages/starlette/routing.py", line 734, in app
    await route.handle(scope, receive, send)
  File "/Users/juliareinhart/anaconda3/lib/python3.11/site-packages/starlette/routing.py", line 288, in handle
    await self.app(scope, receive, send)
  File "/Users/juliareinhart/anaconda3/lib/python3.11/site-packages/starlette/routing.py", line 76, in app
    await wrap_app_handling_exceptions(app, request)(scope, receive, send)
  File "/Users/juliareinhart/anaconda3/lib/python3.11/site-packages/starlette/_exception_handler.py", line 53, in wrapped_app
    raise exc
  File "/Users/juliareinhart/anaconda3/lib/python3.11/site-packages/starlette/_exception_handler.py", line 42, in wrapped_app
    await app(scope, receive, sender)
  File "/Users/juliareinhart/anaconda3/lib/python3.11/site-packages/starlette/routing.py", line 73, in app
    response = await f(request)
               ^^^^^^^^^^^^^^^^
  File "/Users/juliareinhart/anaconda3/lib/python3.11/site-packages/fastapi/routing.py", line 301, in app
    raw_response = await run_endpoint_function(
                   ^^^^^^^^^^^^^^^^^^^^^^^^^^^^
  File "/Users/juliareinhart/anaconda3/lib/python3.11/site-packages/fastapi/routing.py", line 212, in run_endpoint_function
    return await dependant.call(**values)
           ^^^^^^^^^^^^^^^^^^^^^^^^^^^^^^
  File "/Users/juliareinhart/anaconda3/lib/python3.11/site-packages/chromadb/telemetry/opentelemetry/__init__.py", line 130, in wrapper
    return await f(*args, **kwargs)
           ^^^^^^^^^^^^^^^^^^^^^^^^
  File "/Users/juliareinhart/anaconda3/lib/python3.11/site-packages/chromadb/server/fastapi/__init__.py", line 630, in create_collection
    await to_thread.run_sync(
  File "/Users/juliareinhart/anaconda3/lib/python3.11/site-packages/anyio/to_thread.py", line 33, in run_sync
    return await get_asynclib().run_sync_in_worker_thread(
           ^^^^^^^^^^^^^^^^^^^^^^^^^^^^^^^^^^^^^^^^^^^^^^^
  File "/Users/juliareinhart/anaconda3/lib/python3.11/site-packages/anyio/_backends/_asyncio.py", line 877, in run_sync_in_worker_thread
    return await future
           ^^^^^^^^^^^^
  File "/Users/juliareinhart/anaconda3/lib/python3.11/site-packages/anyio/_backends/_asyncio.py", line 807, in run
    result = context.run(func, *args)
             ^^^^^^^^^^^^^^^^^^^^^^^^
  File "/Users/juliareinhart/anaconda3/lib/python3.11/site-packages/chromadb/server/fastapi/__init__.py", line 620, in process_create_collection
    return self._api.create_collection(
           ^^^^^^^^^^^^^^^^^^^^^^^^^^^^
  File "/Users/juliareinhart/anaconda3/lib/python3.11/site-packages/chromadb/telemetry/opentelemetry/__init__.py", line 143, in wrapper
    return f(*args, **kwargs)
           ^^^^^^^^^^^^^^^^^^
  File "/Users/juliareinhart/anaconda3/lib/python3.11/site-packages/chromadb/api/segment.py", line 173, in create_collection
    coll, created = self._sysdb.create_collection(
                    ^^^^^^^^^^^^^^^^^^^^^^^^^^^^^^
  File "/Users/juliareinhart/anaconda3/lib/python3.11/site-packages/chromadb/telemetry/opentelemetry/__init__.py", line 143, in wrapper
    return f(*args, **kwargs)
           ^^^^^^^^^^^^^^^^^^
  File "/Users/juliareinhart/anaconda3/lib/python3.11/site-packages/chromadb/db/mixins/sysdb.py", line 220, in create_collection
    raise UniqueConstraintError(f"Collection {name} already exists")
chromadb.db.base.UniqueConstraintError: Collection maintstar-docs already exists
[32mINFO[0m:     [06-07-2025 12:52:46] 127.0.0.1:53053 - "POST /api/v1/collections HTTP/1.1" 500
[32mINFO[0m:     [06-07-2025 12:52:46] 127.0.0.1:53053 - "GET /api/v1/collections HTTP/1.1" 200
[33mWARNING[0m:  [06-07-2025 12:52:46] Add of existing embedding ID: CH4 - Notifications.txt-chunk-0
[33mWARNING[0m:  [06-07-2025 12:52:46] Insert of existing embedding ID: CH4 - Notifications.txt-chunk-0
[32mINFO[0m:     [06-07-2025 12:52:46] 127.0.0.1:53053 - "POST /api/v1/collections/06759ce4-e469-411b-abf9-124c05eb9bf1/add HTTP/1.1" 201
[32mINFO[0m:     [06-07-2025 12:52:46] 127.0.0.1:53053 - "GET /api/v1/collections HTTP/1.1" 200
[31mERROR[0m:    [06-07-2025 12:52:46] Collection maintstar-docs already exists
Traceback (most recent call last):
  File "/Users/juliareinhart/anaconda3/lib/python3.11/site-packages/anyio/streams/memory.py", line 98, in receive
    return self.receive_nowait()
           ^^^^^^^^^^^^^^^^^^^^^
  File "/Users/juliareinhart/anaconda3/lib/python3.11/site-packages/anyio/streams/memory.py", line 93, in receive_nowait
    raise WouldBlock
anyio.WouldBlock

During handling of the above exception, another exception occurred:

Traceback (most recent call last):
  File "/Users/juliareinhart/anaconda3/lib/python3.11/site-packages/starlette/middleware/base.py", line 148, in call_next
    message = await recv_stream.receive()
              ^^^^^^^^^^^^^^^^^^^^^^^^^^^
  File "/Users/juliareinhart/anaconda3/lib/python3.11/site-packages/anyio/streams/memory.py", line 118, in receive
    raise EndOfStream
anyio.EndOfStream

During handling of the above exception, another exception occurred:

Traceback (most recent call last):
  File "/Users/juliareinhart/anaconda3/lib/python3.11/site-packages/chromadb/server/fastapi/__init__.py", line 78, in catch_exceptions_middleware
    return await call_next(request)
           ^^^^^^^^^^^^^^^^^^^^^^^^
  File "/Users/juliareinhart/anaconda3/lib/python3.11/site-packages/starlette/middleware/base.py", line 156, in call_next
    raise app_exc
  File "/Users/juliareinhart/anaconda3/lib/python3.11/site-packages/starlette/middleware/base.py", line 141, in coro
    await self.app(scope, receive_or_disconnect, send_no_error)
  File "/Users/juliareinhart/anaconda3/lib/python3.11/site-packages/starlette/middleware/base.py", line 178, in __call__
    response = await self.dispatch_func(request, call_next)
               ^^^^^^^^^^^^^^^^^^^^^^^^^^^^^^^^^^^^^^^^^^^^
  File "/Users/juliareinhart/anaconda3/lib/python3.11/site-packages/chromadb/server/fastapi/__init__.py", line 92, in check_http_version_middleware
    return await call_next(request)
           ^^^^^^^^^^^^^^^^^^^^^^^^
  File "/Users/juliareinhart/anaconda3/lib/python3.11/site-packages/starlette/middleware/base.py", line 156, in call_next
    raise app_exc
  File "/Users/juliareinhart/anaconda3/lib/python3.11/site-packages/starlette/middleware/base.py", line 141, in coro
    await self.app(scope, receive_or_disconnect, send_no_error)
  File "/Users/juliareinhart/anaconda3/lib/python3.11/site-packages/starlette/middleware/exceptions.py", line 62, in __call__
    await wrap_app_handling_exceptions(self.app, conn)(scope, receive, send)
  File "/Users/juliareinhart/anaconda3/lib/python3.11/site-packages/starlette/_exception_handler.py", line 53, in wrapped_app
    raise exc
  File "/Users/juliareinhart/anaconda3/lib/python3.11/site-packages/starlette/_exception_handler.py", line 42, in wrapped_app
    await app(scope, receive, sender)
  File "/Users/juliareinhart/anaconda3/lib/python3.11/site-packages/starlette/routing.py", line 714, in __call__
    await self.middleware_stack(scope, receive, send)
  File "/Users/juliareinhart/anaconda3/lib/python3.11/site-packages/starlette/routing.py", line 734, in app
    await route.handle(scope, receive, send)
  File "/Users/juliareinhart/anaconda3/lib/python3.11/site-packages/starlette/routing.py", line 288, in handle
    await self.app(scope, receive, send)
  File "/Users/juliareinhart/anaconda3/lib/python3.11/site-packages/starlette/routing.py", line 76, in app
    await wrap_app_handling_exceptions(app, request)(scope, receive, send)
  File "/Users/juliareinhart/anaconda3/lib/python3.11/site-packages/starlette/_exception_handler.py", line 53, in wrapped_app
    raise exc
  File "/Users/juliareinhart/anaconda3/lib/python3.11/site-packages/starlette/_exception_handler.py", line 42, in wrapped_app
    await app(scope, receive, sender)
  File "/Users/juliareinhart/anaconda3/lib/python3.11/site-packages/starlette/routing.py", line 73, in app
    response = await f(request)
               ^^^^^^^^^^^^^^^^
  File "/Users/juliareinhart/anaconda3/lib/python3.11/site-packages/fastapi/routing.py", line 301, in app
    raw_response = await run_endpoint_function(
                   ^^^^^^^^^^^^^^^^^^^^^^^^^^^^
  File "/Users/juliareinhart/anaconda3/lib/python3.11/site-packages/fastapi/routing.py", line 212, in run_endpoint_function
    return await dependant.call(**values)
           ^^^^^^^^^^^^^^^^^^^^^^^^^^^^^^
  File "/Users/juliareinhart/anaconda3/lib/python3.11/site-packages/chromadb/telemetry/opentelemetry/__init__.py", line 130, in wrapper
    return await f(*args, **kwargs)
           ^^^^^^^^^^^^^^^^^^^^^^^^
  File "/Users/juliareinhart/anaconda3/lib/python3.11/site-packages/chromadb/server/fastapi/__init__.py", line 630, in create_collection
    await to_thread.run_sync(
  File "/Users/juliareinhart/anaconda3/lib/python3.11/site-packages/anyio/to_thread.py", line 33, in run_sync
    return await get_asynclib().run_sync_in_worker_thread(
           ^^^^^^^^^^^^^^^^^^^^^^^^^^^^^^^^^^^^^^^^^^^^^^^
  File "/Users/juliareinhart/anaconda3/lib/python3.11/site-packages/anyio/_backends/_asyncio.py", line 877, in run_sync_in_worker_thread
    return await future
           ^^^^^^^^^^^^
  File "/Users/juliareinhart/anaconda3/lib/python3.11/site-packages/anyio/_backends/_asyncio.py", line 807, in run
    result = context.run(func, *args)
             ^^^^^^^^^^^^^^^^^^^^^^^^
  File "/Users/juliareinhart/anaconda3/lib/python3.11/site-packages/chromadb/server/fastapi/__init__.py", line 620, in process_create_collection
    return self._api.create_collection(
           ^^^^^^^^^^^^^^^^^^^^^^^^^^^^
  File "/Users/juliareinhart/anaconda3/lib/python3.11/site-packages/chromadb/telemetry/opentelemetry/__init__.py", line 143, in wrapper
    return f(*args, **kwargs)
           ^^^^^^^^^^^^^^^^^^
  File "/Users/juliareinhart/anaconda3/lib/python3.11/site-packages/chromadb/api/segment.py", line 173, in create_collection
    coll, created = self._sysdb.create_collection(
                    ^^^^^^^^^^^^^^^^^^^^^^^^^^^^^^
  File "/Users/juliareinhart/anaconda3/lib/python3.11/site-packages/chromadb/telemetry/opentelemetry/__init__.py", line 143, in wrapper
    return f(*args, **kwargs)
           ^^^^^^^^^^^^^^^^^^
  File "/Users/juliareinhart/anaconda3/lib/python3.11/site-packages/chromadb/db/mixins/sysdb.py", line 220, in create_collection
    raise UniqueConstraintError(f"Collection {name} already exists")
chromadb.db.base.UniqueConstraintError: Collection maintstar-docs already exists
[32mINFO[0m:     [06-07-2025 12:52:46] 127.0.0.1:53053 - "POST /api/v1/collections HTTP/1.1" 500
[32mINFO[0m:     [06-07-2025 12:52:46] 127.0.0.1:53053 - "GET /api/v1/collections HTTP/1.1" 200
[33mWARNING[0m:  [06-07-2025 12:52:46] Add of existing embedding ID: CH5 - Assets.txt-chunk-0
[33mWARNING[0m:  [06-07-2025 12:52:46] Insert of existing embedding ID: CH5 - Assets.txt-chunk-0
[32mINFO[0m:     [06-07-2025 12:52:46] 127.0.0.1:53053 - "POST /api/v1/collections/06759ce4-e469-411b-abf9-124c05eb9bf1/add HTTP/1.1" 201
[32mINFO[0m:     [06-07-2025 12:52:46] 127.0.0.1:53053 - "GET /api/v1/collections HTTP/1.1" 200
[31mERROR[0m:    [06-07-2025 12:52:46] Collection maintstar-docs already exists
Traceback (most recent call last):
  File "/Users/juliareinhart/anaconda3/lib/python3.11/site-packages/anyio/streams/memory.py", line 98, in receive
    return self.receive_nowait()
           ^^^^^^^^^^^^^^^^^^^^^
  File "/Users/juliareinhart/anaconda3/lib/python3.11/site-packages/anyio/streams/memory.py", line 93, in receive_nowait
    raise WouldBlock
anyio.WouldBlock

During handling of the above exception, another exception occurred:

Traceback (most recent call last):
  File "/Users/juliareinhart/anaconda3/lib/python3.11/site-packages/starlette/middleware/base.py", line 148, in call_next
    message = await recv_stream.receive()
              ^^^^^^^^^^^^^^^^^^^^^^^^^^^
  File "/Users/juliareinhart/anaconda3/lib/python3.11/site-packages/anyio/streams/memory.py", line 118, in receive
    raise EndOfStream
anyio.EndOfStream

During handling of the above exception, another exception occurred:

Traceback (most recent call last):
  File "/Users/juliareinhart/anaconda3/lib/python3.11/site-packages/chromadb/server/fastapi/__init__.py", line 78, in catch_exceptions_middleware
    return await call_next(request)
           ^^^^^^^^^^^^^^^^^^^^^^^^
  File "/Users/juliareinhart/anaconda3/lib/python3.11/site-packages/starlette/middleware/base.py", line 156, in call_next
    raise app_exc
  File "/Users/juliareinhart/anaconda3/lib/python3.11/site-packages/starlette/middleware/base.py", line 141, in coro
    await self.app(scope, receive_or_disconnect, send_no_error)
  File "/Users/juliareinhart/anaconda3/lib/python3.11/site-packages/starlette/middleware/base.py", line 178, in __call__
    response = await self.dispatch_func(request, call_next)
               ^^^^^^^^^^^^^^^^^^^^^^^^^^^^^^^^^^^^^^^^^^^^
  File "/Users/juliareinhart/anaconda3/lib/python3.11/site-packages/chromadb/server/fastapi/__init__.py", line 92, in check_http_version_middleware
    return await call_next(request)
           ^^^^^^^^^^^^^^^^^^^^^^^^
  File "/Users/juliareinhart/anaconda3/lib/python3.11/site-packages/starlette/middleware/base.py", line 156, in call_next
    raise app_exc
  File "/Users/juliareinhart/anaconda3/lib/python3.11/site-packages/starlette/middleware/base.py", line 141, in coro
    await self.app(scope, receive_or_disconnect, send_no_error)
  File "/Users/juliareinhart/anaconda3/lib/python3.11/site-packages/starlette/middleware/exceptions.py", line 62, in __call__
    await wrap_app_handling_exceptions(self.app, conn)(scope, receive, send)
  File "/Users/juliareinhart/anaconda3/lib/python3.11/site-packages/starlette/_exception_handler.py", line 53, in wrapped_app
    raise exc
  File "/Users/juliareinhart/anaconda3/lib/python3.11/site-packages/starlette/_exception_handler.py", line 42, in wrapped_app
    await app(scope, receive, sender)
  File "/Users/juliareinhart/anaconda3/lib/python3.11/site-packages/starlette/routing.py", line 714, in __call__
    await self.middleware_stack(scope, receive, send)
  File "/Users/juliareinhart/anaconda3/lib/python3.11/site-packages/starlette/routing.py", line 734, in app
    await route.handle(scope, receive, send)
  File "/Users/juliareinhart/anaconda3/lib/python3.11/site-packages/starlette/routing.py", line 288, in handle
    await self.app(scope, receive, send)
  File "/Users/juliareinhart/anaconda3/lib/python3.11/site-packages/starlette/routing.py", line 76, in app
    await wrap_app_handling_exceptions(app, request)(scope, receive, send)
  File "/Users/juliareinhart/anaconda3/lib/python3.11/site-packages/starlette/_exception_handler.py", line 53, in wrapped_app
    raise exc
  File "/Users/juliareinhart/anaconda3/lib/python3.11/site-packages/starlette/_exception_handler.py", line 42, in wrapped_app
    await app(scope, receive, sender)
  File "/Users/juliareinhart/anaconda3/lib/python3.11/site-packages/starlette/routing.py", line 73, in app
    response = await f(request)
               ^^^^^^^^^^^^^^^^
  File "/Users/juliareinhart/anaconda3/lib/python3.11/site-packages/fastapi/routing.py", line 301, in app
    raw_response = await run_endpoint_function(
                   ^^^^^^^^^^^^^^^^^^^^^^^^^^^^
  File "/Users/juliareinhart/anaconda3/lib/python3.11/site-packages/fastapi/routing.py", line 212, in run_endpoint_function
    return await dependant.call(**values)
           ^^^^^^^^^^^^^^^^^^^^^^^^^^^^^^
  File "/Users/juliareinhart/anaconda3/lib/python3.11/site-packages/chromadb/telemetry/opentelemetry/__init__.py", line 130, in wrapper
    return await f(*args, **kwargs)
           ^^^^^^^^^^^^^^^^^^^^^^^^
  File "/Users/juliareinhart/anaconda3/lib/python3.11/site-packages/chromadb/server/fastapi/__init__.py", line 630, in create_collection
    await to_thread.run_sync(
  File "/Users/juliareinhart/anaconda3/lib/python3.11/site-packages/anyio/to_thread.py", line 33, in run_sync
    return await get_asynclib().run_sync_in_worker_thread(
           ^^^^^^^^^^^^^^^^^^^^^^^^^^^^^^^^^^^^^^^^^^^^^^^
  File "/Users/juliareinhart/anaconda3/lib/python3.11/site-packages/anyio/_backends/_asyncio.py", line 877, in run_sync_in_worker_thread
    return await future
           ^^^^^^^^^^^^
  File "/Users/juliareinhart/anaconda3/lib/python3.11/site-packages/anyio/_backends/_asyncio.py", line 807, in run
    result = context.run(func, *args)
             ^^^^^^^^^^^^^^^^^^^^^^^^
  File "/Users/juliareinhart/anaconda3/lib/python3.11/site-packages/chromadb/server/fastapi/__init__.py", line 620, in process_create_collection
    return self._api.create_collection(
           ^^^^^^^^^^^^^^^^^^^^^^^^^^^^
  File "/Users/juliareinhart/anaconda3/lib/python3.11/site-packages/chromadb/telemetry/opentelemetry/__init__.py", line 143, in wrapper
    return f(*args, **kwargs)
           ^^^^^^^^^^^^^^^^^^
  File "/Users/juliareinhart/anaconda3/lib/python3.11/site-packages/chromadb/api/segment.py", line 173, in create_collection
    coll, created = self._sysdb.create_collection(
                    ^^^^^^^^^^^^^^^^^^^^^^^^^^^^^^
  File "/Users/juliareinhart/anaconda3/lib/python3.11/site-packages/chromadb/telemetry/opentelemetry/__init__.py", line 143, in wrapper
    return f(*args, **kwargs)
           ^^^^^^^^^^^^^^^^^^
  File "/Users/juliareinhart/anaconda3/lib/python3.11/site-packages/chromadb/db/mixins/sysdb.py", line 220, in create_collection
    raise UniqueConstraintError(f"Collection {name} already exists")
chromadb.db.base.UniqueConstraintError: Collection maintstar-docs already exists
[32mINFO[0m:     [06-07-2025 12:52:46] 127.0.0.1:53053 - "POST /api/v1/collections HTTP/1.1" 500
[32mINFO[0m:     [06-07-2025 12:52:47] 127.0.0.1:53053 - "GET /api/v1/collections HTTP/1.1" 200
[33mWARNING[0m:  [06-07-2025 12:52:47] Add of existing embedding ID: CH5_2 - Asset Assessments.txt-chunk-0
[33mWARNING[0m:  [06-07-2025 12:52:47] Insert of existing embedding ID: CH5_2 - Asset Assessments.txt-chunk-0
[32mINFO[0m:     [06-07-2025 12:52:47] 127.0.0.1:53053 - "POST /api/v1/collections/06759ce4-e469-411b-abf9-124c05eb9bf1/add HTTP/1.1" 201
[32mINFO[0m:     [06-07-2025 12:52:47] 127.0.0.1:53053 - "GET /api/v1/collections HTTP/1.1" 200
[31mERROR[0m:    [06-07-2025 12:52:47] Collection maintstar-docs already exists
Traceback (most recent call last):
  File "/Users/juliareinhart/anaconda3/lib/python3.11/site-packages/anyio/streams/memory.py", line 98, in receive
    return self.receive_nowait()
           ^^^^^^^^^^^^^^^^^^^^^
  File "/Users/juliareinhart/anaconda3/lib/python3.11/site-packages/anyio/streams/memory.py", line 93, in receive_nowait
    raise WouldBlock
anyio.WouldBlock

During handling of the above exception, another exception occurred:

Traceback (most recent call last):
  File "/Users/juliareinhart/anaconda3/lib/python3.11/site-packages/starlette/middleware/base.py", line 148, in call_next
    message = await recv_stream.receive()
              ^^^^^^^^^^^^^^^^^^^^^^^^^^^
  File "/Users/juliareinhart/anaconda3/lib/python3.11/site-packages/anyio/streams/memory.py", line 118, in receive
    raise EndOfStream
anyio.EndOfStream

During handling of the above exception, another exception occurred:

Traceback (most recent call last):
  File "/Users/juliareinhart/anaconda3/lib/python3.11/site-packages/chromadb/server/fastapi/__init__.py", line 78, in catch_exceptions_middleware
    return await call_next(request)
           ^^^^^^^^^^^^^^^^^^^^^^^^
  File "/Users/juliareinhart/anaconda3/lib/python3.11/site-packages/starlette/middleware/base.py", line 156, in call_next
    raise app_exc
  File "/Users/juliareinhart/anaconda3/lib/python3.11/site-packages/starlette/middleware/base.py", line 141, in coro
    await self.app(scope, receive_or_disconnect, send_no_error)
  File "/Users/juliareinhart/anaconda3/lib/python3.11/site-packages/starlette/middleware/base.py", line 178, in __call__
    response = await self.dispatch_func(request, call_next)
               ^^^^^^^^^^^^^^^^^^^^^^^^^^^^^^^^^^^^^^^^^^^^
  File "/Users/juliareinhart/anaconda3/lib/python3.11/site-packages/chromadb/server/fastapi/__init__.py", line 92, in check_http_version_middleware
    return await call_next(request)
           ^^^^^^^^^^^^^^^^^^^^^^^^
  File "/Users/juliareinhart/anaconda3/lib/python3.11/site-packages/starlette/middleware/base.py", line 156, in call_next
    raise app_exc
  File "/Users/juliareinhart/anaconda3/lib/python3.11/site-packages/starlette/middleware/base.py", line 141, in coro
    await self.app(scope, receive_or_disconnect, send_no_error)
  File "/Users/juliareinhart/anaconda3/lib/python3.11/site-packages/starlette/middleware/exceptions.py", line 62, in __call__
    await wrap_app_handling_exceptions(self.app, conn)(scope, receive, send)
  File "/Users/juliareinhart/anaconda3/lib/python3.11/site-packages/starlette/_exception_handler.py", line 53, in wrapped_app
    raise exc
  File "/Users/juliareinhart/anaconda3/lib/python3.11/site-packages/starlette/_exception_handler.py", line 42, in wrapped_app
    await app(scope, receive, sender)
  File "/Users/juliareinhart/anaconda3/lib/python3.11/site-packages/starlette/routing.py", line 714, in __call__
    await self.middleware_stack(scope, receive, send)
  File "/Users/juliareinhart/anaconda3/lib/python3.11/site-packages/starlette/routing.py", line 734, in app
    await route.handle(scope, receive, send)
  File "/Users/juliareinhart/anaconda3/lib/python3.11/site-packages/starlette/routing.py", line 288, in handle
    await self.app(scope, receive, send)
  File "/Users/juliareinhart/anaconda3/lib/python3.11/site-packages/starlette/routing.py", line 76, in app
    await wrap_app_handling_exceptions(app, request)(scope, receive, send)
  File "/Users/juliareinhart/anaconda3/lib/python3.11/site-packages/starlette/_exception_handler.py", line 53, in wrapped_app
    raise exc
  File "/Users/juliareinhart/anaconda3/lib/python3.11/site-packages/starlette/_exception_handler.py", line 42, in wrapped_app
    await app(scope, receive, sender)
  File "/Users/juliareinhart/anaconda3/lib/python3.11/site-packages/starlette/routing.py", line 73, in app
    response = await f(request)
               ^^^^^^^^^^^^^^^^
  File "/Users/juliareinhart/anaconda3/lib/python3.11/site-packages/fastapi/routing.py", line 301, in app
    raw_response = await run_endpoint_function(
                   ^^^^^^^^^^^^^^^^^^^^^^^^^^^^
  File "/Users/juliareinhart/anaconda3/lib/python3.11/site-packages/fastapi/routing.py", line 212, in run_endpoint_function
    return await dependant.call(**values)
           ^^^^^^^^^^^^^^^^^^^^^^^^^^^^^^
  File "/Users/juliareinhart/anaconda3/lib/python3.11/site-packages/chromadb/telemetry/opentelemetry/__init__.py", line 130, in wrapper
    return await f(*args, **kwargs)
           ^^^^^^^^^^^^^^^^^^^^^^^^
  File "/Users/juliareinhart/anaconda3/lib/python3.11/site-packages/chromadb/server/fastapi/__init__.py", line 630, in create_collection
    await to_thread.run_sync(
  File "/Users/juliareinhart/anaconda3/lib/python3.11/site-packages/anyio/to_thread.py", line 33, in run_sync
    return await get_asynclib().run_sync_in_worker_thread(
           ^^^^^^^^^^^^^^^^^^^^^^^^^^^^^^^^^^^^^^^^^^^^^^^
  File "/Users/juliareinhart/anaconda3/lib/python3.11/site-packages/anyio/_backends/_asyncio.py", line 877, in run_sync_in_worker_thread
    return await future
           ^^^^^^^^^^^^
  File "/Users/juliareinhart/anaconda3/lib/python3.11/site-packages/anyio/_backends/_asyncio.py", line 807, in run
    result = context.run(func, *args)
             ^^^^^^^^^^^^^^^^^^^^^^^^
  File "/Users/juliareinhart/anaconda3/lib/python3.11/site-packages/chromadb/server/fastapi/__init__.py", line 620, in process_create_collection
    return self._api.create_collection(
           ^^^^^^^^^^^^^^^^^^^^^^^^^^^^
  File "/Users/juliareinhart/anaconda3/lib/python3.11/site-packages/chromadb/telemetry/opentelemetry/__init__.py", line 143, in wrapper
    return f(*args, **kwargs)
           ^^^^^^^^^^^^^^^^^^
  File "/Users/juliareinhart/anaconda3/lib/python3.11/site-packages/chromadb/api/segment.py", line 173, in create_collection
    coll, created = self._sysdb.create_collection(
                    ^^^^^^^^^^^^^^^^^^^^^^^^^^^^^^
  File "/Users/juliareinhart/anaconda3/lib/python3.11/site-packages/chromadb/telemetry/opentelemetry/__init__.py", line 143, in wrapper
    return f(*args, **kwargs)
           ^^^^^^^^^^^^^^^^^^
  File "/Users/juliareinhart/anaconda3/lib/python3.11/site-packages/chromadb/db/mixins/sysdb.py", line 220, in create_collection
    raise UniqueConstraintError(f"Collection {name} already exists")
chromadb.db.base.UniqueConstraintError: Collection maintstar-docs already exists
[32mINFO[0m:     [06-07-2025 12:52:47] 127.0.0.1:53053 - "POST /api/v1/collections HTTP/1.1" 500
[32mINFO[0m:     [06-07-2025 12:52:47] 127.0.0.1:53053 - "GET /api/v1/collections HTTP/1.1" 200
[33mWARNING[0m:  [06-07-2025 12:52:47] Add of existing embedding ID: CH5_3 - Asset Acquisitions.txt-chunk-0
[33mWARNING[0m:  [06-07-2025 12:52:47] Insert of existing embedding ID: CH5_3 - Asset Acquisitions.txt-chunk-0
[32mINFO[0m:     [06-07-2025 12:52:47] 127.0.0.1:53053 - "POST /api/v1/collections/06759ce4-e469-411b-abf9-124c05eb9bf1/add HTTP/1.1" 201
[32mINFO[0m:     [06-07-2025 12:52:47] 127.0.0.1:53053 - "GET /api/v1/collections HTTP/1.1" 200
[31mERROR[0m:    [06-07-2025 12:52:47] Collection maintstar-docs already exists
Traceback (most recent call last):
  File "/Users/juliareinhart/anaconda3/lib/python3.11/site-packages/anyio/streams/memory.py", line 98, in receive
    return self.receive_nowait()
           ^^^^^^^^^^^^^^^^^^^^^
  File "/Users/juliareinhart/anaconda3/lib/python3.11/site-packages/anyio/streams/memory.py", line 93, in receive_nowait
    raise WouldBlock
anyio.WouldBlock

During handling of the above exception, another exception occurred:

Traceback (most recent call last):
  File "/Users/juliareinhart/anaconda3/lib/python3.11/site-packages/starlette/middleware/base.py", line 148, in call_next
    message = await recv_stream.receive()
              ^^^^^^^^^^^^^^^^^^^^^^^^^^^
  File "/Users/juliareinhart/anaconda3/lib/python3.11/site-packages/anyio/streams/memory.py", line 118, in receive
    raise EndOfStream
anyio.EndOfStream

During handling of the above exception, another exception occurred:

Traceback (most recent call last):
  File "/Users/juliareinhart/anaconda3/lib/python3.11/site-packages/chromadb/server/fastapi/__init__.py", line 78, in catch_exceptions_middleware
    return await call_next(request)
           ^^^^^^^^^^^^^^^^^^^^^^^^
  File "/Users/juliareinhart/anaconda3/lib/python3.11/site-packages/starlette/middleware/base.py", line 156, in call_next
    raise app_exc
  File "/Users/juliareinhart/anaconda3/lib/python3.11/site-packages/starlette/middleware/base.py", line 141, in coro
    await self.app(scope, receive_or_disconnect, send_no_error)
  File "/Users/juliareinhart/anaconda3/lib/python3.11/site-packages/starlette/middleware/base.py", line 178, in __call__
    response = await self.dispatch_func(request, call_next)
               ^^^^^^^^^^^^^^^^^^^^^^^^^^^^^^^^^^^^^^^^^^^^
  File "/Users/juliareinhart/anaconda3/lib/python3.11/site-packages/chromadb/server/fastapi/__init__.py", line 92, in check_http_version_middleware
    return await call_next(request)
           ^^^^^^^^^^^^^^^^^^^^^^^^
  File "/Users/juliareinhart/anaconda3/lib/python3.11/site-packages/starlette/middleware/base.py", line 156, in call_next
    raise app_exc
  File "/Users/juliareinhart/anaconda3/lib/python3.11/site-packages/starlette/middleware/base.py", line 141, in coro
    await self.app(scope, receive_or_disconnect, send_no_error)
  File "/Users/juliareinhart/anaconda3/lib/python3.11/site-packages/starlette/middleware/exceptions.py", line 62, in __call__
    await wrap_app_handling_exceptions(self.app, conn)(scope, receive, send)
  File "/Users/juliareinhart/anaconda3/lib/python3.11/site-packages/starlette/_exception_handler.py", line 53, in wrapped_app
    raise exc
  File "/Users/juliareinhart/anaconda3/lib/python3.11/site-packages/starlette/_exception_handler.py", line 42, in wrapped_app
    await app(scope, receive, sender)
  File "/Users/juliareinhart/anaconda3/lib/python3.11/site-packages/starlette/routing.py", line 714, in __call__
    await self.middleware_stack(scope, receive, send)
  File "/Users/juliareinhart/anaconda3/lib/python3.11/site-packages/starlette/routing.py", line 734, in app
    await route.handle(scope, receive, send)
  File "/Users/juliareinhart/anaconda3/lib/python3.11/site-packages/starlette/routing.py", line 288, in handle
    await self.app(scope, receive, send)
  File "/Users/juliareinhart/anaconda3/lib/python3.11/site-packages/starlette/routing.py", line 76, in app
    await wrap_app_handling_exceptions(app, request)(scope, receive, send)
  File "/Users/juliareinhart/anaconda3/lib/python3.11/site-packages/starlette/_exception_handler.py", line 53, in wrapped_app
    raise exc
  File "/Users/juliareinhart/anaconda3/lib/python3.11/site-packages/starlette/_exception_handler.py", line 42, in wrapped_app
    await app(scope, receive, sender)
  File "/Users/juliareinhart/anaconda3/lib/python3.11/site-packages/starlette/routing.py", line 73, in app
    response = await f(request)
               ^^^^^^^^^^^^^^^^
  File "/Users/juliareinhart/anaconda3/lib/python3.11/site-packages/fastapi/routing.py", line 301, in app
    raw_response = await run_endpoint_function(
                   ^^^^^^^^^^^^^^^^^^^^^^^^^^^^
  File "/Users/juliareinhart/anaconda3/lib/python3.11/site-packages/fastapi/routing.py", line 212, in run_endpoint_function
    return await dependant.call(**values)
           ^^^^^^^^^^^^^^^^^^^^^^^^^^^^^^
  File "/Users/juliareinhart/anaconda3/lib/python3.11/site-packages/chromadb/telemetry/opentelemetry/__init__.py", line 130, in wrapper
    return await f(*args, **kwargs)
           ^^^^^^^^^^^^^^^^^^^^^^^^
  File "/Users/juliareinhart/anaconda3/lib/python3.11/site-packages/chromadb/server/fastapi/__init__.py", line 630, in create_collection
    await to_thread.run_sync(
  File "/Users/juliareinhart/anaconda3/lib/python3.11/site-packages/anyio/to_thread.py", line 33, in run_sync
    return await get_asynclib().run_sync_in_worker_thread(
           ^^^^^^^^^^^^^^^^^^^^^^^^^^^^^^^^^^^^^^^^^^^^^^^
  File "/Users/juliareinhart/anaconda3/lib/python3.11/site-packages/anyio/_backends/_asyncio.py", line 877, in run_sync_in_worker_thread
    return await future
           ^^^^^^^^^^^^
  File "/Users/juliareinhart/anaconda3/lib/python3.11/site-packages/anyio/_backends/_asyncio.py", line 807, in run
    result = context.run(func, *args)
             ^^^^^^^^^^^^^^^^^^^^^^^^
  File "/Users/juliareinhart/anaconda3/lib/python3.11/site-packages/chromadb/server/fastapi/__init__.py", line 620, in process_create_collection
    return self._api.create_collection(
           ^^^^^^^^^^^^^^^^^^^^^^^^^^^^
  File "/Users/juliareinhart/anaconda3/lib/python3.11/site-packages/chromadb/telemetry/opentelemetry/__init__.py", line 143, in wrapper
    return f(*args, **kwargs)
           ^^^^^^^^^^^^^^^^^^
  File "/Users/juliareinhart/anaconda3/lib/python3.11/site-packages/chromadb/api/segment.py", line 173, in create_collection
    coll, created = self._sysdb.create_collection(
                    ^^^^^^^^^^^^^^^^^^^^^^^^^^^^^^
  File "/Users/juliareinhart/anaconda3/lib/python3.11/site-packages/chromadb/telemetry/opentelemetry/__init__.py", line 143, in wrapper
    return f(*args, **kwargs)
           ^^^^^^^^^^^^^^^^^^
  File "/Users/juliareinhart/anaconda3/lib/python3.11/site-packages/chromadb/db/mixins/sysdb.py", line 220, in create_collection
    raise UniqueConstraintError(f"Collection {name} already exists")
chromadb.db.base.UniqueConstraintError: Collection maintstar-docs already exists
[32mINFO[0m:     [06-07-2025 12:52:47] 127.0.0.1:53053 - "POST /api/v1/collections HTTP/1.1" 500
[32mINFO[0m:     [06-07-2025 12:52:47] 127.0.0.1:53053 - "GET /api/v1/collections HTTP/1.1" 200
[33mWARNING[0m:  [06-07-2025 12:52:47] Add of existing embedding ID: CH5_4 - Asset Disposals.txt-chunk-0
[33mWARNING[0m:  [06-07-2025 12:52:47] Insert of existing embedding ID: CH5_4 - Asset Disposals.txt-chunk-0
[32mINFO[0m:     [06-07-2025 12:52:47] 127.0.0.1:53053 - "POST /api/v1/collections/06759ce4-e469-411b-abf9-124c05eb9bf1/add HTTP/1.1" 201
[32mINFO[0m:     [06-07-2025 12:52:47] 127.0.0.1:53053 - "GET /api/v1/collections HTTP/1.1" 200
[31mERROR[0m:    [06-07-2025 12:52:47] Collection maintstar-docs already exists
Traceback (most recent call last):
  File "/Users/juliareinhart/anaconda3/lib/python3.11/site-packages/anyio/streams/memory.py", line 98, in receive
    return self.receive_nowait()
           ^^^^^^^^^^^^^^^^^^^^^
  File "/Users/juliareinhart/anaconda3/lib/python3.11/site-packages/anyio/streams/memory.py", line 93, in receive_nowait
    raise WouldBlock
anyio.WouldBlock

During handling of the above exception, another exception occurred:

Traceback (most recent call last):
  File "/Users/juliareinhart/anaconda3/lib/python3.11/site-packages/starlette/middleware/base.py", line 148, in call_next
    message = await recv_stream.receive()
              ^^^^^^^^^^^^^^^^^^^^^^^^^^^
  File "/Users/juliareinhart/anaconda3/lib/python3.11/site-packages/anyio/streams/memory.py", line 118, in receive
    raise EndOfStream
anyio.EndOfStream

During handling of the above exception, another exception occurred:

Traceback (most recent call last):
  File "/Users/juliareinhart/anaconda3/lib/python3.11/site-packages/chromadb/server/fastapi/__init__.py", line 78, in catch_exceptions_middleware
    return await call_next(request)
           ^^^^^^^^^^^^^^^^^^^^^^^^
  File "/Users/juliareinhart/anaconda3/lib/python3.11/site-packages/starlette/middleware/base.py", line 156, in call_next
    raise app_exc
  File "/Users/juliareinhart/anaconda3/lib/python3.11/site-packages/starlette/middleware/base.py", line 141, in coro
    await self.app(scope, receive_or_disconnect, send_no_error)
  File "/Users/juliareinhart/anaconda3/lib/python3.11/site-packages/starlette/middleware/base.py", line 178, in __call__
    response = await self.dispatch_func(request, call_next)
               ^^^^^^^^^^^^^^^^^^^^^^^^^^^^^^^^^^^^^^^^^^^^
  File "/Users/juliareinhart/anaconda3/lib/python3.11/site-packages/chromadb/server/fastapi/__init__.py", line 92, in check_http_version_middleware
    return await call_next(request)
           ^^^^^^^^^^^^^^^^^^^^^^^^
  File "/Users/juliareinhart/anaconda3/lib/python3.11/site-packages/starlette/middleware/base.py", line 156, in call_next
    raise app_exc
  File "/Users/juliareinhart/anaconda3/lib/python3.11/site-packages/starlette/middleware/base.py", line 141, in coro
    await self.app(scope, receive_or_disconnect, send_no_error)
  File "/Users/juliareinhart/anaconda3/lib/python3.11/site-packages/starlette/middleware/exceptions.py", line 62, in __call__
    await wrap_app_handling_exceptions(self.app, conn)(scope, receive, send)
  File "/Users/juliareinhart/anaconda3/lib/python3.11/site-packages/starlette/_exception_handler.py", line 53, in wrapped_app
    raise exc
  File "/Users/juliareinhart/anaconda3/lib/python3.11/site-packages/starlette/_exception_handler.py", line 42, in wrapped_app
    await app(scope, receive, sender)
  File "/Users/juliareinhart/anaconda3/lib/python3.11/site-packages/starlette/routing.py", line 714, in __call__
    await self.middleware_stack(scope, receive, send)
  File "/Users/juliareinhart/anaconda3/lib/python3.11/site-packages/starlette/routing.py", line 734, in app
    await route.handle(scope, receive, send)
  File "/Users/juliareinhart/anaconda3/lib/python3.11/site-packages/starlette/routing.py", line 288, in handle
    await self.app(scope, receive, send)
  File "/Users/juliareinhart/anaconda3/lib/python3.11/site-packages/starlette/routing.py", line 76, in app
    await wrap_app_handling_exceptions(app, request)(scope, receive, send)
  File "/Users/juliareinhart/anaconda3/lib/python3.11/site-packages/starlette/_exception_handler.py", line 53, in wrapped_app
    raise exc
  File "/Users/juliareinhart/anaconda3/lib/python3.11/site-packages/starlette/_exception_handler.py", line 42, in wrapped_app
    await app(scope, receive, sender)
  File "/Users/juliareinhart/anaconda3/lib/python3.11/site-packages/starlette/routing.py", line 73, in app
    response = await f(request)
               ^^^^^^^^^^^^^^^^
  File "/Users/juliareinhart/anaconda3/lib/python3.11/site-packages/fastapi/routing.py", line 301, in app
    raw_response = await run_endpoint_function(
                   ^^^^^^^^^^^^^^^^^^^^^^^^^^^^
  File "/Users/juliareinhart/anaconda3/lib/python3.11/site-packages/fastapi/routing.py", line 212, in run_endpoint_function
    return await dependant.call(**values)
           ^^^^^^^^^^^^^^^^^^^^^^^^^^^^^^
  File "/Users/juliareinhart/anaconda3/lib/python3.11/site-packages/chromadb/telemetry/opentelemetry/__init__.py", line 130, in wrapper
    return await f(*args, **kwargs)
           ^^^^^^^^^^^^^^^^^^^^^^^^
  File "/Users/juliareinhart/anaconda3/lib/python3.11/site-packages/chromadb/server/fastapi/__init__.py", line 630, in create_collection
    await to_thread.run_sync(
  File "/Users/juliareinhart/anaconda3/lib/python3.11/site-packages/anyio/to_thread.py", line 33, in run_sync
    return await get_asynclib().run_sync_in_worker_thread(
           ^^^^^^^^^^^^^^^^^^^^^^^^^^^^^^^^^^^^^^^^^^^^^^^
  File "/Users/juliareinhart/anaconda3/lib/python3.11/site-packages/anyio/_backends/_asyncio.py", line 877, in run_sync_in_worker_thread
    return await future
           ^^^^^^^^^^^^
  File "/Users/juliareinhart/anaconda3/lib/python3.11/site-packages/anyio/_backends/_asyncio.py", line 807, in run
    result = context.run(func, *args)
             ^^^^^^^^^^^^^^^^^^^^^^^^
  File "/Users/juliareinhart/anaconda3/lib/python3.11/site-packages/chromadb/server/fastapi/__init__.py", line 620, in process_create_collection
    return self._api.create_collection(
           ^^^^^^^^^^^^^^^^^^^^^^^^^^^^
  File "/Users/juliareinhart/anaconda3/lib/python3.11/site-packages/chromadb/telemetry/opentelemetry/__init__.py", line 143, in wrapper
    return f(*args, **kwargs)
           ^^^^^^^^^^^^^^^^^^
  File "/Users/juliareinhart/anaconda3/lib/python3.11/site-packages/chromadb/api/segment.py", line 173, in create_collection
    coll, created = self._sysdb.create_collection(
                    ^^^^^^^^^^^^^^^^^^^^^^^^^^^^^^
  File "/Users/juliareinhart/anaconda3/lib/python3.11/site-packages/chromadb/telemetry/opentelemetry/__init__.py", line 143, in wrapper
    return f(*args, **kwargs)
           ^^^^^^^^^^^^^^^^^^
  File "/Users/juliareinhart/anaconda3/lib/python3.11/site-packages/chromadb/db/mixins/sysdb.py", line 220, in create_collection
    raise UniqueConstraintError(f"Collection {name} already exists")
chromadb.db.base.UniqueConstraintError: Collection maintstar-docs already exists
[32mINFO[0m:     [06-07-2025 12:52:47] 127.0.0.1:53053 - "POST /api/v1/collections HTTP/1.1" 500
[32mINFO[0m:     [06-07-2025 12:52:47] 127.0.0.1:53053 - "GET /api/v1/collections HTTP/1.1" 200
[33mWARNING[0m:  [06-07-2025 12:52:47] Add of existing embedding ID: CH5_5 - Asset Deficiencies.txt-chunk-0
[33mWARNING[0m:  [06-07-2025 12:52:47] Insert of existing embedding ID: CH5_5 - Asset Deficiencies.txt-chunk-0
[32mINFO[0m:     [06-07-2025 12:52:47] 127.0.0.1:53053 - "POST /api/v1/collections/06759ce4-e469-411b-abf9-124c05eb9bf1/add HTTP/1.1" 201
[32mINFO[0m:     [06-07-2025 12:52:47] 127.0.0.1:53053 - "GET /api/v1/collections HTTP/1.1" 200
[31mERROR[0m:    [06-07-2025 12:52:47] Collection maintstar-docs already exists
Traceback (most recent call last):
  File "/Users/juliareinhart/anaconda3/lib/python3.11/site-packages/anyio/streams/memory.py", line 98, in receive
    return self.receive_nowait()
           ^^^^^^^^^^^^^^^^^^^^^
  File "/Users/juliareinhart/anaconda3/lib/python3.11/site-packages/anyio/streams/memory.py", line 93, in receive_nowait
    raise WouldBlock
anyio.WouldBlock

During handling of the above exception, another exception occurred:

Traceback (most recent call last):
  File "/Users/juliareinhart/anaconda3/lib/python3.11/site-packages/starlette/middleware/base.py", line 148, in call_next
    message = await recv_stream.receive()
              ^^^^^^^^^^^^^^^^^^^^^^^^^^^
  File "/Users/juliareinhart/anaconda3/lib/python3.11/site-packages/anyio/streams/memory.py", line 118, in receive
    raise EndOfStream
anyio.EndOfStream

During handling of the above exception, another exception occurred:

Traceback (most recent call last):
  File "/Users/juliareinhart/anaconda3/lib/python3.11/site-packages/chromadb/server/fastapi/__init__.py", line 78, in catch_exceptions_middleware
    return await call_next(request)
           ^^^^^^^^^^^^^^^^^^^^^^^^
  File "/Users/juliareinhart/anaconda3/lib/python3.11/site-packages/starlette/middleware/base.py", line 156, in call_next
    raise app_exc
  File "/Users/juliareinhart/anaconda3/lib/python3.11/site-packages/starlette/middleware/base.py", line 141, in coro
    await self.app(scope, receive_or_disconnect, send_no_error)
  File "/Users/juliareinhart/anaconda3/lib/python3.11/site-packages/starlette/middleware/base.py", line 178, in __call__
    response = await self.dispatch_func(request, call_next)
               ^^^^^^^^^^^^^^^^^^^^^^^^^^^^^^^^^^^^^^^^^^^^
  File "/Users/juliareinhart/anaconda3/lib/python3.11/site-packages/chromadb/server/fastapi/__init__.py", line 92, in check_http_version_middleware
    return await call_next(request)
           ^^^^^^^^^^^^^^^^^^^^^^^^
  File "/Users/juliareinhart/anaconda3/lib/python3.11/site-packages/starlette/middleware/base.py", line 156, in call_next
    raise app_exc
  File "/Users/juliareinhart/anaconda3/lib/python3.11/site-packages/starlette/middleware/base.py", line 141, in coro
    await self.app(scope, receive_or_disconnect, send_no_error)
  File "/Users/juliareinhart/anaconda3/lib/python3.11/site-packages/starlette/middleware/exceptions.py", line 62, in __call__
    await wrap_app_handling_exceptions(self.app, conn)(scope, receive, send)
  File "/Users/juliareinhart/anaconda3/lib/python3.11/site-packages/starlette/_exception_handler.py", line 53, in wrapped_app
    raise exc
  File "/Users/juliareinhart/anaconda3/lib/python3.11/site-packages/starlette/_exception_handler.py", line 42, in wrapped_app
    await app(scope, receive, sender)
  File "/Users/juliareinhart/anaconda3/lib/python3.11/site-packages/starlette/routing.py", line 714, in __call__
    await self.middleware_stack(scope, receive, send)
  File "/Users/juliareinhart/anaconda3/lib/python3.11/site-packages/starlette/routing.py", line 734, in app
    await route.handle(scope, receive, send)
  File "/Users/juliareinhart/anaconda3/lib/python3.11/site-packages/starlette/routing.py", line 288, in handle
    await self.app(scope, receive, send)
  File "/Users/juliareinhart/anaconda3/lib/python3.11/site-packages/starlette/routing.py", line 76, in app
    await wrap_app_handling_exceptions(app, request)(scope, receive, send)
  File "/Users/juliareinhart/anaconda3/lib/python3.11/site-packages/starlette/_exception_handler.py", line 53, in wrapped_app
    raise exc
  File "/Users/juliareinhart/anaconda3/lib/python3.11/site-packages/starlette/_exception_handler.py", line 42, in wrapped_app
    await app(scope, receive, sender)
  File "/Users/juliareinhart/anaconda3/lib/python3.11/site-packages/starlette/routing.py", line 73, in app
    response = await f(request)
               ^^^^^^^^^^^^^^^^
  File "/Users/juliareinhart/anaconda3/lib/python3.11/site-packages/fastapi/routing.py", line 301, in app
    raw_response = await run_endpoint_function(
                   ^^^^^^^^^^^^^^^^^^^^^^^^^^^^
  File "/Users/juliareinhart/anaconda3/lib/python3.11/site-packages/fastapi/routing.py", line 212, in run_endpoint_function
    return await dependant.call(**values)
           ^^^^^^^^^^^^^^^^^^^^^^^^^^^^^^
  File "/Users/juliareinhart/anaconda3/lib/python3.11/site-packages/chromadb/telemetry/opentelemetry/__init__.py", line 130, in wrapper
    return await f(*args, **kwargs)
           ^^^^^^^^^^^^^^^^^^^^^^^^
  File "/Users/juliareinhart/anaconda3/lib/python3.11/site-packages/chromadb/server/fastapi/__init__.py", line 630, in create_collection
    await to_thread.run_sync(
  File "/Users/juliareinhart/anaconda3/lib/python3.11/site-packages/anyio/to_thread.py", line 33, in run_sync
    return await get_asynclib().run_sync_in_worker_thread(
           ^^^^^^^^^^^^^^^^^^^^^^^^^^^^^^^^^^^^^^^^^^^^^^^
  File "/Users/juliareinhart/anaconda3/lib/python3.11/site-packages/anyio/_backends/_asyncio.py", line 877, in run_sync_in_worker_thread
    return await future
           ^^^^^^^^^^^^
  File "/Users/juliareinhart/anaconda3/lib/python3.11/site-packages/anyio/_backends/_asyncio.py", line 807, in run
    result = context.run(func, *args)
             ^^^^^^^^^^^^^^^^^^^^^^^^
  File "/Users/juliareinhart/anaconda3/lib/python3.11/site-packages/chromadb/server/fastapi/__init__.py", line 620, in process_create_collection
    return self._api.create_collection(
           ^^^^^^^^^^^^^^^^^^^^^^^^^^^^
  File "/Users/juliareinhart/anaconda3/lib/python3.11/site-packages/chromadb/telemetry/opentelemetry/__init__.py", line 143, in wrapper
    return f(*args, **kwargs)
           ^^^^^^^^^^^^^^^^^^
  File "/Users/juliareinhart/anaconda3/lib/python3.11/site-packages/chromadb/api/segment.py", line 173, in create_collection
    coll, created = self._sysdb.create_collection(
                    ^^^^^^^^^^^^^^^^^^^^^^^^^^^^^^
  File "/Users/juliareinhart/anaconda3/lib/python3.11/site-packages/chromadb/telemetry/opentelemetry/__init__.py", line 143, in wrapper
    return f(*args, **kwargs)
           ^^^^^^^^^^^^^^^^^^
  File "/Users/juliareinhart/anaconda3/lib/python3.11/site-packages/chromadb/db/mixins/sysdb.py", line 220, in create_collection
    raise UniqueConstraintError(f"Collection {name} already exists")
chromadb.db.base.UniqueConstraintError: Collection maintstar-docs already exists
[32mINFO[0m:     [06-07-2025 12:52:47] 127.0.0.1:53053 - "POST /api/v1/collections HTTP/1.1" 500
[32mINFO[0m:     [06-07-2025 12:52:48] 127.0.0.1:53053 - "GET /api/v1/collections HTTP/1.1" 200
[33mWARNING[0m:  [06-07-2025 12:52:48] Add of existing embedding ID: CH6 - Mobile Work Order.txt-chunk-0
[33mWARNING[0m:  [06-07-2025 12:52:48] Add of existing embedding ID: CH6 - Mobile Work Order.txt-chunk-1
[33mWARNING[0m:  [06-07-2025 12:52:48] Add of existing embedding ID: CH6 - Mobile Work Order.txt-chunk-2
[33mWARNING[0m:  [06-07-2025 12:52:48] Insert of existing embedding ID: CH6 - Mobile Work Order.txt-chunk-0
[33mWARNING[0m:  [06-07-2025 12:52:48] Insert of existing embedding ID: CH6 - Mobile Work Order.txt-chunk-1
[33mWARNING[0m:  [06-07-2025 12:52:48] Insert of existing embedding ID: CH6 - Mobile Work Order.txt-chunk-2
[32mINFO[0m:     [06-07-2025 12:52:48] 127.0.0.1:53053 - "POST /api/v1/collections/06759ce4-e469-411b-abf9-124c05eb9bf1/add HTTP/1.1" 201
[32mINFO[0m:     [06-07-2025 12:52:48] 127.0.0.1:53053 - "GET /api/v1/collections HTTP/1.1" 200
[31mERROR[0m:    [06-07-2025 12:52:48] Collection maintstar-docs already exists
Traceback (most recent call last):
  File "/Users/juliareinhart/anaconda3/lib/python3.11/site-packages/anyio/streams/memory.py", line 98, in receive
    return self.receive_nowait()
           ^^^^^^^^^^^^^^^^^^^^^
  File "/Users/juliareinhart/anaconda3/lib/python3.11/site-packages/anyio/streams/memory.py", line 93, in receive_nowait
    raise WouldBlock
anyio.WouldBlock

During handling of the above exception, another exception occurred:

Traceback (most recent call last):
  File "/Users/juliareinhart/anaconda3/lib/python3.11/site-packages/starlette/middleware/base.py", line 148, in call_next
    message = await recv_stream.receive()
              ^^^^^^^^^^^^^^^^^^^^^^^^^^^
  File "/Users/juliareinhart/anaconda3/lib/python3.11/site-packages/anyio/streams/memory.py", line 118, in receive
    raise EndOfStream
anyio.EndOfStream

During handling of the above exception, another exception occurred:

Traceback (most recent call last):
  File "/Users/juliareinhart/anaconda3/lib/python3.11/site-packages/chromadb/server/fastapi/__init__.py", line 78, in catch_exceptions_middleware
    return await call_next(request)
           ^^^^^^^^^^^^^^^^^^^^^^^^
  File "/Users/juliareinhart/anaconda3/lib/python3.11/site-packages/starlette/middleware/base.py", line 156, in call_next
    raise app_exc
  File "/Users/juliareinhart/anaconda3/lib/python3.11/site-packages/starlette/middleware/base.py", line 141, in coro
    await self.app(scope, receive_or_disconnect, send_no_error)
  File "/Users/juliareinhart/anaconda3/lib/python3.11/site-packages/starlette/middleware/base.py", line 178, in __call__
    response = await self.dispatch_func(request, call_next)
               ^^^^^^^^^^^^^^^^^^^^^^^^^^^^^^^^^^^^^^^^^^^^
  File "/Users/juliareinhart/anaconda3/lib/python3.11/site-packages/chromadb/server/fastapi/__init__.py", line 92, in check_http_version_middleware
    return await call_next(request)
           ^^^^^^^^^^^^^^^^^^^^^^^^
  File "/Users/juliareinhart/anaconda3/lib/python3.11/site-packages/starlette/middleware/base.py", line 156, in call_next
    raise app_exc
  File "/Users/juliareinhart/anaconda3/lib/python3.11/site-packages/starlette/middleware/base.py", line 141, in coro
    await self.app(scope, receive_or_disconnect, send_no_error)
  File "/Users/juliareinhart/anaconda3/lib/python3.11/site-packages/starlette/middleware/exceptions.py", line 62, in __call__
    await wrap_app_handling_exceptions(self.app, conn)(scope, receive, send)
  File "/Users/juliareinhart/anaconda3/lib/python3.11/site-packages/starlette/_exception_handler.py", line 53, in wrapped_app
    raise exc
  File "/Users/juliareinhart/anaconda3/lib/python3.11/site-packages/starlette/_exception_handler.py", line 42, in wrapped_app
    await app(scope, receive, sender)
  File "/Users/juliareinhart/anaconda3/lib/python3.11/site-packages/starlette/routing.py", line 714, in __call__
    await self.middleware_stack(scope, receive, send)
  File "/Users/juliareinhart/anaconda3/lib/python3.11/site-packages/starlette/routing.py", line 734, in app
    await route.handle(scope, receive, send)
  File "/Users/juliareinhart/anaconda3/lib/python3.11/site-packages/starlette/routing.py", line 288, in handle
    await self.app(scope, receive, send)
  File "/Users/juliareinhart/anaconda3/lib/python3.11/site-packages/starlette/routing.py", line 76, in app
    await wrap_app_handling_exceptions(app, request)(scope, receive, send)
  File "/Users/juliareinhart/anaconda3/lib/python3.11/site-packages/starlette/_exception_handler.py", line 53, in wrapped_app
    raise exc
  File "/Users/juliareinhart/anaconda3/lib/python3.11/site-packages/starlette/_exception_handler.py", line 42, in wrapped_app
    await app(scope, receive, sender)
  File "/Users/juliareinhart/anaconda3/lib/python3.11/site-packages/starlette/routing.py", line 73, in app
    response = await f(request)
               ^^^^^^^^^^^^^^^^
  File "/Users/juliareinhart/anaconda3/lib/python3.11/site-packages/fastapi/routing.py", line 301, in app
    raw_response = await run_endpoint_function(
                   ^^^^^^^^^^^^^^^^^^^^^^^^^^^^
  File "/Users/juliareinhart/anaconda3/lib/python3.11/site-packages/fastapi/routing.py", line 212, in run_endpoint_function
    return await dependant.call(**values)
           ^^^^^^^^^^^^^^^^^^^^^^^^^^^^^^
  File "/Users/juliareinhart/anaconda3/lib/python3.11/site-packages/chromadb/telemetry/opentelemetry/__init__.py", line 130, in wrapper
    return await f(*args, **kwargs)
           ^^^^^^^^^^^^^^^^^^^^^^^^
  File "/Users/juliareinhart/anaconda3/lib/python3.11/site-packages/chromadb/server/fastapi/__init__.py", line 630, in create_collection
    await to_thread.run_sync(
  File "/Users/juliareinhart/anaconda3/lib/python3.11/site-packages/anyio/to_thread.py", line 33, in run_sync
    return await get_asynclib().run_sync_in_worker_thread(
           ^^^^^^^^^^^^^^^^^^^^^^^^^^^^^^^^^^^^^^^^^^^^^^^
  File "/Users/juliareinhart/anaconda3/lib/python3.11/site-packages/anyio/_backends/_asyncio.py", line 877, in run_sync_in_worker_thread
    return await future
           ^^^^^^^^^^^^
  File "/Users/juliareinhart/anaconda3/lib/python3.11/site-packages/anyio/_backends/_asyncio.py", line 807, in run
    result = context.run(func, *args)
             ^^^^^^^^^^^^^^^^^^^^^^^^
  File "/Users/juliareinhart/anaconda3/lib/python3.11/site-packages/chromadb/server/fastapi/__init__.py", line 620, in process_create_collection
    return self._api.create_collection(
           ^^^^^^^^^^^^^^^^^^^^^^^^^^^^
  File "/Users/juliareinhart/anaconda3/lib/python3.11/site-packages/chromadb/telemetry/opentelemetry/__init__.py", line 143, in wrapper
    return f(*args, **kwargs)
           ^^^^^^^^^^^^^^^^^^
  File "/Users/juliareinhart/anaconda3/lib/python3.11/site-packages/chromadb/api/segment.py", line 173, in create_collection
    coll, created = self._sysdb.create_collection(
                    ^^^^^^^^^^^^^^^^^^^^^^^^^^^^^^
  File "/Users/juliareinhart/anaconda3/lib/python3.11/site-packages/chromadb/telemetry/opentelemetry/__init__.py", line 143, in wrapper
    return f(*args, **kwargs)
           ^^^^^^^^^^^^^^^^^^
  File "/Users/juliareinhart/anaconda3/lib/python3.11/site-packages/chromadb/db/mixins/sysdb.py", line 220, in create_collection
    raise UniqueConstraintError(f"Collection {name} already exists")
chromadb.db.base.UniqueConstraintError: Collection maintstar-docs already exists
[32mINFO[0m:     [06-07-2025 12:52:48] 127.0.0.1:53053 - "POST /api/v1/collections HTTP/1.1" 500
[32mINFO[0m:     [06-07-2025 12:52:48] 127.0.0.1:53053 - "GET /api/v1/collections HTTP/1.1" 200
[33mWARNING[0m:  [06-07-2025 12:52:48] Add of existing embedding ID: CH7 - KPI Dashboards.txt-chunk-0
[33mWARNING[0m:  [06-07-2025 12:52:48] Add of existing embedding ID: CH7 - KPI Dashboards.txt-chunk-1
[33mWARNING[0m:  [06-07-2025 12:52:48] Insert of existing embedding ID: CH7 - KPI Dashboards.txt-chunk-0
[33mWARNING[0m:  [06-07-2025 12:52:48] Insert of existing embedding ID: CH7 - KPI Dashboards.txt-chunk-1
[32mINFO[0m:     [06-07-2025 12:52:48] 127.0.0.1:53053 - "POST /api/v1/collections/06759ce4-e469-411b-abf9-124c05eb9bf1/add HTTP/1.1" 201
[32mINFO[0m:     [06-07-2025 12:52:48] 127.0.0.1:53053 - "GET /api/v1/collections HTTP/1.1" 200
[31mERROR[0m:    [06-07-2025 12:52:48] Collection maintstar-docs already exists
Traceback (most recent call last):
  File "/Users/juliareinhart/anaconda3/lib/python3.11/site-packages/anyio/streams/memory.py", line 98, in receive
    return self.receive_nowait()
           ^^^^^^^^^^^^^^^^^^^^^
  File "/Users/juliareinhart/anaconda3/lib/python3.11/site-packages/anyio/streams/memory.py", line 93, in receive_nowait
    raise WouldBlock
anyio.WouldBlock

During handling of the above exception, another exception occurred:

Traceback (most recent call last):
  File "/Users/juliareinhart/anaconda3/lib/python3.11/site-packages/starlette/middleware/base.py", line 148, in call_next
    message = await recv_stream.receive()
              ^^^^^^^^^^^^^^^^^^^^^^^^^^^
  File "/Users/juliareinhart/anaconda3/lib/python3.11/site-packages/anyio/streams/memory.py", line 118, in receive
    raise EndOfStream
anyio.EndOfStream

During handling of the above exception, another exception occurred:

Traceback (most recent call last):
  File "/Users/juliareinhart/anaconda3/lib/python3.11/site-packages/chromadb/server/fastapi/__init__.py", line 78, in catch_exceptions_middleware
    return await call_next(request)
           ^^^^^^^^^^^^^^^^^^^^^^^^
  File "/Users/juliareinhart/anaconda3/lib/python3.11/site-packages/starlette/middleware/base.py", line 156, in call_next
    raise app_exc
  File "/Users/juliareinhart/anaconda3/lib/python3.11/site-packages/starlette/middleware/base.py", line 141, in coro
    await self.app(scope, receive_or_disconnect, send_no_error)
  File "/Users/juliareinhart/anaconda3/lib/python3.11/site-packages/starlette/middleware/base.py", line 178, in __call__
    response = await self.dispatch_func(request, call_next)
               ^^^^^^^^^^^^^^^^^^^^^^^^^^^^^^^^^^^^^^^^^^^^
  File "/Users/juliareinhart/anaconda3/lib/python3.11/site-packages/chromadb/server/fastapi/__init__.py", line 92, in check_http_version_middleware
    return await call_next(request)
           ^^^^^^^^^^^^^^^^^^^^^^^^
  File "/Users/juliareinhart/anaconda3/lib/python3.11/site-packages/starlette/middleware/base.py", line 156, in call_next
    raise app_exc
  File "/Users/juliareinhart/anaconda3/lib/python3.11/site-packages/starlette/middleware/base.py", line 141, in coro
    await self.app(scope, receive_or_disconnect, send_no_error)
  File "/Users/juliareinhart/anaconda3/lib/python3.11/site-packages/starlette/middleware/exceptions.py", line 62, in __call__
    await wrap_app_handling_exceptions(self.app, conn)(scope, receive, send)
  File "/Users/juliareinhart/anaconda3/lib/python3.11/site-packages/starlette/_exception_handler.py", line 53, in wrapped_app
    raise exc
  File "/Users/juliareinhart/anaconda3/lib/python3.11/site-packages/starlette/_exception_handler.py", line 42, in wrapped_app
    await app(scope, receive, sender)
  File "/Users/juliareinhart/anaconda3/lib/python3.11/site-packages/starlette/routing.py", line 714, in __call__
    await self.middleware_stack(scope, receive, send)
  File "/Users/juliareinhart/anaconda3/lib/python3.11/site-packages/starlette/routing.py", line 734, in app
    await route.handle(scope, receive, send)
  File "/Users/juliareinhart/anaconda3/lib/python3.11/site-packages/starlette/routing.py", line 288, in handle
    await self.app(scope, receive, send)
  File "/Users/juliareinhart/anaconda3/lib/python3.11/site-packages/starlette/routing.py", line 76, in app
    await wrap_app_handling_exceptions(app, request)(scope, receive, send)
  File "/Users/juliareinhart/anaconda3/lib/python3.11/site-packages/starlette/_exception_handler.py", line 53, in wrapped_app
    raise exc
  File "/Users/juliareinhart/anaconda3/lib/python3.11/site-packages/starlette/_exception_handler.py", line 42, in wrapped_app
    await app(scope, receive, sender)
  File "/Users/juliareinhart/anaconda3/lib/python3.11/site-packages/starlette/routing.py", line 73, in app
    response = await f(request)
               ^^^^^^^^^^^^^^^^
  File "/Users/juliareinhart/anaconda3/lib/python3.11/site-packages/fastapi/routing.py", line 301, in app
    raw_response = await run_endpoint_function(
                   ^^^^^^^^^^^^^^^^^^^^^^^^^^^^
  File "/Users/juliareinhart/anaconda3/lib/python3.11/site-packages/fastapi/routing.py", line 212, in run_endpoint_function
    return await dependant.call(**values)
           ^^^^^^^^^^^^^^^^^^^^^^^^^^^^^^
  File "/Users/juliareinhart/anaconda3/lib/python3.11/site-packages/chromadb/telemetry/opentelemetry/__init__.py", line 130, in wrapper
    return await f(*args, **kwargs)
           ^^^^^^^^^^^^^^^^^^^^^^^^
  File "/Users/juliareinhart/anaconda3/lib/python3.11/site-packages/chromadb/server/fastapi/__init__.py", line 630, in create_collection
    await to_thread.run_sync(
  File "/Users/juliareinhart/anaconda3/lib/python3.11/site-packages/anyio/to_thread.py", line 33, in run_sync
    return await get_asynclib().run_sync_in_worker_thread(
           ^^^^^^^^^^^^^^^^^^^^^^^^^^^^^^^^^^^^^^^^^^^^^^^
  File "/Users/juliareinhart/anaconda3/lib/python3.11/site-packages/anyio/_backends/_asyncio.py", line 877, in run_sync_in_worker_thread
    return await future
           ^^^^^^^^^^^^
  File "/Users/juliareinhart/anaconda3/lib/python3.11/site-packages/anyio/_backends/_asyncio.py", line 807, in run
    result = context.run(func, *args)
             ^^^^^^^^^^^^^^^^^^^^^^^^
  File "/Users/juliareinhart/anaconda3/lib/python3.11/site-packages/chromadb/server/fastapi/__init__.py", line 620, in process_create_collection
    return self._api.create_collection(
           ^^^^^^^^^^^^^^^^^^^^^^^^^^^^
  File "/Users/juliareinhart/anaconda3/lib/python3.11/site-packages/chromadb/telemetry/opentelemetry/__init__.py", line 143, in wrapper
    return f(*args, **kwargs)
           ^^^^^^^^^^^^^^^^^^
  File "/Users/juliareinhart/anaconda3/lib/python3.11/site-packages/chromadb/api/segment.py", line 173, in create_collection
    coll, created = self._sysdb.create_collection(
                    ^^^^^^^^^^^^^^^^^^^^^^^^^^^^^^
  File "/Users/juliareinhart/anaconda3/lib/python3.11/site-packages/chromadb/telemetry/opentelemetry/__init__.py", line 143, in wrapper
    return f(*args, **kwargs)
           ^^^^^^^^^^^^^^^^^^
  File "/Users/juliareinhart/anaconda3/lib/python3.11/site-packages/chromadb/db/mixins/sysdb.py", line 220, in create_collection
    raise UniqueConstraintError(f"Collection {name} already exists")
chromadb.db.base.UniqueConstraintError: Collection maintstar-docs already exists
[32mINFO[0m:     [06-07-2025 12:52:48] 127.0.0.1:53053 - "POST /api/v1/collections HTTP/1.1" 500
[32mINFO[0m:     [06-07-2025 12:52:49] 127.0.0.1:53053 - "GET /api/v1/collections HTTP/1.1" 200
[33mWARNING[0m:  [06-07-2025 12:52:49] Add of existing embedding ID: CH8.2 - Inventory ABC Cycle Counts.txt-chunk-0
[33mWARNING[0m:  [06-07-2025 12:52:49] Insert of existing embedding ID: CH8.2 - Inventory ABC Cycle Counts.txt-chunk-0
[32mINFO[0m:     [06-07-2025 12:52:49] 127.0.0.1:53053 - "POST /api/v1/collections/06759ce4-e469-411b-abf9-124c05eb9bf1/add HTTP/1.1" 201
[32mINFO[0m:     [06-07-2025 12:52:49] 127.0.0.1:53053 - "GET /api/v1/collections HTTP/1.1" 200
[31mERROR[0m:    [06-07-2025 12:52:49] Collection maintstar-docs already exists
Traceback (most recent call last):
  File "/Users/juliareinhart/anaconda3/lib/python3.11/site-packages/anyio/streams/memory.py", line 98, in receive
    return self.receive_nowait()
           ^^^^^^^^^^^^^^^^^^^^^
  File "/Users/juliareinhart/anaconda3/lib/python3.11/site-packages/anyio/streams/memory.py", line 93, in receive_nowait
    raise WouldBlock
anyio.WouldBlock

During handling of the above exception, another exception occurred:

Traceback (most recent call last):
  File "/Users/juliareinhart/anaconda3/lib/python3.11/site-packages/starlette/middleware/base.py", line 148, in call_next
    message = await recv_stream.receive()
              ^^^^^^^^^^^^^^^^^^^^^^^^^^^
  File "/Users/juliareinhart/anaconda3/lib/python3.11/site-packages/anyio/streams/memory.py", line 118, in receive
    raise EndOfStream
anyio.EndOfStream

During handling of the above exception, another exception occurred:

Traceback (most recent call last):
  File "/Users/juliareinhart/anaconda3/lib/python3.11/site-packages/chromadb/server/fastapi/__init__.py", line 78, in catch_exceptions_middleware
    return await call_next(request)
           ^^^^^^^^^^^^^^^^^^^^^^^^
  File "/Users/juliareinhart/anaconda3/lib/python3.11/site-packages/starlette/middleware/base.py", line 156, in call_next
    raise app_exc
  File "/Users/juliareinhart/anaconda3/lib/python3.11/site-packages/starlette/middleware/base.py", line 141, in coro
    await self.app(scope, receive_or_disconnect, send_no_error)
  File "/Users/juliareinhart/anaconda3/lib/python3.11/site-packages/starlette/middleware/base.py", line 178, in __call__
    response = await self.dispatch_func(request, call_next)
               ^^^^^^^^^^^^^^^^^^^^^^^^^^^^^^^^^^^^^^^^^^^^
  File "/Users/juliareinhart/anaconda3/lib/python3.11/site-packages/chromadb/server/fastapi/__init__.py", line 92, in check_http_version_middleware
    return await call_next(request)
           ^^^^^^^^^^^^^^^^^^^^^^^^
  File "/Users/juliareinhart/anaconda3/lib/python3.11/site-packages/starlette/middleware/base.py", line 156, in call_next
    raise app_exc
  File "/Users/juliareinhart/anaconda3/lib/python3.11/site-packages/starlette/middleware/base.py", line 141, in coro
    await self.app(scope, receive_or_disconnect, send_no_error)
  File "/Users/juliareinhart/anaconda3/lib/python3.11/site-packages/starlette/middleware/exceptions.py", line 62, in __call__
    await wrap_app_handling_exceptions(self.app, conn)(scope, receive, send)
  File "/Users/juliareinhart/anaconda3/lib/python3.11/site-packages/starlette/_exception_handler.py", line 53, in wrapped_app
    raise exc
  File "/Users/juliareinhart/anaconda3/lib/python3.11/site-packages/starlette/_exception_handler.py", line 42, in wrapped_app
    await app(scope, receive, sender)
  File "/Users/juliareinhart/anaconda3/lib/python3.11/site-packages/starlette/routing.py", line 714, in __call__
    await self.middleware_stack(scope, receive, send)
  File "/Users/juliareinhart/anaconda3/lib/python3.11/site-packages/starlette/routing.py", line 734, in app
    await route.handle(scope, receive, send)
  File "/Users/juliareinhart/anaconda3/lib/python3.11/site-packages/starlette/routing.py", line 288, in handle
    await self.app(scope, receive, send)
  File "/Users/juliareinhart/anaconda3/lib/python3.11/site-packages/starlette/routing.py", line 76, in app
    await wrap_app_handling_exceptions(app, request)(scope, receive, send)
  File "/Users/juliareinhart/anaconda3/lib/python3.11/site-packages/starlette/_exception_handler.py", line 53, in wrapped_app
    raise exc
  File "/Users/juliareinhart/anaconda3/lib/python3.11/site-packages/starlette/_exception_handler.py", line 42, in wrapped_app
    await app(scope, receive, sender)
  File "/Users/juliareinhart/anaconda3/lib/python3.11/site-packages/starlette/routing.py", line 73, in app
    response = await f(request)
               ^^^^^^^^^^^^^^^^
  File "/Users/juliareinhart/anaconda3/lib/python3.11/site-packages/fastapi/routing.py", line 301, in app
    raw_response = await run_endpoint_function(
                   ^^^^^^^^^^^^^^^^^^^^^^^^^^^^
  File "/Users/juliareinhart/anaconda3/lib/python3.11/site-packages/fastapi/routing.py", line 212, in run_endpoint_function
    return await dependant.call(**values)
           ^^^^^^^^^^^^^^^^^^^^^^^^^^^^^^
  File "/Users/juliareinhart/anaconda3/lib/python3.11/site-packages/chromadb/telemetry/opentelemetry/__init__.py", line 130, in wrapper
    return await f(*args, **kwargs)
           ^^^^^^^^^^^^^^^^^^^^^^^^
  File "/Users/juliareinhart/anaconda3/lib/python3.11/site-packages/chromadb/server/fastapi/__init__.py", line 630, in create_collection
    await to_thread.run_sync(
  File "/Users/juliareinhart/anaconda3/lib/python3.11/site-packages/anyio/to_thread.py", line 33, in run_sync
    return await get_asynclib().run_sync_in_worker_thread(
           ^^^^^^^^^^^^^^^^^^^^^^^^^^^^^^^^^^^^^^^^^^^^^^^
  File "/Users/juliareinhart/anaconda3/lib/python3.11/site-packages/anyio/_backends/_asyncio.py", line 877, in run_sync_in_worker_thread
    return await future
           ^^^^^^^^^^^^
  File "/Users/juliareinhart/anaconda3/lib/python3.11/site-packages/anyio/_backends/_asyncio.py", line 807, in run
    result = context.run(func, *args)
             ^^^^^^^^^^^^^^^^^^^^^^^^
  File "/Users/juliareinhart/anaconda3/lib/python3.11/site-packages/chromadb/server/fastapi/__init__.py", line 620, in process_create_collection
    return self._api.create_collection(
           ^^^^^^^^^^^^^^^^^^^^^^^^^^^^
  File "/Users/juliareinhart/anaconda3/lib/python3.11/site-packages/chromadb/telemetry/opentelemetry/__init__.py", line 143, in wrapper
    return f(*args, **kwargs)
           ^^^^^^^^^^^^^^^^^^
  File "/Users/juliareinhart/anaconda3/lib/python3.11/site-packages/chromadb/api/segment.py", line 173, in create_collection
    coll, created = self._sysdb.create_collection(
                    ^^^^^^^^^^^^^^^^^^^^^^^^^^^^^^
  File "/Users/juliareinhart/anaconda3/lib/python3.11/site-packages/chromadb/telemetry/opentelemetry/__init__.py", line 143, in wrapper
    return f(*args, **kwargs)
           ^^^^^^^^^^^^^^^^^^
  File "/Users/juliareinhart/anaconda3/lib/python3.11/site-packages/chromadb/db/mixins/sysdb.py", line 220, in create_collection
    raise UniqueConstraintError(f"Collection {name} already exists")
chromadb.db.base.UniqueConstraintError: Collection maintstar-docs already exists
[32mINFO[0m:     [06-07-2025 12:52:49] 127.0.0.1:53053 - "POST /api/v1/collections HTTP/1.1" 500
[32mINFO[0m:     [06-07-2025 12:52:49] 127.0.0.1:53053 - "GET /api/v1/collections HTTP/1.1" 200
[33mWARNING[0m:  [06-07-2025 12:52:49] Add of existing embedding ID: CH9 - Asset Lifecycle Module.txt-chunk-0
[33mWARNING[0m:  [06-07-2025 12:52:49] Add of existing embedding ID: CH9 - Asset Lifecycle Module.txt-chunk-1
[33mWARNING[0m:  [06-07-2025 12:52:49] Insert of existing embedding ID: CH9 - Asset Lifecycle Module.txt-chunk-0
[33mWARNING[0m:  [06-07-2025 12:52:49] Insert of existing embedding ID: CH9 - Asset Lifecycle Module.txt-chunk-1
[32mINFO[0m:     [06-07-2025 12:52:49] 127.0.0.1:53053 - "POST /api/v1/collections/06759ce4-e469-411b-abf9-124c05eb9bf1/add HTTP/1.1" 201
[32mINFO[0m:     [06-07-2025 12:52:49] 127.0.0.1:53053 - "GET /api/v1/collections HTTP/1.1" 200
[31mERROR[0m:    [06-07-2025 12:52:49] Collection maintstar-docs already exists
Traceback (most recent call last):
  File "/Users/juliareinhart/anaconda3/lib/python3.11/site-packages/anyio/streams/memory.py", line 98, in receive
    return self.receive_nowait()
           ^^^^^^^^^^^^^^^^^^^^^
  File "/Users/juliareinhart/anaconda3/lib/python3.11/site-packages/anyio/streams/memory.py", line 93, in receive_nowait
    raise WouldBlock
anyio.WouldBlock

During handling of the above exception, another exception occurred:

Traceback (most recent call last):
  File "/Users/juliareinhart/anaconda3/lib/python3.11/site-packages/starlette/middleware/base.py", line 148, in call_next
    message = await recv_stream.receive()
              ^^^^^^^^^^^^^^^^^^^^^^^^^^^
  File "/Users/juliareinhart/anaconda3/lib/python3.11/site-packages/anyio/streams/memory.py", line 118, in receive
    raise EndOfStream
anyio.EndOfStream

During handling of the above exception, another exception occurred:

Traceback (most recent call last):
  File "/Users/juliareinhart/anaconda3/lib/python3.11/site-packages/chromadb/server/fastapi/__init__.py", line 78, in catch_exceptions_middleware
    return await call_next(request)
           ^^^^^^^^^^^^^^^^^^^^^^^^
  File "/Users/juliareinhart/anaconda3/lib/python3.11/site-packages/starlette/middleware/base.py", line 156, in call_next
    raise app_exc
  File "/Users/juliareinhart/anaconda3/lib/python3.11/site-packages/starlette/middleware/base.py", line 141, in coro
    await self.app(scope, receive_or_disconnect, send_no_error)
  File "/Users/juliareinhart/anaconda3/lib/python3.11/site-packages/starlette/middleware/base.py", line 178, in __call__
    response = await self.dispatch_func(request, call_next)
               ^^^^^^^^^^^^^^^^^^^^^^^^^^^^^^^^^^^^^^^^^^^^
  File "/Users/juliareinhart/anaconda3/lib/python3.11/site-packages/chromadb/server/fastapi/__init__.py", line 92, in check_http_version_middleware
    return await call_next(request)
           ^^^^^^^^^^^^^^^^^^^^^^^^
  File "/Users/juliareinhart/anaconda3/lib/python3.11/site-packages/starlette/middleware/base.py", line 156, in call_next
    raise app_exc
  File "/Users/juliareinhart/anaconda3/lib/python3.11/site-packages/starlette/middleware/base.py", line 141, in coro
    await self.app(scope, receive_or_disconnect, send_no_error)
  File "/Users/juliareinhart/anaconda3/lib/python3.11/site-packages/starlette/middleware/exceptions.py", line 62, in __call__
    await wrap_app_handling_exceptions(self.app, conn)(scope, receive, send)
  File "/Users/juliareinhart/anaconda3/lib/python3.11/site-packages/starlette/_exception_handler.py", line 53, in wrapped_app
    raise exc
  File "/Users/juliareinhart/anaconda3/lib/python3.11/site-packages/starlette/_exception_handler.py", line 42, in wrapped_app
    await app(scope, receive, sender)
  File "/Users/juliareinhart/anaconda3/lib/python3.11/site-packages/starlette/routing.py", line 714, in __call__
    await self.middleware_stack(scope, receive, send)
  File "/Users/juliareinhart/anaconda3/lib/python3.11/site-packages/starlette/routing.py", line 734, in app
    await route.handle(scope, receive, send)
  File "/Users/juliareinhart/anaconda3/lib/python3.11/site-packages/starlette/routing.py", line 288, in handle
    await self.app(scope, receive, send)
  File "/Users/juliareinhart/anaconda3/lib/python3.11/site-packages/starlette/routing.py", line 76, in app
    await wrap_app_handling_exceptions(app, request)(scope, receive, send)
  File "/Users/juliareinhart/anaconda3/lib/python3.11/site-packages/starlette/_exception_handler.py", line 53, in wrapped_app
    raise exc
  File "/Users/juliareinhart/anaconda3/lib/python3.11/site-packages/starlette/_exception_handler.py", line 42, in wrapped_app
    await app(scope, receive, sender)
  File "/Users/juliareinhart/anaconda3/lib/python3.11/site-packages/starlette/routing.py", line 73, in app
    response = await f(request)
               ^^^^^^^^^^^^^^^^
  File "/Users/juliareinhart/anaconda3/lib/python3.11/site-packages/fastapi/routing.py", line 301, in app
    raw_response = await run_endpoint_function(
                   ^^^^^^^^^^^^^^^^^^^^^^^^^^^^
  File "/Users/juliareinhart/anaconda3/lib/python3.11/site-packages/fastapi/routing.py", line 212, in run_endpoint_function
    return await dependant.call(**values)
           ^^^^^^^^^^^^^^^^^^^^^^^^^^^^^^
  File "/Users/juliareinhart/anaconda3/lib/python3.11/site-packages/chromadb/telemetry/opentelemetry/__init__.py", line 130, in wrapper
    return await f(*args, **kwargs)
           ^^^^^^^^^^^^^^^^^^^^^^^^
  File "/Users/juliareinhart/anaconda3/lib/python3.11/site-packages/chromadb/server/fastapi/__init__.py", line 630, in create_collection
    await to_thread.run_sync(
  File "/Users/juliareinhart/anaconda3/lib/python3.11/site-packages/anyio/to_thread.py", line 33, in run_sync
    return await get_asynclib().run_sync_in_worker_thread(
           ^^^^^^^^^^^^^^^^^^^^^^^^^^^^^^^^^^^^^^^^^^^^^^^
  File "/Users/juliareinhart/anaconda3/lib/python3.11/site-packages/anyio/_backends/_asyncio.py", line 877, in run_sync_in_worker_thread
    return await future
           ^^^^^^^^^^^^
  File "/Users/juliareinhart/anaconda3/lib/python3.11/site-packages/anyio/_backends/_asyncio.py", line 807, in run
    result = context.run(func, *args)
             ^^^^^^^^^^^^^^^^^^^^^^^^
  File "/Users/juliareinhart/anaconda3/lib/python3.11/site-packages/chromadb/server/fastapi/__init__.py", line 620, in process_create_collection
    return self._api.create_collection(
           ^^^^^^^^^^^^^^^^^^^^^^^^^^^^
  File "/Users/juliareinhart/anaconda3/lib/python3.11/site-packages/chromadb/telemetry/opentelemetry/__init__.py", line 143, in wrapper
    return f(*args, **kwargs)
           ^^^^^^^^^^^^^^^^^^
  File "/Users/juliareinhart/anaconda3/lib/python3.11/site-packages/chromadb/api/segment.py", line 173, in create_collection
    coll, created = self._sysdb.create_collection(
                    ^^^^^^^^^^^^^^^^^^^^^^^^^^^^^^
  File "/Users/juliareinhart/anaconda3/lib/python3.11/site-packages/chromadb/telemetry/opentelemetry/__init__.py", line 143, in wrapper
    return f(*args, **kwargs)
           ^^^^^^^^^^^^^^^^^^
  File "/Users/juliareinhart/anaconda3/lib/python3.11/site-packages/chromadb/db/mixins/sysdb.py", line 220, in create_collection
    raise UniqueConstraintError(f"Collection {name} already exists")
chromadb.db.base.UniqueConstraintError: Collection maintstar-docs already exists
[32mINFO[0m:     [06-07-2025 12:52:49] 127.0.0.1:53053 - "POST /api/v1/collections HTTP/1.1" 500
[32mINFO[0m:     [06-07-2025 12:52:50] 127.0.0.1:53053 - "GET /api/v1/collections HTTP/1.1" 200
[33mWARNING[0m:  [06-07-2025 12:52:50] Add of existing embedding ID: CH9_3 - Work Planning Module.txt-chunk-0
[33mWARNING[0m:  [06-07-2025 12:52:50] Add of existing embedding ID: CH9_3 - Work Planning Module.txt-chunk-1
[33mWARNING[0m:  [06-07-2025 12:52:50] Insert of existing embedding ID: CH9_3 - Work Planning Module.txt-chunk-0
[33mWARNING[0m:  [06-07-2025 12:52:50] Insert of existing embedding ID: CH9_3 - Work Planning Module.txt-chunk-1
[32mINFO[0m:     [06-07-2025 12:52:50] 127.0.0.1:53053 - "POST /api/v1/collections/06759ce4-e469-411b-abf9-124c05eb9bf1/add HTTP/1.1" 201
[32mINFO[0m:     [06-07-2025 12:59:24] 127.0.0.1:53171 - "POST /api/v1/query HTTP/1.1" 404
[32mINFO[0m:     [06-07-2025 12:59:57] 127.0.0.1:53201 - "POST /api/v1/query HTTP/1.1" 404
[32mINFO[0m:     [06-07-2025 13:36:46] 127.0.0.1:53738 - "GET /api/v1/collections HTTP/1.1" 200
[32mINFO[0m:     [06-07-2025 13:36:46] 127.0.0.1:53738 - "POST /api/v1/collections/a3776b32-5d83-4265-9368-26a053a89b0a/query HTTP/1.1" 200
[32mINFO[0m:     [06-07-2025 13:37:37] 127.0.0.1:53749 - "GET /api/v1/collections HTTP/1.1" 200
[32mINFO[0m:     [06-07-2025 13:37:37] 127.0.0.1:53749 - "POST /api/v1/collections/a3776b32-5d83-4265-9368-26a053a89b0a/query HTTP/1.1" 200
[32mINFO[0m:     [06-07-2025 13:39:43] 127.0.0.1:53765 - "GET /api/v1/collections HTTP/1.1" 200
[32mINFO[0m:     [06-07-2025 13:39:43] 127.0.0.1:53765 - "POST /api/v1/collections/a3776b32-5d83-4265-9368-26a053a89b0a/query HTTP/1.1" 200
[32mINFO[0m:     [06-07-2025 13:48:28] 127.0.0.1:53860 - "GET /api/v1/collections HTTP/1.1" 200
[32mINFO[0m:     [06-07-2025 13:48:28] 127.0.0.1:53860 - "POST /api/v1/collections/a3776b32-5d83-4265-9368-26a053a89b0a/query HTTP/1.1" 200
[32mINFO[0m:     [06-07-2025 13:48:58] 127.0.0.1:53868 - "GET /api/v1/collections HTTP/1.1" 200
[32mINFO[0m:     [06-07-2025 13:48:58] 127.0.0.1:53868 - "POST /api/v1/collections/a3776b32-5d83-4265-9368-26a053a89b0a/query HTTP/1.1" 200
[32mINFO[0m:     [06-07-2025 13:59:35] 127.0.0.1:53984 - "GET /api/v1/collections HTTP/1.1" 200
[31mERROR[0m:    [06-07-2025 14:00:27] Input is a zero-length, empty document: line 1 column 1 (char 0)
Traceback (most recent call last):
  File "/Users/juliareinhart/anaconda3/lib/python3.11/site-packages/anyio/streams/memory.py", line 98, in receive
    return self.receive_nowait()
           ^^^^^^^^^^^^^^^^^^^^^
  File "/Users/juliareinhart/anaconda3/lib/python3.11/site-packages/anyio/streams/memory.py", line 93, in receive_nowait
    raise WouldBlock
anyio.WouldBlock

During handling of the above exception, another exception occurred:

Traceback (most recent call last):
  File "/Users/juliareinhart/anaconda3/lib/python3.11/site-packages/starlette/middleware/base.py", line 148, in call_next
    message = await recv_stream.receive()
              ^^^^^^^^^^^^^^^^^^^^^^^^^^^
  File "/Users/juliareinhart/anaconda3/lib/python3.11/site-packages/anyio/streams/memory.py", line 118, in receive
    raise EndOfStream
anyio.EndOfStream

During handling of the above exception, another exception occurred:

Traceback (most recent call last):
  File "/Users/juliareinhart/anaconda3/lib/python3.11/site-packages/chromadb/server/fastapi/__init__.py", line 78, in catch_exceptions_middleware
    return await call_next(request)
           ^^^^^^^^^^^^^^^^^^^^^^^^
  File "/Users/juliareinhart/anaconda3/lib/python3.11/site-packages/starlette/middleware/base.py", line 156, in call_next
    raise app_exc
  File "/Users/juliareinhart/anaconda3/lib/python3.11/site-packages/starlette/middleware/base.py", line 141, in coro
    await self.app(scope, receive_or_disconnect, send_no_error)
  File "/Users/juliareinhart/anaconda3/lib/python3.11/site-packages/starlette/middleware/base.py", line 178, in __call__
    response = await self.dispatch_func(request, call_next)
               ^^^^^^^^^^^^^^^^^^^^^^^^^^^^^^^^^^^^^^^^^^^^
  File "/Users/juliareinhart/anaconda3/lib/python3.11/site-packages/chromadb/server/fastapi/__init__.py", line 92, in check_http_version_middleware
    return await call_next(request)
           ^^^^^^^^^^^^^^^^^^^^^^^^
  File "/Users/juliareinhart/anaconda3/lib/python3.11/site-packages/starlette/middleware/base.py", line 156, in call_next
    raise app_exc
  File "/Users/juliareinhart/anaconda3/lib/python3.11/site-packages/starlette/middleware/base.py", line 141, in coro
    await self.app(scope, receive_or_disconnect, send_no_error)
  File "/Users/juliareinhart/anaconda3/lib/python3.11/site-packages/starlette/middleware/exceptions.py", line 62, in __call__
    await wrap_app_handling_exceptions(self.app, conn)(scope, receive, send)
  File "/Users/juliareinhart/anaconda3/lib/python3.11/site-packages/starlette/_exception_handler.py", line 53, in wrapped_app
    raise exc
  File "/Users/juliareinhart/anaconda3/lib/python3.11/site-packages/starlette/_exception_handler.py", line 42, in wrapped_app
    await app(scope, receive, sender)
  File "/Users/juliareinhart/anaconda3/lib/python3.11/site-packages/starlette/routing.py", line 714, in __call__
    await self.middleware_stack(scope, receive, send)
  File "/Users/juliareinhart/anaconda3/lib/python3.11/site-packages/starlette/routing.py", line 734, in app
    await route.handle(scope, receive, send)
  File "/Users/juliareinhart/anaconda3/lib/python3.11/site-packages/starlette/routing.py", line 288, in handle
    await self.app(scope, receive, send)
  File "/Users/juliareinhart/anaconda3/lib/python3.11/site-packages/starlette/routing.py", line 76, in app
    await wrap_app_handling_exceptions(app, request)(scope, receive, send)
  File "/Users/juliareinhart/anaconda3/lib/python3.11/site-packages/starlette/_exception_handler.py", line 53, in wrapped_app
    raise exc
  File "/Users/juliareinhart/anaconda3/lib/python3.11/site-packages/starlette/_exception_handler.py", line 42, in wrapped_app
    await app(scope, receive, sender)
  File "/Users/juliareinhart/anaconda3/lib/python3.11/site-packages/starlette/routing.py", line 73, in app
    response = await f(request)
               ^^^^^^^^^^^^^^^^
  File "/Users/juliareinhart/anaconda3/lib/python3.11/site-packages/fastapi/routing.py", line 301, in app
    raw_response = await run_endpoint_function(
                   ^^^^^^^^^^^^^^^^^^^^^^^^^^^^
  File "/Users/juliareinhart/anaconda3/lib/python3.11/site-packages/fastapi/routing.py", line 212, in run_endpoint_function
    return await dependant.call(**values)
           ^^^^^^^^^^^^^^^^^^^^^^^^^^^^^^
  File "/Users/juliareinhart/anaconda3/lib/python3.11/site-packages/chromadb/telemetry/opentelemetry/__init__.py", line 130, in wrapper
    return await f(*args, **kwargs)
           ^^^^^^^^^^^^^^^^^^^^^^^^
  File "/Users/juliareinhart/anaconda3/lib/python3.11/site-packages/chromadb/server/fastapi/__init__.py", line 852, in get
    await to_thread.run_sync(
  File "/Users/juliareinhart/anaconda3/lib/python3.11/site-packages/anyio/to_thread.py", line 33, in run_sync
    return await get_asynclib().run_sync_in_worker_thread(
           ^^^^^^^^^^^^^^^^^^^^^^^^^^^^^^^^^^^^^^^^^^^^^^^
  File "/Users/juliareinhart/anaconda3/lib/python3.11/site-packages/anyio/_backends/_asyncio.py", line 877, in run_sync_in_worker_thread
    return await future
           ^^^^^^^^^^^^
  File "/Users/juliareinhart/anaconda3/lib/python3.11/site-packages/anyio/_backends/_asyncio.py", line 807, in run
    result = context.run(func, *args)
             ^^^^^^^^^^^^^^^^^^^^^^^^
  File "/Users/juliareinhart/anaconda3/lib/python3.11/site-packages/chromadb/server/fastapi/__init__.py", line 831, in process_get
    get = GetEmbedding.model_validate(orjson.loads(raw_body))
                                      ^^^^^^^^^^^^^^^^^^^^^^
orjson.JSONDecodeError: Input is a zero-length, empty document: line 1 column 1 (char 0)
[32mINFO[0m:     [06-07-2025 14:00:27] 127.0.0.1:53998 - "POST /api/v1/collections/a3776b32-5d83-4265-9368-26a053a89b0a/get HTTP/1.1" 500
[32mINFO[0m:     [06-07-2025 14:01:17] 127.0.0.1:54007 - "POST /api/v1/collections/a3776b32-5d83-4265-9368-26a053a89b0a/get HTTP/1.1" 200
[32mINFO[0m:     [06-07-2025 14:25:54] 127.0.0.1:54269 - "GET /api/v1/collections HTTP/1.1" 200
[32mINFO[0m:     [06-07-2025 14:25:54] 127.0.0.1:54269 - "POST /api/v1/collections/a3776b32-5d83-4265-9368-26a053a89b0a/query HTTP/1.1" 200
[32mINFO[0m:     [06-07-2025 14:25:58] 127.0.0.1:54271 - "GET /api/v1/collections HTTP/1.1" 200
[32mINFO[0m:     [06-07-2025 14:25:59] 127.0.0.1:54271 - "GET /api/v1/collections HTTP/1.1" 200
[32mINFO[0m:     [06-07-2025 14:25:59] 127.0.0.1:54271 - "POST /api/v1/collections/a3776b32-5d83-4265-9368-26a053a89b0a/upsert HTTP/1.1" 200
[32mINFO[0m:     [06-07-2025 14:25:59] 127.0.0.1:54271 - "GET /api/v1/collections HTTP/1.1" 200
[32mINFO[0m:     [06-07-2025 14:25:59] 127.0.0.1:54271 - "POST /api/v1/collections/a3776b32-5d83-4265-9368-26a053a89b0a/upsert HTTP/1.1" 200
[32mINFO[0m:     [06-07-2025 14:26:00] 127.0.0.1:54271 - "GET /api/v1/collections HTTP/1.1" 200
[32mINFO[0m:     [06-07-2025 14:26:00] 127.0.0.1:54271 - "POST /api/v1/collections/a3776b32-5d83-4265-9368-26a053a89b0a/upsert HTTP/1.1" 200
[32mINFO[0m:     [06-07-2025 14:26:00] 127.0.0.1:54271 - "GET /api/v1/collections HTTP/1.1" 200
[32mINFO[0m:     [06-07-2025 14:26:00] 127.0.0.1:54271 - "POST /api/v1/collections/a3776b32-5d83-4265-9368-26a053a89b0a/upsert HTTP/1.1" 200
[32mINFO[0m:     [06-07-2025 14:26:01] 127.0.0.1:54271 - "GET /api/v1/collections HTTP/1.1" 200
[32mINFO[0m:     [06-07-2025 14:26:01] 127.0.0.1:54271 - "POST /api/v1/collections/a3776b32-5d83-4265-9368-26a053a89b0a/upsert HTTP/1.1" 200
[32mINFO[0m:     [06-07-2025 14:26:01] 127.0.0.1:54271 - "GET /api/v1/collections HTTP/1.1" 200
[32mINFO[0m:     [06-07-2025 14:26:01] 127.0.0.1:54271 - "POST /api/v1/collections/a3776b32-5d83-4265-9368-26a053a89b0a/upsert HTTP/1.1" 200
[32mINFO[0m:     [06-07-2025 14:26:01] 127.0.0.1:54271 - "GET /api/v1/collections HTTP/1.1" 200
[32mINFO[0m:     [06-07-2025 14:26:01] 127.0.0.1:54271 - "POST /api/v1/collections/a3776b32-5d83-4265-9368-26a053a89b0a/upsert HTTP/1.1" 200
[32mINFO[0m:     [06-07-2025 14:26:02] 127.0.0.1:54271 - "GET /api/v1/collections HTTP/1.1" 200
[32mINFO[0m:     [06-07-2025 14:26:02] 127.0.0.1:54271 - "POST /api/v1/collections/a3776b32-5d83-4265-9368-26a053a89b0a/upsert HTTP/1.1" 200
[32mINFO[0m:     [06-07-2025 14:26:02] 127.0.0.1:54271 - "GET /api/v1/collections HTTP/1.1" 200
[32mINFO[0m:     [06-07-2025 14:26:02] 127.0.0.1:54271 - "POST /api/v1/collections/a3776b32-5d83-4265-9368-26a053a89b0a/upsert HTTP/1.1" 200
[32mINFO[0m:     [06-07-2025 14:26:02] 127.0.0.1:54271 - "GET /api/v1/collections HTTP/1.1" 200
[32mINFO[0m:     [06-07-2025 14:26:02] 127.0.0.1:54271 - "POST /api/v1/collections/a3776b32-5d83-4265-9368-26a053a89b0a/upsert HTTP/1.1" 200
[32mINFO[0m:     [06-07-2025 14:26:03] 127.0.0.1:54271 - "GET /api/v1/collections HTTP/1.1" 200
[32mINFO[0m:     [06-07-2025 14:26:03] 127.0.0.1:54271 - "POST /api/v1/collections/a3776b32-5d83-4265-9368-26a053a89b0a/upsert HTTP/1.1" 200
[32mINFO[0m:     [06-07-2025 14:26:03] 127.0.0.1:54271 - "GET /api/v1/collections HTTP/1.1" 200
[32mINFO[0m:     [06-07-2025 14:26:03] 127.0.0.1:54271 - "POST /api/v1/collections/a3776b32-5d83-4265-9368-26a053a89b0a/upsert HTTP/1.1" 200
[32mINFO[0m:     [06-07-2025 14:26:03] 127.0.0.1:54271 - "GET /api/v1/collections HTTP/1.1" 200
[32mINFO[0m:     [06-07-2025 14:26:03] 127.0.0.1:54271 - "POST /api/v1/collections/a3776b32-5d83-4265-9368-26a053a89b0a/upsert HTTP/1.1" 200
[32mINFO[0m:     [06-07-2025 14:26:04] 127.0.0.1:54271 - "GET /api/v1/collections HTTP/1.1" 200
[32mINFO[0m:     [06-07-2025 14:26:04] 127.0.0.1:54271 - "POST /api/v1/collections/a3776b32-5d83-4265-9368-26a053a89b0a/upsert HTTP/1.1" 200
[32mINFO[0m:     [06-07-2025 14:26:04] 127.0.0.1:54271 - "GET /api/v1/collections HTTP/1.1" 200
[32mINFO[0m:     [06-07-2025 14:26:04] 127.0.0.1:54271 - "POST /api/v1/collections/a3776b32-5d83-4265-9368-26a053a89b0a/upsert HTTP/1.1" 200
[32mINFO[0m:     [06-07-2025 14:26:04] 127.0.0.1:54271 - "GET /api/v1/collections HTTP/1.1" 200
[31mERROR[0m:    [06-07-2025 14:26:04] Collection maintstar-docs already exists
Traceback (most recent call last):
  File "/Users/juliareinhart/anaconda3/lib/python3.11/site-packages/anyio/streams/memory.py", line 98, in receive
    return self.receive_nowait()
           ^^^^^^^^^^^^^^^^^^^^^
  File "/Users/juliareinhart/anaconda3/lib/python3.11/site-packages/anyio/streams/memory.py", line 93, in receive_nowait
    raise WouldBlock
anyio.WouldBlock

During handling of the above exception, another exception occurred:

Traceback (most recent call last):
  File "/Users/juliareinhart/anaconda3/lib/python3.11/site-packages/starlette/middleware/base.py", line 148, in call_next
    message = await recv_stream.receive()
              ^^^^^^^^^^^^^^^^^^^^^^^^^^^
  File "/Users/juliareinhart/anaconda3/lib/python3.11/site-packages/anyio/streams/memory.py", line 118, in receive
    raise EndOfStream
anyio.EndOfStream

During handling of the above exception, another exception occurred:

Traceback (most recent call last):
  File "/Users/juliareinhart/anaconda3/lib/python3.11/site-packages/chromadb/server/fastapi/__init__.py", line 78, in catch_exceptions_middleware
    return await call_next(request)
           ^^^^^^^^^^^^^^^^^^^^^^^^
  File "/Users/juliareinhart/anaconda3/lib/python3.11/site-packages/starlette/middleware/base.py", line 156, in call_next
    raise app_exc
  File "/Users/juliareinhart/anaconda3/lib/python3.11/site-packages/starlette/middleware/base.py", line 141, in coro
    await self.app(scope, receive_or_disconnect, send_no_error)
  File "/Users/juliareinhart/anaconda3/lib/python3.11/site-packages/starlette/middleware/base.py", line 178, in __call__
    response = await self.dispatch_func(request, call_next)
               ^^^^^^^^^^^^^^^^^^^^^^^^^^^^^^^^^^^^^^^^^^^^
  File "/Users/juliareinhart/anaconda3/lib/python3.11/site-packages/chromadb/server/fastapi/__init__.py", line 92, in check_http_version_middleware
    return await call_next(request)
           ^^^^^^^^^^^^^^^^^^^^^^^^
  File "/Users/juliareinhart/anaconda3/lib/python3.11/site-packages/starlette/middleware/base.py", line 156, in call_next
    raise app_exc
  File "/Users/juliareinhart/anaconda3/lib/python3.11/site-packages/starlette/middleware/base.py", line 141, in coro
    await self.app(scope, receive_or_disconnect, send_no_error)
  File "/Users/juliareinhart/anaconda3/lib/python3.11/site-packages/starlette/middleware/exceptions.py", line 62, in __call__
    await wrap_app_handling_exceptions(self.app, conn)(scope, receive, send)
  File "/Users/juliareinhart/anaconda3/lib/python3.11/site-packages/starlette/_exception_handler.py", line 53, in wrapped_app
    raise exc
  File "/Users/juliareinhart/anaconda3/lib/python3.11/site-packages/starlette/_exception_handler.py", line 42, in wrapped_app
    await app(scope, receive, sender)
  File "/Users/juliareinhart/anaconda3/lib/python3.11/site-packages/starlette/routing.py", line 714, in __call__
    await self.middleware_stack(scope, receive, send)
  File "/Users/juliareinhart/anaconda3/lib/python3.11/site-packages/starlette/routing.py", line 734, in app
    await route.handle(scope, receive, send)
  File "/Users/juliareinhart/anaconda3/lib/python3.11/site-packages/starlette/routing.py", line 288, in handle
    await self.app(scope, receive, send)
  File "/Users/juliareinhart/anaconda3/lib/python3.11/site-packages/starlette/routing.py", line 76, in app
    await wrap_app_handling_exceptions(app, request)(scope, receive, send)
  File "/Users/juliareinhart/anaconda3/lib/python3.11/site-packages/starlette/_exception_handler.py", line 53, in wrapped_app
    raise exc
  File "/Users/juliareinhart/anaconda3/lib/python3.11/site-packages/starlette/_exception_handler.py", line 42, in wrapped_app
    await app(scope, receive, sender)
  File "/Users/juliareinhart/anaconda3/lib/python3.11/site-packages/starlette/routing.py", line 73, in app
    response = await f(request)
               ^^^^^^^^^^^^^^^^
  File "/Users/juliareinhart/anaconda3/lib/python3.11/site-packages/fastapi/routing.py", line 301, in app
    raw_response = await run_endpoint_function(
                   ^^^^^^^^^^^^^^^^^^^^^^^^^^^^
  File "/Users/juliareinhart/anaconda3/lib/python3.11/site-packages/fastapi/routing.py", line 212, in run_endpoint_function
    return await dependant.call(**values)
           ^^^^^^^^^^^^^^^^^^^^^^^^^^^^^^
  File "/Users/juliareinhart/anaconda3/lib/python3.11/site-packages/chromadb/telemetry/opentelemetry/__init__.py", line 130, in wrapper
    return await f(*args, **kwargs)
           ^^^^^^^^^^^^^^^^^^^^^^^^
  File "/Users/juliareinhart/anaconda3/lib/python3.11/site-packages/chromadb/server/fastapi/__init__.py", line 630, in create_collection
    await to_thread.run_sync(
  File "/Users/juliareinhart/anaconda3/lib/python3.11/site-packages/anyio/to_thread.py", line 33, in run_sync
    return await get_asynclib().run_sync_in_worker_thread(
           ^^^^^^^^^^^^^^^^^^^^^^^^^^^^^^^^^^^^^^^^^^^^^^^
  File "/Users/juliareinhart/anaconda3/lib/python3.11/site-packages/anyio/_backends/_asyncio.py", line 877, in run_sync_in_worker_thread
    return await future
           ^^^^^^^^^^^^
  File "/Users/juliareinhart/anaconda3/lib/python3.11/site-packages/anyio/_backends/_asyncio.py", line 807, in run
    result = context.run(func, *args)
             ^^^^^^^^^^^^^^^^^^^^^^^^
  File "/Users/juliareinhart/anaconda3/lib/python3.11/site-packages/chromadb/server/fastapi/__init__.py", line 620, in process_create_collection
    return self._api.create_collection(
           ^^^^^^^^^^^^^^^^^^^^^^^^^^^^
  File "/Users/juliareinhart/anaconda3/lib/python3.11/site-packages/chromadb/telemetry/opentelemetry/__init__.py", line 143, in wrapper
    return f(*args, **kwargs)
           ^^^^^^^^^^^^^^^^^^
  File "/Users/juliareinhart/anaconda3/lib/python3.11/site-packages/chromadb/api/segment.py", line 173, in create_collection
    coll, created = self._sysdb.create_collection(
                    ^^^^^^^^^^^^^^^^^^^^^^^^^^^^^^
  File "/Users/juliareinhart/anaconda3/lib/python3.11/site-packages/chromadb/telemetry/opentelemetry/__init__.py", line 143, in wrapper
    return f(*args, **kwargs)
           ^^^^^^^^^^^^^^^^^^
  File "/Users/juliareinhart/anaconda3/lib/python3.11/site-packages/chromadb/db/mixins/sysdb.py", line 220, in create_collection
    raise UniqueConstraintError(f"Collection {name} already exists")
chromadb.db.base.UniqueConstraintError: Collection maintstar-docs already exists
[32mINFO[0m:     [06-07-2025 14:26:04] 127.0.0.1:54271 - "POST /api/v1/collections HTTP/1.1" 500
[32mINFO[0m:     [06-07-2025 14:26:05] 127.0.0.1:54271 - "GET /api/v1/collections HTTP/1.1" 200
[33mWARNING[0m:  [06-07-2025 14:26:05] Add of existing embedding ID: CH1 - Work Orders.txt-chunk-0
[33mWARNING[0m:  [06-07-2025 14:26:05] Insert of existing embedding ID: CH1 - Work Orders.txt-chunk-0
[32mINFO[0m:     [06-07-2025 14:26:05] 127.0.0.1:54271 - "POST /api/v1/collections/06759ce4-e469-411b-abf9-124c05eb9bf1/add HTTP/1.1" 201
[32mINFO[0m:     [06-07-2025 14:26:05] 127.0.0.1:54271 - "GET /api/v1/collections HTTP/1.1" 200
[31mERROR[0m:    [06-07-2025 14:26:05] Collection maintstar-docs already exists
Traceback (most recent call last):
  File "/Users/juliareinhart/anaconda3/lib/python3.11/site-packages/anyio/streams/memory.py", line 98, in receive
    return self.receive_nowait()
           ^^^^^^^^^^^^^^^^^^^^^
  File "/Users/juliareinhart/anaconda3/lib/python3.11/site-packages/anyio/streams/memory.py", line 93, in receive_nowait
    raise WouldBlock
anyio.WouldBlock

During handling of the above exception, another exception occurred:

Traceback (most recent call last):
  File "/Users/juliareinhart/anaconda3/lib/python3.11/site-packages/starlette/middleware/base.py", line 148, in call_next
    message = await recv_stream.receive()
              ^^^^^^^^^^^^^^^^^^^^^^^^^^^
  File "/Users/juliareinhart/anaconda3/lib/python3.11/site-packages/anyio/streams/memory.py", line 118, in receive
    raise EndOfStream
anyio.EndOfStream

During handling of the above exception, another exception occurred:

Traceback (most recent call last):
  File "/Users/juliareinhart/anaconda3/lib/python3.11/site-packages/chromadb/server/fastapi/__init__.py", line 78, in catch_exceptions_middleware
    return await call_next(request)
           ^^^^^^^^^^^^^^^^^^^^^^^^
  File "/Users/juliareinhart/anaconda3/lib/python3.11/site-packages/starlette/middleware/base.py", line 156, in call_next
    raise app_exc
  File "/Users/juliareinhart/anaconda3/lib/python3.11/site-packages/starlette/middleware/base.py", line 141, in coro
    await self.app(scope, receive_or_disconnect, send_no_error)
  File "/Users/juliareinhart/anaconda3/lib/python3.11/site-packages/starlette/middleware/base.py", line 178, in __call__
    response = await self.dispatch_func(request, call_next)
               ^^^^^^^^^^^^^^^^^^^^^^^^^^^^^^^^^^^^^^^^^^^^
  File "/Users/juliareinhart/anaconda3/lib/python3.11/site-packages/chromadb/server/fastapi/__init__.py", line 92, in check_http_version_middleware
    return await call_next(request)
           ^^^^^^^^^^^^^^^^^^^^^^^^
  File "/Users/juliareinhart/anaconda3/lib/python3.11/site-packages/starlette/middleware/base.py", line 156, in call_next
    raise app_exc
  File "/Users/juliareinhart/anaconda3/lib/python3.11/site-packages/starlette/middleware/base.py", line 141, in coro
    await self.app(scope, receive_or_disconnect, send_no_error)
  File "/Users/juliareinhart/anaconda3/lib/python3.11/site-packages/starlette/middleware/exceptions.py", line 62, in __call__
    await wrap_app_handling_exceptions(self.app, conn)(scope, receive, send)
  File "/Users/juliareinhart/anaconda3/lib/python3.11/site-packages/starlette/_exception_handler.py", line 53, in wrapped_app
    raise exc
  File "/Users/juliareinhart/anaconda3/lib/python3.11/site-packages/starlette/_exception_handler.py", line 42, in wrapped_app
    await app(scope, receive, sender)
  File "/Users/juliareinhart/anaconda3/lib/python3.11/site-packages/starlette/routing.py", line 714, in __call__
    await self.middleware_stack(scope, receive, send)
  File "/Users/juliareinhart/anaconda3/lib/python3.11/site-packages/starlette/routing.py", line 734, in app
    await route.handle(scope, receive, send)
  File "/Users/juliareinhart/anaconda3/lib/python3.11/site-packages/starlette/routing.py", line 288, in handle
    await self.app(scope, receive, send)
  File "/Users/juliareinhart/anaconda3/lib/python3.11/site-packages/starlette/routing.py", line 76, in app
    await wrap_app_handling_exceptions(app, request)(scope, receive, send)
  File "/Users/juliareinhart/anaconda3/lib/python3.11/site-packages/starlette/_exception_handler.py", line 53, in wrapped_app
    raise exc
  File "/Users/juliareinhart/anaconda3/lib/python3.11/site-packages/starlette/_exception_handler.py", line 42, in wrapped_app
    await app(scope, receive, sender)
  File "/Users/juliareinhart/anaconda3/lib/python3.11/site-packages/starlette/routing.py", line 73, in app
    response = await f(request)
               ^^^^^^^^^^^^^^^^
  File "/Users/juliareinhart/anaconda3/lib/python3.11/site-packages/fastapi/routing.py", line 301, in app
    raw_response = await run_endpoint_function(
                   ^^^^^^^^^^^^^^^^^^^^^^^^^^^^
  File "/Users/juliareinhart/anaconda3/lib/python3.11/site-packages/fastapi/routing.py", line 212, in run_endpoint_function
    return await dependant.call(**values)
           ^^^^^^^^^^^^^^^^^^^^^^^^^^^^^^
  File "/Users/juliareinhart/anaconda3/lib/python3.11/site-packages/chromadb/telemetry/opentelemetry/__init__.py", line 130, in wrapper
    return await f(*args, **kwargs)
           ^^^^^^^^^^^^^^^^^^^^^^^^
  File "/Users/juliareinhart/anaconda3/lib/python3.11/site-packages/chromadb/server/fastapi/__init__.py", line 630, in create_collection
    await to_thread.run_sync(
  File "/Users/juliareinhart/anaconda3/lib/python3.11/site-packages/anyio/to_thread.py", line 33, in run_sync
    return await get_asynclib().run_sync_in_worker_thread(
           ^^^^^^^^^^^^^^^^^^^^^^^^^^^^^^^^^^^^^^^^^^^^^^^
  File "/Users/juliareinhart/anaconda3/lib/python3.11/site-packages/anyio/_backends/_asyncio.py", line 877, in run_sync_in_worker_thread
    return await future
           ^^^^^^^^^^^^
  File "/Users/juliareinhart/anaconda3/lib/python3.11/site-packages/anyio/_backends/_asyncio.py", line 807, in run
    result = context.run(func, *args)
             ^^^^^^^^^^^^^^^^^^^^^^^^
  File "/Users/juliareinhart/anaconda3/lib/python3.11/site-packages/chromadb/server/fastapi/__init__.py", line 620, in process_create_collection
    return self._api.create_collection(
           ^^^^^^^^^^^^^^^^^^^^^^^^^^^^
  File "/Users/juliareinhart/anaconda3/lib/python3.11/site-packages/chromadb/telemetry/opentelemetry/__init__.py", line 143, in wrapper
    return f(*args, **kwargs)
           ^^^^^^^^^^^^^^^^^^
  File "/Users/juliareinhart/anaconda3/lib/python3.11/site-packages/chromadb/api/segment.py", line 173, in create_collection
    coll, created = self._sysdb.create_collection(
                    ^^^^^^^^^^^^^^^^^^^^^^^^^^^^^^
  File "/Users/juliareinhart/anaconda3/lib/python3.11/site-packages/chromadb/telemetry/opentelemetry/__init__.py", line 143, in wrapper
    return f(*args, **kwargs)
           ^^^^^^^^^^^^^^^^^^
  File "/Users/juliareinhart/anaconda3/lib/python3.11/site-packages/chromadb/db/mixins/sysdb.py", line 220, in create_collection
    raise UniqueConstraintError(f"Collection {name} already exists")
chromadb.db.base.UniqueConstraintError: Collection maintstar-docs already exists
[32mINFO[0m:     [06-07-2025 14:26:05] 127.0.0.1:54271 - "POST /api/v1/collections HTTP/1.1" 500
[32mINFO[0m:     [06-07-2025 14:26:05] 127.0.0.1:54271 - "GET /api/v1/collections HTTP/1.1" 200
[33mWARNING[0m:  [06-07-2025 14:26:05] Add of existing embedding ID: CH1_3 - CM Templates.txt-chunk-0
[33mWARNING[0m:  [06-07-2025 14:26:05] Insert of existing embedding ID: CH1_3 - CM Templates.txt-chunk-0
[32mINFO[0m:     [06-07-2025 14:26:05] 127.0.0.1:54271 - "POST /api/v1/collections/06759ce4-e469-411b-abf9-124c05eb9bf1/add HTTP/1.1" 201
[32mINFO[0m:     [06-07-2025 14:26:05] 127.0.0.1:54271 - "GET /api/v1/collections HTTP/1.1" 200
[31mERROR[0m:    [06-07-2025 14:26:05] Collection maintstar-docs already exists
Traceback (most recent call last):
  File "/Users/juliareinhart/anaconda3/lib/python3.11/site-packages/anyio/streams/memory.py", line 98, in receive
    return self.receive_nowait()
           ^^^^^^^^^^^^^^^^^^^^^
  File "/Users/juliareinhart/anaconda3/lib/python3.11/site-packages/anyio/streams/memory.py", line 93, in receive_nowait
    raise WouldBlock
anyio.WouldBlock

During handling of the above exception, another exception occurred:

Traceback (most recent call last):
  File "/Users/juliareinhart/anaconda3/lib/python3.11/site-packages/starlette/middleware/base.py", line 148, in call_next
    message = await recv_stream.receive()
              ^^^^^^^^^^^^^^^^^^^^^^^^^^^
  File "/Users/juliareinhart/anaconda3/lib/python3.11/site-packages/anyio/streams/memory.py", line 118, in receive
    raise EndOfStream
anyio.EndOfStream

During handling of the above exception, another exception occurred:

Traceback (most recent call last):
  File "/Users/juliareinhart/anaconda3/lib/python3.11/site-packages/chromadb/server/fastapi/__init__.py", line 78, in catch_exceptions_middleware
    return await call_next(request)
           ^^^^^^^^^^^^^^^^^^^^^^^^
  File "/Users/juliareinhart/anaconda3/lib/python3.11/site-packages/starlette/middleware/base.py", line 156, in call_next
    raise app_exc
  File "/Users/juliareinhart/anaconda3/lib/python3.11/site-packages/starlette/middleware/base.py", line 141, in coro
    await self.app(scope, receive_or_disconnect, send_no_error)
  File "/Users/juliareinhart/anaconda3/lib/python3.11/site-packages/starlette/middleware/base.py", line 178, in __call__
    response = await self.dispatch_func(request, call_next)
               ^^^^^^^^^^^^^^^^^^^^^^^^^^^^^^^^^^^^^^^^^^^^
  File "/Users/juliareinhart/anaconda3/lib/python3.11/site-packages/chromadb/server/fastapi/__init__.py", line 92, in check_http_version_middleware
    return await call_next(request)
           ^^^^^^^^^^^^^^^^^^^^^^^^
  File "/Users/juliareinhart/anaconda3/lib/python3.11/site-packages/starlette/middleware/base.py", line 156, in call_next
    raise app_exc
  File "/Users/juliareinhart/anaconda3/lib/python3.11/site-packages/starlette/middleware/base.py", line 141, in coro
    await self.app(scope, receive_or_disconnect, send_no_error)
  File "/Users/juliareinhart/anaconda3/lib/python3.11/site-packages/starlette/middleware/exceptions.py", line 62, in __call__
    await wrap_app_handling_exceptions(self.app, conn)(scope, receive, send)
  File "/Users/juliareinhart/anaconda3/lib/python3.11/site-packages/starlette/_exception_handler.py", line 53, in wrapped_app
    raise exc
  File "/Users/juliareinhart/anaconda3/lib/python3.11/site-packages/starlette/_exception_handler.py", line 42, in wrapped_app
    await app(scope, receive, sender)
  File "/Users/juliareinhart/anaconda3/lib/python3.11/site-packages/starlette/routing.py", line 714, in __call__
    await self.middleware_stack(scope, receive, send)
  File "/Users/juliareinhart/anaconda3/lib/python3.11/site-packages/starlette/routing.py", line 734, in app
    await route.handle(scope, receive, send)
  File "/Users/juliareinhart/anaconda3/lib/python3.11/site-packages/starlette/routing.py", line 288, in handle
    await self.app(scope, receive, send)
  File "/Users/juliareinhart/anaconda3/lib/python3.11/site-packages/starlette/routing.py", line 76, in app
    await wrap_app_handling_exceptions(app, request)(scope, receive, send)
  File "/Users/juliareinhart/anaconda3/lib/python3.11/site-packages/starlette/_exception_handler.py", line 53, in wrapped_app
    raise exc
  File "/Users/juliareinhart/anaconda3/lib/python3.11/site-packages/starlette/_exception_handler.py", line 42, in wrapped_app
    await app(scope, receive, sender)
  File "/Users/juliareinhart/anaconda3/lib/python3.11/site-packages/starlette/routing.py", line 73, in app
    response = await f(request)
               ^^^^^^^^^^^^^^^^
  File "/Users/juliareinhart/anaconda3/lib/python3.11/site-packages/fastapi/routing.py", line 301, in app
    raw_response = await run_endpoint_function(
                   ^^^^^^^^^^^^^^^^^^^^^^^^^^^^
  File "/Users/juliareinhart/anaconda3/lib/python3.11/site-packages/fastapi/routing.py", line 212, in run_endpoint_function
    return await dependant.call(**values)
           ^^^^^^^^^^^^^^^^^^^^^^^^^^^^^^
  File "/Users/juliareinhart/anaconda3/lib/python3.11/site-packages/chromadb/telemetry/opentelemetry/__init__.py", line 130, in wrapper
    return await f(*args, **kwargs)
           ^^^^^^^^^^^^^^^^^^^^^^^^
  File "/Users/juliareinhart/anaconda3/lib/python3.11/site-packages/chromadb/server/fastapi/__init__.py", line 630, in create_collection
    await to_thread.run_sync(
  File "/Users/juliareinhart/anaconda3/lib/python3.11/site-packages/anyio/to_thread.py", line 33, in run_sync
    return await get_asynclib().run_sync_in_worker_thread(
           ^^^^^^^^^^^^^^^^^^^^^^^^^^^^^^^^^^^^^^^^^^^^^^^
  File "/Users/juliareinhart/anaconda3/lib/python3.11/site-packages/anyio/_backends/_asyncio.py", line 877, in run_sync_in_worker_thread
    return await future
           ^^^^^^^^^^^^
  File "/Users/juliareinhart/anaconda3/lib/python3.11/site-packages/anyio/_backends/_asyncio.py", line 807, in run
    result = context.run(func, *args)
             ^^^^^^^^^^^^^^^^^^^^^^^^
  File "/Users/juliareinhart/anaconda3/lib/python3.11/site-packages/chromadb/server/fastapi/__init__.py", line 620, in process_create_collection
    return self._api.create_collection(
           ^^^^^^^^^^^^^^^^^^^^^^^^^^^^
  File "/Users/juliareinhart/anaconda3/lib/python3.11/site-packages/chromadb/telemetry/opentelemetry/__init__.py", line 143, in wrapper
    return f(*args, **kwargs)
           ^^^^^^^^^^^^^^^^^^
  File "/Users/juliareinhart/anaconda3/lib/python3.11/site-packages/chromadb/api/segment.py", line 173, in create_collection
    coll, created = self._sysdb.create_collection(
                    ^^^^^^^^^^^^^^^^^^^^^^^^^^^^^^
  File "/Users/juliareinhart/anaconda3/lib/python3.11/site-packages/chromadb/telemetry/opentelemetry/__init__.py", line 143, in wrapper
    return f(*args, **kwargs)
           ^^^^^^^^^^^^^^^^^^
  File "/Users/juliareinhart/anaconda3/lib/python3.11/site-packages/chromadb/db/mixins/sysdb.py", line 220, in create_collection
    raise UniqueConstraintError(f"Collection {name} already exists")
chromadb.db.base.UniqueConstraintError: Collection maintstar-docs already exists
[32mINFO[0m:     [06-07-2025 14:26:05] 127.0.0.1:54271 - "POST /api/v1/collections HTTP/1.1" 500
[32mINFO[0m:     [06-07-2025 14:26:06] 127.0.0.1:54271 - "GET /api/v1/collections HTTP/1.1" 200
[33mWARNING[0m:  [06-07-2025 14:26:06] Add of existing embedding ID: CH2 - Preventative Maintenance.txt-chunk-0
[33mWARNING[0m:  [06-07-2025 14:26:06] Add of existing embedding ID: CH2 - Preventative Maintenance.txt-chunk-1
[33mWARNING[0m:  [06-07-2025 14:26:06] Insert of existing embedding ID: CH2 - Preventative Maintenance.txt-chunk-0
[33mWARNING[0m:  [06-07-2025 14:26:06] Insert of existing embedding ID: CH2 - Preventative Maintenance.txt-chunk-1
[32mINFO[0m:     [06-07-2025 14:26:06] 127.0.0.1:54271 - "POST /api/v1/collections/06759ce4-e469-411b-abf9-124c05eb9bf1/add HTTP/1.1" 201
[32mINFO[0m:     [06-07-2025 14:26:06] 127.0.0.1:54271 - "GET /api/v1/collections HTTP/1.1" 200
[31mERROR[0m:    [06-07-2025 14:26:06] Collection maintstar-docs already exists
Traceback (most recent call last):
  File "/Users/juliareinhart/anaconda3/lib/python3.11/site-packages/anyio/streams/memory.py", line 98, in receive
    return self.receive_nowait()
           ^^^^^^^^^^^^^^^^^^^^^
  File "/Users/juliareinhart/anaconda3/lib/python3.11/site-packages/anyio/streams/memory.py", line 93, in receive_nowait
    raise WouldBlock
anyio.WouldBlock

During handling of the above exception, another exception occurred:

Traceback (most recent call last):
  File "/Users/juliareinhart/anaconda3/lib/python3.11/site-packages/starlette/middleware/base.py", line 148, in call_next
    message = await recv_stream.receive()
              ^^^^^^^^^^^^^^^^^^^^^^^^^^^
  File "/Users/juliareinhart/anaconda3/lib/python3.11/site-packages/anyio/streams/memory.py", line 118, in receive
    raise EndOfStream
anyio.EndOfStream

During handling of the above exception, another exception occurred:

Traceback (most recent call last):
  File "/Users/juliareinhart/anaconda3/lib/python3.11/site-packages/chromadb/server/fastapi/__init__.py", line 78, in catch_exceptions_middleware
    return await call_next(request)
           ^^^^^^^^^^^^^^^^^^^^^^^^
  File "/Users/juliareinhart/anaconda3/lib/python3.11/site-packages/starlette/middleware/base.py", line 156, in call_next
    raise app_exc
  File "/Users/juliareinhart/anaconda3/lib/python3.11/site-packages/starlette/middleware/base.py", line 141, in coro
    await self.app(scope, receive_or_disconnect, send_no_error)
  File "/Users/juliareinhart/anaconda3/lib/python3.11/site-packages/starlette/middleware/base.py", line 178, in __call__
    response = await self.dispatch_func(request, call_next)
               ^^^^^^^^^^^^^^^^^^^^^^^^^^^^^^^^^^^^^^^^^^^^
  File "/Users/juliareinhart/anaconda3/lib/python3.11/site-packages/chromadb/server/fastapi/__init__.py", line 92, in check_http_version_middleware
    return await call_next(request)
           ^^^^^^^^^^^^^^^^^^^^^^^^
  File "/Users/juliareinhart/anaconda3/lib/python3.11/site-packages/starlette/middleware/base.py", line 156, in call_next
    raise app_exc
  File "/Users/juliareinhart/anaconda3/lib/python3.11/site-packages/starlette/middleware/base.py", line 141, in coro
    await self.app(scope, receive_or_disconnect, send_no_error)
  File "/Users/juliareinhart/anaconda3/lib/python3.11/site-packages/starlette/middleware/exceptions.py", line 62, in __call__
    await wrap_app_handling_exceptions(self.app, conn)(scope, receive, send)
  File "/Users/juliareinhart/anaconda3/lib/python3.11/site-packages/starlette/_exception_handler.py", line 53, in wrapped_app
    raise exc
  File "/Users/juliareinhart/anaconda3/lib/python3.11/site-packages/starlette/_exception_handler.py", line 42, in wrapped_app
    await app(scope, receive, sender)
  File "/Users/juliareinhart/anaconda3/lib/python3.11/site-packages/starlette/routing.py", line 714, in __call__
    await self.middleware_stack(scope, receive, send)
  File "/Users/juliareinhart/anaconda3/lib/python3.11/site-packages/starlette/routing.py", line 734, in app
    await route.handle(scope, receive, send)
  File "/Users/juliareinhart/anaconda3/lib/python3.11/site-packages/starlette/routing.py", line 288, in handle
    await self.app(scope, receive, send)
  File "/Users/juliareinhart/anaconda3/lib/python3.11/site-packages/starlette/routing.py", line 76, in app
    await wrap_app_handling_exceptions(app, request)(scope, receive, send)
  File "/Users/juliareinhart/anaconda3/lib/python3.11/site-packages/starlette/_exception_handler.py", line 53, in wrapped_app
    raise exc
  File "/Users/juliareinhart/anaconda3/lib/python3.11/site-packages/starlette/_exception_handler.py", line 42, in wrapped_app
    await app(scope, receive, sender)
  File "/Users/juliareinhart/anaconda3/lib/python3.11/site-packages/starlette/routing.py", line 73, in app
    response = await f(request)
               ^^^^^^^^^^^^^^^^
  File "/Users/juliareinhart/anaconda3/lib/python3.11/site-packages/fastapi/routing.py", line 301, in app
    raw_response = await run_endpoint_function(
                   ^^^^^^^^^^^^^^^^^^^^^^^^^^^^
  File "/Users/juliareinhart/anaconda3/lib/python3.11/site-packages/fastapi/routing.py", line 212, in run_endpoint_function
    return await dependant.call(**values)
           ^^^^^^^^^^^^^^^^^^^^^^^^^^^^^^
  File "/Users/juliareinhart/anaconda3/lib/python3.11/site-packages/chromadb/telemetry/opentelemetry/__init__.py", line 130, in wrapper
    return await f(*args, **kwargs)
           ^^^^^^^^^^^^^^^^^^^^^^^^
  File "/Users/juliareinhart/anaconda3/lib/python3.11/site-packages/chromadb/server/fastapi/__init__.py", line 630, in create_collection
    await to_thread.run_sync(
  File "/Users/juliareinhart/anaconda3/lib/python3.11/site-packages/anyio/to_thread.py", line 33, in run_sync
    return await get_asynclib().run_sync_in_worker_thread(
           ^^^^^^^^^^^^^^^^^^^^^^^^^^^^^^^^^^^^^^^^^^^^^^^
  File "/Users/juliareinhart/anaconda3/lib/python3.11/site-packages/anyio/_backends/_asyncio.py", line 877, in run_sync_in_worker_thread
    return await future
           ^^^^^^^^^^^^
  File "/Users/juliareinhart/anaconda3/lib/python3.11/site-packages/anyio/_backends/_asyncio.py", line 807, in run
    result = context.run(func, *args)
             ^^^^^^^^^^^^^^^^^^^^^^^^
  File "/Users/juliareinhart/anaconda3/lib/python3.11/site-packages/chromadb/server/fastapi/__init__.py", line 620, in process_create_collection
    return self._api.create_collection(
           ^^^^^^^^^^^^^^^^^^^^^^^^^^^^
  File "/Users/juliareinhart/anaconda3/lib/python3.11/site-packages/chromadb/telemetry/opentelemetry/__init__.py", line 143, in wrapper
    return f(*args, **kwargs)
           ^^^^^^^^^^^^^^^^^^
  File "/Users/juliareinhart/anaconda3/lib/python3.11/site-packages/chromadb/api/segment.py", line 173, in create_collection
    coll, created = self._sysdb.create_collection(
                    ^^^^^^^^^^^^^^^^^^^^^^^^^^^^^^
  File "/Users/juliareinhart/anaconda3/lib/python3.11/site-packages/chromadb/telemetry/opentelemetry/__init__.py", line 143, in wrapper
    return f(*args, **kwargs)
           ^^^^^^^^^^^^^^^^^^
  File "/Users/juliareinhart/anaconda3/lib/python3.11/site-packages/chromadb/db/mixins/sysdb.py", line 220, in create_collection
    raise UniqueConstraintError(f"Collection {name} already exists")
chromadb.db.base.UniqueConstraintError: Collection maintstar-docs already exists
[32mINFO[0m:     [06-07-2025 14:26:06] 127.0.0.1:54271 - "POST /api/v1/collections HTTP/1.1" 500
[32mINFO[0m:     [06-07-2025 14:26:07] 127.0.0.1:54271 - "GET /api/v1/collections HTTP/1.1" 200
[33mWARNING[0m:  [06-07-2025 14:26:07] Add of existing embedding ID: CH3 - Work Request and Portal.txt-chunk-0
[33mWARNING[0m:  [06-07-2025 14:26:07] Add of existing embedding ID: CH3 - Work Request and Portal.txt-chunk-1
[33mWARNING[0m:  [06-07-2025 14:26:07] Insert of existing embedding ID: CH3 - Work Request and Portal.txt-chunk-0
[33mWARNING[0m:  [06-07-2025 14:26:07] Insert of existing embedding ID: CH3 - Work Request and Portal.txt-chunk-1
[32mINFO[0m:     [06-07-2025 14:26:07] 127.0.0.1:54271 - "POST /api/v1/collections/06759ce4-e469-411b-abf9-124c05eb9bf1/add HTTP/1.1" 201
[32mINFO[0m:     [06-07-2025 14:26:07] 127.0.0.1:54271 - "GET /api/v1/collections HTTP/1.1" 200
[31mERROR[0m:    [06-07-2025 14:26:07] Collection maintstar-docs already exists
Traceback (most recent call last):
  File "/Users/juliareinhart/anaconda3/lib/python3.11/site-packages/anyio/streams/memory.py", line 98, in receive
    return self.receive_nowait()
           ^^^^^^^^^^^^^^^^^^^^^
  File "/Users/juliareinhart/anaconda3/lib/python3.11/site-packages/anyio/streams/memory.py", line 93, in receive_nowait
    raise WouldBlock
anyio.WouldBlock

During handling of the above exception, another exception occurred:

Traceback (most recent call last):
  File "/Users/juliareinhart/anaconda3/lib/python3.11/site-packages/starlette/middleware/base.py", line 148, in call_next
    message = await recv_stream.receive()
              ^^^^^^^^^^^^^^^^^^^^^^^^^^^
  File "/Users/juliareinhart/anaconda3/lib/python3.11/site-packages/anyio/streams/memory.py", line 118, in receive
    raise EndOfStream
anyio.EndOfStream

During handling of the above exception, another exception occurred:

Traceback (most recent call last):
  File "/Users/juliareinhart/anaconda3/lib/python3.11/site-packages/chromadb/server/fastapi/__init__.py", line 78, in catch_exceptions_middleware
    return await call_next(request)
           ^^^^^^^^^^^^^^^^^^^^^^^^
  File "/Users/juliareinhart/anaconda3/lib/python3.11/site-packages/starlette/middleware/base.py", line 156, in call_next
    raise app_exc
  File "/Users/juliareinhart/anaconda3/lib/python3.11/site-packages/starlette/middleware/base.py", line 141, in coro
    await self.app(scope, receive_or_disconnect, send_no_error)
  File "/Users/juliareinhart/anaconda3/lib/python3.11/site-packages/starlette/middleware/base.py", line 178, in __call__
    response = await self.dispatch_func(request, call_next)
               ^^^^^^^^^^^^^^^^^^^^^^^^^^^^^^^^^^^^^^^^^^^^
  File "/Users/juliareinhart/anaconda3/lib/python3.11/site-packages/chromadb/server/fastapi/__init__.py", line 92, in check_http_version_middleware
    return await call_next(request)
           ^^^^^^^^^^^^^^^^^^^^^^^^
  File "/Users/juliareinhart/anaconda3/lib/python3.11/site-packages/starlette/middleware/base.py", line 156, in call_next
    raise app_exc
  File "/Users/juliareinhart/anaconda3/lib/python3.11/site-packages/starlette/middleware/base.py", line 141, in coro
    await self.app(scope, receive_or_disconnect, send_no_error)
  File "/Users/juliareinhart/anaconda3/lib/python3.11/site-packages/starlette/middleware/exceptions.py", line 62, in __call__
    await wrap_app_handling_exceptions(self.app, conn)(scope, receive, send)
  File "/Users/juliareinhart/anaconda3/lib/python3.11/site-packages/starlette/_exception_handler.py", line 53, in wrapped_app
    raise exc
  File "/Users/juliareinhart/anaconda3/lib/python3.11/site-packages/starlette/_exception_handler.py", line 42, in wrapped_app
    await app(scope, receive, sender)
  File "/Users/juliareinhart/anaconda3/lib/python3.11/site-packages/starlette/routing.py", line 714, in __call__
    await self.middleware_stack(scope, receive, send)
  File "/Users/juliareinhart/anaconda3/lib/python3.11/site-packages/starlette/routing.py", line 734, in app
    await route.handle(scope, receive, send)
  File "/Users/juliareinhart/anaconda3/lib/python3.11/site-packages/starlette/routing.py", line 288, in handle
    await self.app(scope, receive, send)
  File "/Users/juliareinhart/anaconda3/lib/python3.11/site-packages/starlette/routing.py", line 76, in app
    await wrap_app_handling_exceptions(app, request)(scope, receive, send)
  File "/Users/juliareinhart/anaconda3/lib/python3.11/site-packages/starlette/_exception_handler.py", line 53, in wrapped_app
    raise exc
  File "/Users/juliareinhart/anaconda3/lib/python3.11/site-packages/starlette/_exception_handler.py", line 42, in wrapped_app
    await app(scope, receive, sender)
  File "/Users/juliareinhart/anaconda3/lib/python3.11/site-packages/starlette/routing.py", line 73, in app
    response = await f(request)
               ^^^^^^^^^^^^^^^^
  File "/Users/juliareinhart/anaconda3/lib/python3.11/site-packages/fastapi/routing.py", line 301, in app
    raw_response = await run_endpoint_function(
                   ^^^^^^^^^^^^^^^^^^^^^^^^^^^^
  File "/Users/juliareinhart/anaconda3/lib/python3.11/site-packages/fastapi/routing.py", line 212, in run_endpoint_function
    return await dependant.call(**values)
           ^^^^^^^^^^^^^^^^^^^^^^^^^^^^^^
  File "/Users/juliareinhart/anaconda3/lib/python3.11/site-packages/chromadb/telemetry/opentelemetry/__init__.py", line 130, in wrapper
    return await f(*args, **kwargs)
           ^^^^^^^^^^^^^^^^^^^^^^^^
  File "/Users/juliareinhart/anaconda3/lib/python3.11/site-packages/chromadb/server/fastapi/__init__.py", line 630, in create_collection
    await to_thread.run_sync(
  File "/Users/juliareinhart/anaconda3/lib/python3.11/site-packages/anyio/to_thread.py", line 33, in run_sync
    return await get_asynclib().run_sync_in_worker_thread(
           ^^^^^^^^^^^^^^^^^^^^^^^^^^^^^^^^^^^^^^^^^^^^^^^
  File "/Users/juliareinhart/anaconda3/lib/python3.11/site-packages/anyio/_backends/_asyncio.py", line 877, in run_sync_in_worker_thread
    return await future
           ^^^^^^^^^^^^
  File "/Users/juliareinhart/anaconda3/lib/python3.11/site-packages/anyio/_backends/_asyncio.py", line 807, in run
    result = context.run(func, *args)
             ^^^^^^^^^^^^^^^^^^^^^^^^
  File "/Users/juliareinhart/anaconda3/lib/python3.11/site-packages/chromadb/server/fastapi/__init__.py", line 620, in process_create_collection
    return self._api.create_collection(
           ^^^^^^^^^^^^^^^^^^^^^^^^^^^^
  File "/Users/juliareinhart/anaconda3/lib/python3.11/site-packages/chromadb/telemetry/opentelemetry/__init__.py", line 143, in wrapper
    return f(*args, **kwargs)
           ^^^^^^^^^^^^^^^^^^
  File "/Users/juliareinhart/anaconda3/lib/python3.11/site-packages/chromadb/api/segment.py", line 173, in create_collection
    coll, created = self._sysdb.create_collection(
                    ^^^^^^^^^^^^^^^^^^^^^^^^^^^^^^
  File "/Users/juliareinhart/anaconda3/lib/python3.11/site-packages/chromadb/telemetry/opentelemetry/__init__.py", line 143, in wrapper
    return f(*args, **kwargs)
           ^^^^^^^^^^^^^^^^^^
  File "/Users/juliareinhart/anaconda3/lib/python3.11/site-packages/chromadb/db/mixins/sysdb.py", line 220, in create_collection
    raise UniqueConstraintError(f"Collection {name} already exists")
chromadb.db.base.UniqueConstraintError: Collection maintstar-docs already exists
[32mINFO[0m:     [06-07-2025 14:26:07] 127.0.0.1:54271 - "POST /api/v1/collections HTTP/1.1" 500
[32mINFO[0m:     [06-07-2025 14:26:07] 127.0.0.1:54271 - "GET /api/v1/collections HTTP/1.1" 200
[33mWARNING[0m:  [06-07-2025 14:26:07] Add of existing embedding ID: CH4 - Notifications.txt-chunk-0
[33mWARNING[0m:  [06-07-2025 14:26:07] Insert of existing embedding ID: CH4 - Notifications.txt-chunk-0
[32mINFO[0m:     [06-07-2025 14:26:07] 127.0.0.1:54271 - "POST /api/v1/collections/06759ce4-e469-411b-abf9-124c05eb9bf1/add HTTP/1.1" 201
[32mINFO[0m:     [06-07-2025 14:26:07] 127.0.0.1:54271 - "GET /api/v1/collections HTTP/1.1" 200
[31mERROR[0m:    [06-07-2025 14:26:07] Collection maintstar-docs already exists
Traceback (most recent call last):
  File "/Users/juliareinhart/anaconda3/lib/python3.11/site-packages/anyio/streams/memory.py", line 98, in receive
    return self.receive_nowait()
           ^^^^^^^^^^^^^^^^^^^^^
  File "/Users/juliareinhart/anaconda3/lib/python3.11/site-packages/anyio/streams/memory.py", line 93, in receive_nowait
    raise WouldBlock
anyio.WouldBlock

During handling of the above exception, another exception occurred:

Traceback (most recent call last):
  File "/Users/juliareinhart/anaconda3/lib/python3.11/site-packages/starlette/middleware/base.py", line 148, in call_next
    message = await recv_stream.receive()
              ^^^^^^^^^^^^^^^^^^^^^^^^^^^
  File "/Users/juliareinhart/anaconda3/lib/python3.11/site-packages/anyio/streams/memory.py", line 118, in receive
    raise EndOfStream
anyio.EndOfStream

During handling of the above exception, another exception occurred:

Traceback (most recent call last):
  File "/Users/juliareinhart/anaconda3/lib/python3.11/site-packages/chromadb/server/fastapi/__init__.py", line 78, in catch_exceptions_middleware
    return await call_next(request)
           ^^^^^^^^^^^^^^^^^^^^^^^^
  File "/Users/juliareinhart/anaconda3/lib/python3.11/site-packages/starlette/middleware/base.py", line 156, in call_next
    raise app_exc
  File "/Users/juliareinhart/anaconda3/lib/python3.11/site-packages/starlette/middleware/base.py", line 141, in coro
    await self.app(scope, receive_or_disconnect, send_no_error)
  File "/Users/juliareinhart/anaconda3/lib/python3.11/site-packages/starlette/middleware/base.py", line 178, in __call__
    response = await self.dispatch_func(request, call_next)
               ^^^^^^^^^^^^^^^^^^^^^^^^^^^^^^^^^^^^^^^^^^^^
  File "/Users/juliareinhart/anaconda3/lib/python3.11/site-packages/chromadb/server/fastapi/__init__.py", line 92, in check_http_version_middleware
    return await call_next(request)
           ^^^^^^^^^^^^^^^^^^^^^^^^
  File "/Users/juliareinhart/anaconda3/lib/python3.11/site-packages/starlette/middleware/base.py", line 156, in call_next
    raise app_exc
  File "/Users/juliareinhart/anaconda3/lib/python3.11/site-packages/starlette/middleware/base.py", line 141, in coro
    await self.app(scope, receive_or_disconnect, send_no_error)
  File "/Users/juliareinhart/anaconda3/lib/python3.11/site-packages/starlette/middleware/exceptions.py", line 62, in __call__
    await wrap_app_handling_exceptions(self.app, conn)(scope, receive, send)
  File "/Users/juliareinhart/anaconda3/lib/python3.11/site-packages/starlette/_exception_handler.py", line 53, in wrapped_app
    raise exc
  File "/Users/juliareinhart/anaconda3/lib/python3.11/site-packages/starlette/_exception_handler.py", line 42, in wrapped_app
    await app(scope, receive, sender)
  File "/Users/juliareinhart/anaconda3/lib/python3.11/site-packages/starlette/routing.py", line 714, in __call__
    await self.middleware_stack(scope, receive, send)
  File "/Users/juliareinhart/anaconda3/lib/python3.11/site-packages/starlette/routing.py", line 734, in app
    await route.handle(scope, receive, send)
  File "/Users/juliareinhart/anaconda3/lib/python3.11/site-packages/starlette/routing.py", line 288, in handle
    await self.app(scope, receive, send)
  File "/Users/juliareinhart/anaconda3/lib/python3.11/site-packages/starlette/routing.py", line 76, in app
    await wrap_app_handling_exceptions(app, request)(scope, receive, send)
  File "/Users/juliareinhart/anaconda3/lib/python3.11/site-packages/starlette/_exception_handler.py", line 53, in wrapped_app
    raise exc
  File "/Users/juliareinhart/anaconda3/lib/python3.11/site-packages/starlette/_exception_handler.py", line 42, in wrapped_app
    await app(scope, receive, sender)
  File "/Users/juliareinhart/anaconda3/lib/python3.11/site-packages/starlette/routing.py", line 73, in app
    response = await f(request)
               ^^^^^^^^^^^^^^^^
  File "/Users/juliareinhart/anaconda3/lib/python3.11/site-packages/fastapi/routing.py", line 301, in app
    raw_response = await run_endpoint_function(
                   ^^^^^^^^^^^^^^^^^^^^^^^^^^^^
  File "/Users/juliareinhart/anaconda3/lib/python3.11/site-packages/fastapi/routing.py", line 212, in run_endpoint_function
    return await dependant.call(**values)
           ^^^^^^^^^^^^^^^^^^^^^^^^^^^^^^
  File "/Users/juliareinhart/anaconda3/lib/python3.11/site-packages/chromadb/telemetry/opentelemetry/__init__.py", line 130, in wrapper
    return await f(*args, **kwargs)
           ^^^^^^^^^^^^^^^^^^^^^^^^
  File "/Users/juliareinhart/anaconda3/lib/python3.11/site-packages/chromadb/server/fastapi/__init__.py", line 630, in create_collection
    await to_thread.run_sync(
  File "/Users/juliareinhart/anaconda3/lib/python3.11/site-packages/anyio/to_thread.py", line 33, in run_sync
    return await get_asynclib().run_sync_in_worker_thread(
           ^^^^^^^^^^^^^^^^^^^^^^^^^^^^^^^^^^^^^^^^^^^^^^^
  File "/Users/juliareinhart/anaconda3/lib/python3.11/site-packages/anyio/_backends/_asyncio.py", line 877, in run_sync_in_worker_thread
    return await future
           ^^^^^^^^^^^^
  File "/Users/juliareinhart/anaconda3/lib/python3.11/site-packages/anyio/_backends/_asyncio.py", line 807, in run
    result = context.run(func, *args)
             ^^^^^^^^^^^^^^^^^^^^^^^^
  File "/Users/juliareinhart/anaconda3/lib/python3.11/site-packages/chromadb/server/fastapi/__init__.py", line 620, in process_create_collection
    return self._api.create_collection(
           ^^^^^^^^^^^^^^^^^^^^^^^^^^^^
  File "/Users/juliareinhart/anaconda3/lib/python3.11/site-packages/chromadb/telemetry/opentelemetry/__init__.py", line 143, in wrapper
    return f(*args, **kwargs)
           ^^^^^^^^^^^^^^^^^^
  File "/Users/juliareinhart/anaconda3/lib/python3.11/site-packages/chromadb/api/segment.py", line 173, in create_collection
    coll, created = self._sysdb.create_collection(
                    ^^^^^^^^^^^^^^^^^^^^^^^^^^^^^^
  File "/Users/juliareinhart/anaconda3/lib/python3.11/site-packages/chromadb/telemetry/opentelemetry/__init__.py", line 143, in wrapper
    return f(*args, **kwargs)
           ^^^^^^^^^^^^^^^^^^
  File "/Users/juliareinhart/anaconda3/lib/python3.11/site-packages/chromadb/db/mixins/sysdb.py", line 220, in create_collection
    raise UniqueConstraintError(f"Collection {name} already exists")
chromadb.db.base.UniqueConstraintError: Collection maintstar-docs already exists
[32mINFO[0m:     [06-07-2025 14:26:07] 127.0.0.1:54271 - "POST /api/v1/collections HTTP/1.1" 500
[32mINFO[0m:     [06-07-2025 14:26:07] 127.0.0.1:54271 - "GET /api/v1/collections HTTP/1.1" 200
[33mWARNING[0m:  [06-07-2025 14:26:07] Add of existing embedding ID: CH5 - Assets.txt-chunk-0
[33mWARNING[0m:  [06-07-2025 14:26:07] Insert of existing embedding ID: CH5 - Assets.txt-chunk-0
[32mINFO[0m:     [06-07-2025 14:26:07] 127.0.0.1:54271 - "POST /api/v1/collections/06759ce4-e469-411b-abf9-124c05eb9bf1/add HTTP/1.1" 201
[32mINFO[0m:     [06-07-2025 14:26:07] 127.0.0.1:54271 - "GET /api/v1/collections HTTP/1.1" 200
[31mERROR[0m:    [06-07-2025 14:26:07] Collection maintstar-docs already exists
Traceback (most recent call last):
  File "/Users/juliareinhart/anaconda3/lib/python3.11/site-packages/anyio/streams/memory.py", line 98, in receive
    return self.receive_nowait()
           ^^^^^^^^^^^^^^^^^^^^^
  File "/Users/juliareinhart/anaconda3/lib/python3.11/site-packages/anyio/streams/memory.py", line 93, in receive_nowait
    raise WouldBlock
anyio.WouldBlock

During handling of the above exception, another exception occurred:

Traceback (most recent call last):
  File "/Users/juliareinhart/anaconda3/lib/python3.11/site-packages/starlette/middleware/base.py", line 148, in call_next
    message = await recv_stream.receive()
              ^^^^^^^^^^^^^^^^^^^^^^^^^^^
  File "/Users/juliareinhart/anaconda3/lib/python3.11/site-packages/anyio/streams/memory.py", line 118, in receive
    raise EndOfStream
anyio.EndOfStream

During handling of the above exception, another exception occurred:

Traceback (most recent call last):
  File "/Users/juliareinhart/anaconda3/lib/python3.11/site-packages/chromadb/server/fastapi/__init__.py", line 78, in catch_exceptions_middleware
    return await call_next(request)
           ^^^^^^^^^^^^^^^^^^^^^^^^
  File "/Users/juliareinhart/anaconda3/lib/python3.11/site-packages/starlette/middleware/base.py", line 156, in call_next
    raise app_exc
  File "/Users/juliareinhart/anaconda3/lib/python3.11/site-packages/starlette/middleware/base.py", line 141, in coro
    await self.app(scope, receive_or_disconnect, send_no_error)
  File "/Users/juliareinhart/anaconda3/lib/python3.11/site-packages/starlette/middleware/base.py", line 178, in __call__
    response = await self.dispatch_func(request, call_next)
               ^^^^^^^^^^^^^^^^^^^^^^^^^^^^^^^^^^^^^^^^^^^^
  File "/Users/juliareinhart/anaconda3/lib/python3.11/site-packages/chromadb/server/fastapi/__init__.py", line 92, in check_http_version_middleware
    return await call_next(request)
           ^^^^^^^^^^^^^^^^^^^^^^^^
  File "/Users/juliareinhart/anaconda3/lib/python3.11/site-packages/starlette/middleware/base.py", line 156, in call_next
    raise app_exc
  File "/Users/juliareinhart/anaconda3/lib/python3.11/site-packages/starlette/middleware/base.py", line 141, in coro
    await self.app(scope, receive_or_disconnect, send_no_error)
  File "/Users/juliareinhart/anaconda3/lib/python3.11/site-packages/starlette/middleware/exceptions.py", line 62, in __call__
    await wrap_app_handling_exceptions(self.app, conn)(scope, receive, send)
  File "/Users/juliareinhart/anaconda3/lib/python3.11/site-packages/starlette/_exception_handler.py", line 53, in wrapped_app
    raise exc
  File "/Users/juliareinhart/anaconda3/lib/python3.11/site-packages/starlette/_exception_handler.py", line 42, in wrapped_app
    await app(scope, receive, sender)
  File "/Users/juliareinhart/anaconda3/lib/python3.11/site-packages/starlette/routing.py", line 714, in __call__
    await self.middleware_stack(scope, receive, send)
  File "/Users/juliareinhart/anaconda3/lib/python3.11/site-packages/starlette/routing.py", line 734, in app
    await route.handle(scope, receive, send)
  File "/Users/juliareinhart/anaconda3/lib/python3.11/site-packages/starlette/routing.py", line 288, in handle
    await self.app(scope, receive, send)
  File "/Users/juliareinhart/anaconda3/lib/python3.11/site-packages/starlette/routing.py", line 76, in app
    await wrap_app_handling_exceptions(app, request)(scope, receive, send)
  File "/Users/juliareinhart/anaconda3/lib/python3.11/site-packages/starlette/_exception_handler.py", line 53, in wrapped_app
    raise exc
  File "/Users/juliareinhart/anaconda3/lib/python3.11/site-packages/starlette/_exception_handler.py", line 42, in wrapped_app
    await app(scope, receive, sender)
  File "/Users/juliareinhart/anaconda3/lib/python3.11/site-packages/starlette/routing.py", line 73, in app
    response = await f(request)
               ^^^^^^^^^^^^^^^^
  File "/Users/juliareinhart/anaconda3/lib/python3.11/site-packages/fastapi/routing.py", line 301, in app
    raw_response = await run_endpoint_function(
                   ^^^^^^^^^^^^^^^^^^^^^^^^^^^^
  File "/Users/juliareinhart/anaconda3/lib/python3.11/site-packages/fastapi/routing.py", line 212, in run_endpoint_function
    return await dependant.call(**values)
           ^^^^^^^^^^^^^^^^^^^^^^^^^^^^^^
  File "/Users/juliareinhart/anaconda3/lib/python3.11/site-packages/chromadb/telemetry/opentelemetry/__init__.py", line 130, in wrapper
    return await f(*args, **kwargs)
           ^^^^^^^^^^^^^^^^^^^^^^^^
  File "/Users/juliareinhart/anaconda3/lib/python3.11/site-packages/chromadb/server/fastapi/__init__.py", line 630, in create_collection
    await to_thread.run_sync(
  File "/Users/juliareinhart/anaconda3/lib/python3.11/site-packages/anyio/to_thread.py", line 33, in run_sync
    return await get_asynclib().run_sync_in_worker_thread(
           ^^^^^^^^^^^^^^^^^^^^^^^^^^^^^^^^^^^^^^^^^^^^^^^
  File "/Users/juliareinhart/anaconda3/lib/python3.11/site-packages/anyio/_backends/_asyncio.py", line 877, in run_sync_in_worker_thread
    return await future
           ^^^^^^^^^^^^
  File "/Users/juliareinhart/anaconda3/lib/python3.11/site-packages/anyio/_backends/_asyncio.py", line 807, in run
    result = context.run(func, *args)
             ^^^^^^^^^^^^^^^^^^^^^^^^
  File "/Users/juliareinhart/anaconda3/lib/python3.11/site-packages/chromadb/server/fastapi/__init__.py", line 620, in process_create_collection
    return self._api.create_collection(
           ^^^^^^^^^^^^^^^^^^^^^^^^^^^^
  File "/Users/juliareinhart/anaconda3/lib/python3.11/site-packages/chromadb/telemetry/opentelemetry/__init__.py", line 143, in wrapper
    return f(*args, **kwargs)
           ^^^^^^^^^^^^^^^^^^
  File "/Users/juliareinhart/anaconda3/lib/python3.11/site-packages/chromadb/api/segment.py", line 173, in create_collection
    coll, created = self._sysdb.create_collection(
                    ^^^^^^^^^^^^^^^^^^^^^^^^^^^^^^
  File "/Users/juliareinhart/anaconda3/lib/python3.11/site-packages/chromadb/telemetry/opentelemetry/__init__.py", line 143, in wrapper
    return f(*args, **kwargs)
           ^^^^^^^^^^^^^^^^^^
  File "/Users/juliareinhart/anaconda3/lib/python3.11/site-packages/chromadb/db/mixins/sysdb.py", line 220, in create_collection
    raise UniqueConstraintError(f"Collection {name} already exists")
chromadb.db.base.UniqueConstraintError: Collection maintstar-docs already exists
[32mINFO[0m:     [06-07-2025 14:26:07] 127.0.0.1:54271 - "POST /api/v1/collections HTTP/1.1" 500
[32mINFO[0m:     [06-07-2025 14:26:08] 127.0.0.1:54271 - "GET /api/v1/collections HTTP/1.1" 200
[33mWARNING[0m:  [06-07-2025 14:26:08] Add of existing embedding ID: CH5_2 - Asset Assessments.txt-chunk-0
[33mWARNING[0m:  [06-07-2025 14:26:08] Insert of existing embedding ID: CH5_2 - Asset Assessments.txt-chunk-0
[32mINFO[0m:     [06-07-2025 14:26:08] 127.0.0.1:54271 - "POST /api/v1/collections/06759ce4-e469-411b-abf9-124c05eb9bf1/add HTTP/1.1" 201
[32mINFO[0m:     [06-07-2025 14:26:08] 127.0.0.1:54271 - "GET /api/v1/collections HTTP/1.1" 200
[31mERROR[0m:    [06-07-2025 14:26:08] Collection maintstar-docs already exists
Traceback (most recent call last):
  File "/Users/juliareinhart/anaconda3/lib/python3.11/site-packages/anyio/streams/memory.py", line 98, in receive
    return self.receive_nowait()
           ^^^^^^^^^^^^^^^^^^^^^
  File "/Users/juliareinhart/anaconda3/lib/python3.11/site-packages/anyio/streams/memory.py", line 93, in receive_nowait
    raise WouldBlock
anyio.WouldBlock

During handling of the above exception, another exception occurred:

Traceback (most recent call last):
  File "/Users/juliareinhart/anaconda3/lib/python3.11/site-packages/starlette/middleware/base.py", line 148, in call_next
    message = await recv_stream.receive()
              ^^^^^^^^^^^^^^^^^^^^^^^^^^^
  File "/Users/juliareinhart/anaconda3/lib/python3.11/site-packages/anyio/streams/memory.py", line 118, in receive
    raise EndOfStream
anyio.EndOfStream

During handling of the above exception, another exception occurred:

Traceback (most recent call last):
  File "/Users/juliareinhart/anaconda3/lib/python3.11/site-packages/chromadb/server/fastapi/__init__.py", line 78, in catch_exceptions_middleware
    return await call_next(request)
           ^^^^^^^^^^^^^^^^^^^^^^^^
  File "/Users/juliareinhart/anaconda3/lib/python3.11/site-packages/starlette/middleware/base.py", line 156, in call_next
    raise app_exc
  File "/Users/juliareinhart/anaconda3/lib/python3.11/site-packages/starlette/middleware/base.py", line 141, in coro
    await self.app(scope, receive_or_disconnect, send_no_error)
  File "/Users/juliareinhart/anaconda3/lib/python3.11/site-packages/starlette/middleware/base.py", line 178, in __call__
    response = await self.dispatch_func(request, call_next)
               ^^^^^^^^^^^^^^^^^^^^^^^^^^^^^^^^^^^^^^^^^^^^
  File "/Users/juliareinhart/anaconda3/lib/python3.11/site-packages/chromadb/server/fastapi/__init__.py", line 92, in check_http_version_middleware
    return await call_next(request)
           ^^^^^^^^^^^^^^^^^^^^^^^^
  File "/Users/juliareinhart/anaconda3/lib/python3.11/site-packages/starlette/middleware/base.py", line 156, in call_next
    raise app_exc
  File "/Users/juliareinhart/anaconda3/lib/python3.11/site-packages/starlette/middleware/base.py", line 141, in coro
    await self.app(scope, receive_or_disconnect, send_no_error)
  File "/Users/juliareinhart/anaconda3/lib/python3.11/site-packages/starlette/middleware/exceptions.py", line 62, in __call__
    await wrap_app_handling_exceptions(self.app, conn)(scope, receive, send)
  File "/Users/juliareinhart/anaconda3/lib/python3.11/site-packages/starlette/_exception_handler.py", line 53, in wrapped_app
    raise exc
  File "/Users/juliareinhart/anaconda3/lib/python3.11/site-packages/starlette/_exception_handler.py", line 42, in wrapped_app
    await app(scope, receive, sender)
  File "/Users/juliareinhart/anaconda3/lib/python3.11/site-packages/starlette/routing.py", line 714, in __call__
    await self.middleware_stack(scope, receive, send)
  File "/Users/juliareinhart/anaconda3/lib/python3.11/site-packages/starlette/routing.py", line 734, in app
    await route.handle(scope, receive, send)
  File "/Users/juliareinhart/anaconda3/lib/python3.11/site-packages/starlette/routing.py", line 288, in handle
    await self.app(scope, receive, send)
  File "/Users/juliareinhart/anaconda3/lib/python3.11/site-packages/starlette/routing.py", line 76, in app
    await wrap_app_handling_exceptions(app, request)(scope, receive, send)
  File "/Users/juliareinhart/anaconda3/lib/python3.11/site-packages/starlette/_exception_handler.py", line 53, in wrapped_app
    raise exc
  File "/Users/juliareinhart/anaconda3/lib/python3.11/site-packages/starlette/_exception_handler.py", line 42, in wrapped_app
    await app(scope, receive, sender)
  File "/Users/juliareinhart/anaconda3/lib/python3.11/site-packages/starlette/routing.py", line 73, in app
    response = await f(request)
               ^^^^^^^^^^^^^^^^
  File "/Users/juliareinhart/anaconda3/lib/python3.11/site-packages/fastapi/routing.py", line 301, in app
    raw_response = await run_endpoint_function(
                   ^^^^^^^^^^^^^^^^^^^^^^^^^^^^
  File "/Users/juliareinhart/anaconda3/lib/python3.11/site-packages/fastapi/routing.py", line 212, in run_endpoint_function
    return await dependant.call(**values)
           ^^^^^^^^^^^^^^^^^^^^^^^^^^^^^^
  File "/Users/juliareinhart/anaconda3/lib/python3.11/site-packages/chromadb/telemetry/opentelemetry/__init__.py", line 130, in wrapper
    return await f(*args, **kwargs)
           ^^^^^^^^^^^^^^^^^^^^^^^^
  File "/Users/juliareinhart/anaconda3/lib/python3.11/site-packages/chromadb/server/fastapi/__init__.py", line 630, in create_collection
    await to_thread.run_sync(
  File "/Users/juliareinhart/anaconda3/lib/python3.11/site-packages/anyio/to_thread.py", line 33, in run_sync
    return await get_asynclib().run_sync_in_worker_thread(
           ^^^^^^^^^^^^^^^^^^^^^^^^^^^^^^^^^^^^^^^^^^^^^^^
  File "/Users/juliareinhart/anaconda3/lib/python3.11/site-packages/anyio/_backends/_asyncio.py", line 877, in run_sync_in_worker_thread
    return await future
           ^^^^^^^^^^^^
  File "/Users/juliareinhart/anaconda3/lib/python3.11/site-packages/anyio/_backends/_asyncio.py", line 807, in run
    result = context.run(func, *args)
             ^^^^^^^^^^^^^^^^^^^^^^^^
  File "/Users/juliareinhart/anaconda3/lib/python3.11/site-packages/chromadb/server/fastapi/__init__.py", line 620, in process_create_collection
    return self._api.create_collection(
           ^^^^^^^^^^^^^^^^^^^^^^^^^^^^
  File "/Users/juliareinhart/anaconda3/lib/python3.11/site-packages/chromadb/telemetry/opentelemetry/__init__.py", line 143, in wrapper
    return f(*args, **kwargs)
           ^^^^^^^^^^^^^^^^^^
  File "/Users/juliareinhart/anaconda3/lib/python3.11/site-packages/chromadb/api/segment.py", line 173, in create_collection
    coll, created = self._sysdb.create_collection(
                    ^^^^^^^^^^^^^^^^^^^^^^^^^^^^^^
  File "/Users/juliareinhart/anaconda3/lib/python3.11/site-packages/chromadb/telemetry/opentelemetry/__init__.py", line 143, in wrapper
    return f(*args, **kwargs)
           ^^^^^^^^^^^^^^^^^^
  File "/Users/juliareinhart/anaconda3/lib/python3.11/site-packages/chromadb/db/mixins/sysdb.py", line 220, in create_collection
    raise UniqueConstraintError(f"Collection {name} already exists")
chromadb.db.base.UniqueConstraintError: Collection maintstar-docs already exists
[32mINFO[0m:     [06-07-2025 14:26:08] 127.0.0.1:54271 - "POST /api/v1/collections HTTP/1.1" 500
[32mINFO[0m:     [06-07-2025 14:26:08] 127.0.0.1:54271 - "GET /api/v1/collections HTTP/1.1" 200
[33mWARNING[0m:  [06-07-2025 14:26:08] Add of existing embedding ID: CH5_3 - Asset Acquisitions.txt-chunk-0
[33mWARNING[0m:  [06-07-2025 14:26:08] Insert of existing embedding ID: CH5_3 - Asset Acquisitions.txt-chunk-0
[32mINFO[0m:     [06-07-2025 14:26:08] 127.0.0.1:54271 - "POST /api/v1/collections/06759ce4-e469-411b-abf9-124c05eb9bf1/add HTTP/1.1" 201
[32mINFO[0m:     [06-07-2025 14:26:08] 127.0.0.1:54271 - "GET /api/v1/collections HTTP/1.1" 200
[31mERROR[0m:    [06-07-2025 14:26:08] Collection maintstar-docs already exists
Traceback (most recent call last):
  File "/Users/juliareinhart/anaconda3/lib/python3.11/site-packages/anyio/streams/memory.py", line 98, in receive
    return self.receive_nowait()
           ^^^^^^^^^^^^^^^^^^^^^
  File "/Users/juliareinhart/anaconda3/lib/python3.11/site-packages/anyio/streams/memory.py", line 93, in receive_nowait
    raise WouldBlock
anyio.WouldBlock

During handling of the above exception, another exception occurred:

Traceback (most recent call last):
  File "/Users/juliareinhart/anaconda3/lib/python3.11/site-packages/starlette/middleware/base.py", line 148, in call_next
    message = await recv_stream.receive()
              ^^^^^^^^^^^^^^^^^^^^^^^^^^^
  File "/Users/juliareinhart/anaconda3/lib/python3.11/site-packages/anyio/streams/memory.py", line 118, in receive
    raise EndOfStream
anyio.EndOfStream

During handling of the above exception, another exception occurred:

Traceback (most recent call last):
  File "/Users/juliareinhart/anaconda3/lib/python3.11/site-packages/chromadb/server/fastapi/__init__.py", line 78, in catch_exceptions_middleware
    return await call_next(request)
           ^^^^^^^^^^^^^^^^^^^^^^^^
  File "/Users/juliareinhart/anaconda3/lib/python3.11/site-packages/starlette/middleware/base.py", line 156, in call_next
    raise app_exc
  File "/Users/juliareinhart/anaconda3/lib/python3.11/site-packages/starlette/middleware/base.py", line 141, in coro
    await self.app(scope, receive_or_disconnect, send_no_error)
  File "/Users/juliareinhart/anaconda3/lib/python3.11/site-packages/starlette/middleware/base.py", line 178, in __call__
    response = await self.dispatch_func(request, call_next)
               ^^^^^^^^^^^^^^^^^^^^^^^^^^^^^^^^^^^^^^^^^^^^
  File "/Users/juliareinhart/anaconda3/lib/python3.11/site-packages/chromadb/server/fastapi/__init__.py", line 92, in check_http_version_middleware
    return await call_next(request)
           ^^^^^^^^^^^^^^^^^^^^^^^^
  File "/Users/juliareinhart/anaconda3/lib/python3.11/site-packages/starlette/middleware/base.py", line 156, in call_next
    raise app_exc
  File "/Users/juliareinhart/anaconda3/lib/python3.11/site-packages/starlette/middleware/base.py", line 141, in coro
    await self.app(scope, receive_or_disconnect, send_no_error)
  File "/Users/juliareinhart/anaconda3/lib/python3.11/site-packages/starlette/middleware/exceptions.py", line 62, in __call__
    await wrap_app_handling_exceptions(self.app, conn)(scope, receive, send)
  File "/Users/juliareinhart/anaconda3/lib/python3.11/site-packages/starlette/_exception_handler.py", line 53, in wrapped_app
    raise exc
  File "/Users/juliareinhart/anaconda3/lib/python3.11/site-packages/starlette/_exception_handler.py", line 42, in wrapped_app
    await app(scope, receive, sender)
  File "/Users/juliareinhart/anaconda3/lib/python3.11/site-packages/starlette/routing.py", line 714, in __call__
    await self.middleware_stack(scope, receive, send)
  File "/Users/juliareinhart/anaconda3/lib/python3.11/site-packages/starlette/routing.py", line 734, in app
    await route.handle(scope, receive, send)
  File "/Users/juliareinhart/anaconda3/lib/python3.11/site-packages/starlette/routing.py", line 288, in handle
    await self.app(scope, receive, send)
  File "/Users/juliareinhart/anaconda3/lib/python3.11/site-packages/starlette/routing.py", line 76, in app
    await wrap_app_handling_exceptions(app, request)(scope, receive, send)
  File "/Users/juliareinhart/anaconda3/lib/python3.11/site-packages/starlette/_exception_handler.py", line 53, in wrapped_app
    raise exc
  File "/Users/juliareinhart/anaconda3/lib/python3.11/site-packages/starlette/_exception_handler.py", line 42, in wrapped_app
    await app(scope, receive, sender)
  File "/Users/juliareinhart/anaconda3/lib/python3.11/site-packages/starlette/routing.py", line 73, in app
    response = await f(request)
               ^^^^^^^^^^^^^^^^
  File "/Users/juliareinhart/anaconda3/lib/python3.11/site-packages/fastapi/routing.py", line 301, in app
    raw_response = await run_endpoint_function(
                   ^^^^^^^^^^^^^^^^^^^^^^^^^^^^
  File "/Users/juliareinhart/anaconda3/lib/python3.11/site-packages/fastapi/routing.py", line 212, in run_endpoint_function
    return await dependant.call(**values)
           ^^^^^^^^^^^^^^^^^^^^^^^^^^^^^^
  File "/Users/juliareinhart/anaconda3/lib/python3.11/site-packages/chromadb/telemetry/opentelemetry/__init__.py", line 130, in wrapper
    return await f(*args, **kwargs)
           ^^^^^^^^^^^^^^^^^^^^^^^^
  File "/Users/juliareinhart/anaconda3/lib/python3.11/site-packages/chromadb/server/fastapi/__init__.py", line 630, in create_collection
    await to_thread.run_sync(
  File "/Users/juliareinhart/anaconda3/lib/python3.11/site-packages/anyio/to_thread.py", line 33, in run_sync
    return await get_asynclib().run_sync_in_worker_thread(
           ^^^^^^^^^^^^^^^^^^^^^^^^^^^^^^^^^^^^^^^^^^^^^^^
  File "/Users/juliareinhart/anaconda3/lib/python3.11/site-packages/anyio/_backends/_asyncio.py", line 877, in run_sync_in_worker_thread
    return await future
           ^^^^^^^^^^^^
  File "/Users/juliareinhart/anaconda3/lib/python3.11/site-packages/anyio/_backends/_asyncio.py", line 807, in run
    result = context.run(func, *args)
             ^^^^^^^^^^^^^^^^^^^^^^^^
  File "/Users/juliareinhart/anaconda3/lib/python3.11/site-packages/chromadb/server/fastapi/__init__.py", line 620, in process_create_collection
    return self._api.create_collection(
           ^^^^^^^^^^^^^^^^^^^^^^^^^^^^
  File "/Users/juliareinhart/anaconda3/lib/python3.11/site-packages/chromadb/telemetry/opentelemetry/__init__.py", line 143, in wrapper
    return f(*args, **kwargs)
           ^^^^^^^^^^^^^^^^^^
  File "/Users/juliareinhart/anaconda3/lib/python3.11/site-packages/chromadb/api/segment.py", line 173, in create_collection
    coll, created = self._sysdb.create_collection(
                    ^^^^^^^^^^^^^^^^^^^^^^^^^^^^^^
  File "/Users/juliareinhart/anaconda3/lib/python3.11/site-packages/chromadb/telemetry/opentelemetry/__init__.py", line 143, in wrapper
    return f(*args, **kwargs)
           ^^^^^^^^^^^^^^^^^^
  File "/Users/juliareinhart/anaconda3/lib/python3.11/site-packages/chromadb/db/mixins/sysdb.py", line 220, in create_collection
    raise UniqueConstraintError(f"Collection {name} already exists")
chromadb.db.base.UniqueConstraintError: Collection maintstar-docs already exists
[32mINFO[0m:     [06-07-2025 14:26:08] 127.0.0.1:54271 - "POST /api/v1/collections HTTP/1.1" 500
[32mINFO[0m:     [06-07-2025 14:26:08] 127.0.0.1:54271 - "GET /api/v1/collections HTTP/1.1" 200
[33mWARNING[0m:  [06-07-2025 14:26:08] Add of existing embedding ID: CH5_4 - Asset Disposals.txt-chunk-0
[33mWARNING[0m:  [06-07-2025 14:26:08] Insert of existing embedding ID: CH5_4 - Asset Disposals.txt-chunk-0
[32mINFO[0m:     [06-07-2025 14:26:08] 127.0.0.1:54271 - "POST /api/v1/collections/06759ce4-e469-411b-abf9-124c05eb9bf1/add HTTP/1.1" 201
[32mINFO[0m:     [06-07-2025 14:26:08] 127.0.0.1:54271 - "GET /api/v1/collections HTTP/1.1" 200
[31mERROR[0m:    [06-07-2025 14:26:08] Collection maintstar-docs already exists
Traceback (most recent call last):
  File "/Users/juliareinhart/anaconda3/lib/python3.11/site-packages/anyio/streams/memory.py", line 98, in receive
    return self.receive_nowait()
           ^^^^^^^^^^^^^^^^^^^^^
  File "/Users/juliareinhart/anaconda3/lib/python3.11/site-packages/anyio/streams/memory.py", line 93, in receive_nowait
    raise WouldBlock
anyio.WouldBlock

During handling of the above exception, another exception occurred:

Traceback (most recent call last):
  File "/Users/juliareinhart/anaconda3/lib/python3.11/site-packages/starlette/middleware/base.py", line 148, in call_next
    message = await recv_stream.receive()
              ^^^^^^^^^^^^^^^^^^^^^^^^^^^
  File "/Users/juliareinhart/anaconda3/lib/python3.11/site-packages/anyio/streams/memory.py", line 118, in receive
    raise EndOfStream
anyio.EndOfStream

During handling of the above exception, another exception occurred:

Traceback (most recent call last):
  File "/Users/juliareinhart/anaconda3/lib/python3.11/site-packages/chromadb/server/fastapi/__init__.py", line 78, in catch_exceptions_middleware
    return await call_next(request)
           ^^^^^^^^^^^^^^^^^^^^^^^^
  File "/Users/juliareinhart/anaconda3/lib/python3.11/site-packages/starlette/middleware/base.py", line 156, in call_next
    raise app_exc
  File "/Users/juliareinhart/anaconda3/lib/python3.11/site-packages/starlette/middleware/base.py", line 141, in coro
    await self.app(scope, receive_or_disconnect, send_no_error)
  File "/Users/juliareinhart/anaconda3/lib/python3.11/site-packages/starlette/middleware/base.py", line 178, in __call__
    response = await self.dispatch_func(request, call_next)
               ^^^^^^^^^^^^^^^^^^^^^^^^^^^^^^^^^^^^^^^^^^^^
  File "/Users/juliareinhart/anaconda3/lib/python3.11/site-packages/chromadb/server/fastapi/__init__.py", line 92, in check_http_version_middleware
    return await call_next(request)
           ^^^^^^^^^^^^^^^^^^^^^^^^
  File "/Users/juliareinhart/anaconda3/lib/python3.11/site-packages/starlette/middleware/base.py", line 156, in call_next
    raise app_exc
  File "/Users/juliareinhart/anaconda3/lib/python3.11/site-packages/starlette/middleware/base.py", line 141, in coro
    await self.app(scope, receive_or_disconnect, send_no_error)
  File "/Users/juliareinhart/anaconda3/lib/python3.11/site-packages/starlette/middleware/exceptions.py", line 62, in __call__
    await wrap_app_handling_exceptions(self.app, conn)(scope, receive, send)
  File "/Users/juliareinhart/anaconda3/lib/python3.11/site-packages/starlette/_exception_handler.py", line 53, in wrapped_app
    raise exc
  File "/Users/juliareinhart/anaconda3/lib/python3.11/site-packages/starlette/_exception_handler.py", line 42, in wrapped_app
    await app(scope, receive, sender)
  File "/Users/juliareinhart/anaconda3/lib/python3.11/site-packages/starlette/routing.py", line 714, in __call__
    await self.middleware_stack(scope, receive, send)
  File "/Users/juliareinhart/anaconda3/lib/python3.11/site-packages/starlette/routing.py", line 734, in app
    await route.handle(scope, receive, send)
  File "/Users/juliareinhart/anaconda3/lib/python3.11/site-packages/starlette/routing.py", line 288, in handle
    await self.app(scope, receive, send)
  File "/Users/juliareinhart/anaconda3/lib/python3.11/site-packages/starlette/routing.py", line 76, in app
    await wrap_app_handling_exceptions(app, request)(scope, receive, send)
  File "/Users/juliareinhart/anaconda3/lib/python3.11/site-packages/starlette/_exception_handler.py", line 53, in wrapped_app
    raise exc
  File "/Users/juliareinhart/anaconda3/lib/python3.11/site-packages/starlette/_exception_handler.py", line 42, in wrapped_app
    await app(scope, receive, sender)
  File "/Users/juliareinhart/anaconda3/lib/python3.11/site-packages/starlette/routing.py", line 73, in app
    response = await f(request)
               ^^^^^^^^^^^^^^^^
  File "/Users/juliareinhart/anaconda3/lib/python3.11/site-packages/fastapi/routing.py", line 301, in app
    raw_response = await run_endpoint_function(
                   ^^^^^^^^^^^^^^^^^^^^^^^^^^^^
  File "/Users/juliareinhart/anaconda3/lib/python3.11/site-packages/fastapi/routing.py", line 212, in run_endpoint_function
    return await dependant.call(**values)
           ^^^^^^^^^^^^^^^^^^^^^^^^^^^^^^
  File "/Users/juliareinhart/anaconda3/lib/python3.11/site-packages/chromadb/telemetry/opentelemetry/__init__.py", line 130, in wrapper
    return await f(*args, **kwargs)
           ^^^^^^^^^^^^^^^^^^^^^^^^
  File "/Users/juliareinhart/anaconda3/lib/python3.11/site-packages/chromadb/server/fastapi/__init__.py", line 630, in create_collection
    await to_thread.run_sync(
  File "/Users/juliareinhart/anaconda3/lib/python3.11/site-packages/anyio/to_thread.py", line 33, in run_sync
    return await get_asynclib().run_sync_in_worker_thread(
           ^^^^^^^^^^^^^^^^^^^^^^^^^^^^^^^^^^^^^^^^^^^^^^^
  File "/Users/juliareinhart/anaconda3/lib/python3.11/site-packages/anyio/_backends/_asyncio.py", line 877, in run_sync_in_worker_thread
    return await future
           ^^^^^^^^^^^^
  File "/Users/juliareinhart/anaconda3/lib/python3.11/site-packages/anyio/_backends/_asyncio.py", line 807, in run
    result = context.run(func, *args)
             ^^^^^^^^^^^^^^^^^^^^^^^^
  File "/Users/juliareinhart/anaconda3/lib/python3.11/site-packages/chromadb/server/fastapi/__init__.py", line 620, in process_create_collection
    return self._api.create_collection(
           ^^^^^^^^^^^^^^^^^^^^^^^^^^^^
  File "/Users/juliareinhart/anaconda3/lib/python3.11/site-packages/chromadb/telemetry/opentelemetry/__init__.py", line 143, in wrapper
    return f(*args, **kwargs)
           ^^^^^^^^^^^^^^^^^^
  File "/Users/juliareinhart/anaconda3/lib/python3.11/site-packages/chromadb/api/segment.py", line 173, in create_collection
    coll, created = self._sysdb.create_collection(
                    ^^^^^^^^^^^^^^^^^^^^^^^^^^^^^^
  File "/Users/juliareinhart/anaconda3/lib/python3.11/site-packages/chromadb/telemetry/opentelemetry/__init__.py", line 143, in wrapper
    return f(*args, **kwargs)
           ^^^^^^^^^^^^^^^^^^
  File "/Users/juliareinhart/anaconda3/lib/python3.11/site-packages/chromadb/db/mixins/sysdb.py", line 220, in create_collection
    raise UniqueConstraintError(f"Collection {name} already exists")
chromadb.db.base.UniqueConstraintError: Collection maintstar-docs already exists
[32mINFO[0m:     [06-07-2025 14:26:08] 127.0.0.1:54271 - "POST /api/v1/collections HTTP/1.1" 500
[32mINFO[0m:     [06-07-2025 14:26:08] 127.0.0.1:54271 - "GET /api/v1/collections HTTP/1.1" 200
[33mWARNING[0m:  [06-07-2025 14:26:08] Add of existing embedding ID: CH5_5 - Asset Deficiencies.txt-chunk-0
[33mWARNING[0m:  [06-07-2025 14:26:08] Insert of existing embedding ID: CH5_5 - Asset Deficiencies.txt-chunk-0
[32mINFO[0m:     [06-07-2025 14:26:08] 127.0.0.1:54271 - "POST /api/v1/collections/06759ce4-e469-411b-abf9-124c05eb9bf1/add HTTP/1.1" 201
[32mINFO[0m:     [06-07-2025 14:26:08] 127.0.0.1:54271 - "GET /api/v1/collections HTTP/1.1" 200
[31mERROR[0m:    [06-07-2025 14:26:08] Collection maintstar-docs already exists
Traceback (most recent call last):
  File "/Users/juliareinhart/anaconda3/lib/python3.11/site-packages/anyio/streams/memory.py", line 98, in receive
    return self.receive_nowait()
           ^^^^^^^^^^^^^^^^^^^^^
  File "/Users/juliareinhart/anaconda3/lib/python3.11/site-packages/anyio/streams/memory.py", line 93, in receive_nowait
    raise WouldBlock
anyio.WouldBlock

During handling of the above exception, another exception occurred:

Traceback (most recent call last):
  File "/Users/juliareinhart/anaconda3/lib/python3.11/site-packages/starlette/middleware/base.py", line 148, in call_next
    message = await recv_stream.receive()
              ^^^^^^^^^^^^^^^^^^^^^^^^^^^
  File "/Users/juliareinhart/anaconda3/lib/python3.11/site-packages/anyio/streams/memory.py", line 118, in receive
    raise EndOfStream
anyio.EndOfStream

During handling of the above exception, another exception occurred:

Traceback (most recent call last):
  File "/Users/juliareinhart/anaconda3/lib/python3.11/site-packages/chromadb/server/fastapi/__init__.py", line 78, in catch_exceptions_middleware
    return await call_next(request)
           ^^^^^^^^^^^^^^^^^^^^^^^^
  File "/Users/juliareinhart/anaconda3/lib/python3.11/site-packages/starlette/middleware/base.py", line 156, in call_next
    raise app_exc
  File "/Users/juliareinhart/anaconda3/lib/python3.11/site-packages/starlette/middleware/base.py", line 141, in coro
    await self.app(scope, receive_or_disconnect, send_no_error)
  File "/Users/juliareinhart/anaconda3/lib/python3.11/site-packages/starlette/middleware/base.py", line 178, in __call__
    response = await self.dispatch_func(request, call_next)
               ^^^^^^^^^^^^^^^^^^^^^^^^^^^^^^^^^^^^^^^^^^^^
  File "/Users/juliareinhart/anaconda3/lib/python3.11/site-packages/chromadb/server/fastapi/__init__.py", line 92, in check_http_version_middleware
    return await call_next(request)
           ^^^^^^^^^^^^^^^^^^^^^^^^
  File "/Users/juliareinhart/anaconda3/lib/python3.11/site-packages/starlette/middleware/base.py", line 156, in call_next
    raise app_exc
  File "/Users/juliareinhart/anaconda3/lib/python3.11/site-packages/starlette/middleware/base.py", line 141, in coro
    await self.app(scope, receive_or_disconnect, send_no_error)
  File "/Users/juliareinhart/anaconda3/lib/python3.11/site-packages/starlette/middleware/exceptions.py", line 62, in __call__
    await wrap_app_handling_exceptions(self.app, conn)(scope, receive, send)
  File "/Users/juliareinhart/anaconda3/lib/python3.11/site-packages/starlette/_exception_handler.py", line 53, in wrapped_app
    raise exc
  File "/Users/juliareinhart/anaconda3/lib/python3.11/site-packages/starlette/_exception_handler.py", line 42, in wrapped_app
    await app(scope, receive, sender)
  File "/Users/juliareinhart/anaconda3/lib/python3.11/site-packages/starlette/routing.py", line 714, in __call__
    await self.middleware_stack(scope, receive, send)
  File "/Users/juliareinhart/anaconda3/lib/python3.11/site-packages/starlette/routing.py", line 734, in app
    await route.handle(scope, receive, send)
  File "/Users/juliareinhart/anaconda3/lib/python3.11/site-packages/starlette/routing.py", line 288, in handle
    await self.app(scope, receive, send)
  File "/Users/juliareinhart/anaconda3/lib/python3.11/site-packages/starlette/routing.py", line 76, in app
    await wrap_app_handling_exceptions(app, request)(scope, receive, send)
  File "/Users/juliareinhart/anaconda3/lib/python3.11/site-packages/starlette/_exception_handler.py", line 53, in wrapped_app
    raise exc
  File "/Users/juliareinhart/anaconda3/lib/python3.11/site-packages/starlette/_exception_handler.py", line 42, in wrapped_app
    await app(scope, receive, sender)
  File "/Users/juliareinhart/anaconda3/lib/python3.11/site-packages/starlette/routing.py", line 73, in app
    response = await f(request)
               ^^^^^^^^^^^^^^^^
  File "/Users/juliareinhart/anaconda3/lib/python3.11/site-packages/fastapi/routing.py", line 301, in app
    raw_response = await run_endpoint_function(
                   ^^^^^^^^^^^^^^^^^^^^^^^^^^^^
  File "/Users/juliareinhart/anaconda3/lib/python3.11/site-packages/fastapi/routing.py", line 212, in run_endpoint_function
    return await dependant.call(**values)
           ^^^^^^^^^^^^^^^^^^^^^^^^^^^^^^
  File "/Users/juliareinhart/anaconda3/lib/python3.11/site-packages/chromadb/telemetry/opentelemetry/__init__.py", line 130, in wrapper
    return await f(*args, **kwargs)
           ^^^^^^^^^^^^^^^^^^^^^^^^
  File "/Users/juliareinhart/anaconda3/lib/python3.11/site-packages/chromadb/server/fastapi/__init__.py", line 630, in create_collection
    await to_thread.run_sync(
  File "/Users/juliareinhart/anaconda3/lib/python3.11/site-packages/anyio/to_thread.py", line 33, in run_sync
    return await get_asynclib().run_sync_in_worker_thread(
           ^^^^^^^^^^^^^^^^^^^^^^^^^^^^^^^^^^^^^^^^^^^^^^^
  File "/Users/juliareinhart/anaconda3/lib/python3.11/site-packages/anyio/_backends/_asyncio.py", line 877, in run_sync_in_worker_thread
    return await future
           ^^^^^^^^^^^^
  File "/Users/juliareinhart/anaconda3/lib/python3.11/site-packages/anyio/_backends/_asyncio.py", line 807, in run
    result = context.run(func, *args)
             ^^^^^^^^^^^^^^^^^^^^^^^^
  File "/Users/juliareinhart/anaconda3/lib/python3.11/site-packages/chromadb/server/fastapi/__init__.py", line 620, in process_create_collection
    return self._api.create_collection(
           ^^^^^^^^^^^^^^^^^^^^^^^^^^^^
  File "/Users/juliareinhart/anaconda3/lib/python3.11/site-packages/chromadb/telemetry/opentelemetry/__init__.py", line 143, in wrapper
    return f(*args, **kwargs)
           ^^^^^^^^^^^^^^^^^^
  File "/Users/juliareinhart/anaconda3/lib/python3.11/site-packages/chromadb/api/segment.py", line 173, in create_collection
    coll, created = self._sysdb.create_collection(
                    ^^^^^^^^^^^^^^^^^^^^^^^^^^^^^^
  File "/Users/juliareinhart/anaconda3/lib/python3.11/site-packages/chromadb/telemetry/opentelemetry/__init__.py", line 143, in wrapper
    return f(*args, **kwargs)
           ^^^^^^^^^^^^^^^^^^
  File "/Users/juliareinhart/anaconda3/lib/python3.11/site-packages/chromadb/db/mixins/sysdb.py", line 220, in create_collection
    raise UniqueConstraintError(f"Collection {name} already exists")
chromadb.db.base.UniqueConstraintError: Collection maintstar-docs already exists
[32mINFO[0m:     [06-07-2025 14:26:08] 127.0.0.1:54271 - "POST /api/v1/collections HTTP/1.1" 500
[32mINFO[0m:     [06-07-2025 14:26:09] 127.0.0.1:54271 - "GET /api/v1/collections HTTP/1.1" 200
[33mWARNING[0m:  [06-07-2025 14:26:09] Add of existing embedding ID: CH6 - Mobile Work Order.txt-chunk-0
[33mWARNING[0m:  [06-07-2025 14:26:09] Add of existing embedding ID: CH6 - Mobile Work Order.txt-chunk-1
[33mWARNING[0m:  [06-07-2025 14:26:09] Add of existing embedding ID: CH6 - Mobile Work Order.txt-chunk-2
[33mWARNING[0m:  [06-07-2025 14:26:09] Insert of existing embedding ID: CH6 - Mobile Work Order.txt-chunk-0
[33mWARNING[0m:  [06-07-2025 14:26:09] Insert of existing embedding ID: CH6 - Mobile Work Order.txt-chunk-1
[33mWARNING[0m:  [06-07-2025 14:26:09] Insert of existing embedding ID: CH6 - Mobile Work Order.txt-chunk-2
[32mINFO[0m:     [06-07-2025 14:26:09] 127.0.0.1:54271 - "POST /api/v1/collections/06759ce4-e469-411b-abf9-124c05eb9bf1/add HTTP/1.1" 201
[32mINFO[0m:     [06-07-2025 14:26:09] 127.0.0.1:54271 - "GET /api/v1/collections HTTP/1.1" 200
[31mERROR[0m:    [06-07-2025 14:26:09] Collection maintstar-docs already exists
Traceback (most recent call last):
  File "/Users/juliareinhart/anaconda3/lib/python3.11/site-packages/anyio/streams/memory.py", line 98, in receive
    return self.receive_nowait()
           ^^^^^^^^^^^^^^^^^^^^^
  File "/Users/juliareinhart/anaconda3/lib/python3.11/site-packages/anyio/streams/memory.py", line 93, in receive_nowait
    raise WouldBlock
anyio.WouldBlock

During handling of the above exception, another exception occurred:

Traceback (most recent call last):
  File "/Users/juliareinhart/anaconda3/lib/python3.11/site-packages/starlette/middleware/base.py", line 148, in call_next
    message = await recv_stream.receive()
              ^^^^^^^^^^^^^^^^^^^^^^^^^^^
  File "/Users/juliareinhart/anaconda3/lib/python3.11/site-packages/anyio/streams/memory.py", line 118, in receive
    raise EndOfStream
anyio.EndOfStream

During handling of the above exception, another exception occurred:

Traceback (most recent call last):
  File "/Users/juliareinhart/anaconda3/lib/python3.11/site-packages/chromadb/server/fastapi/__init__.py", line 78, in catch_exceptions_middleware
    return await call_next(request)
           ^^^^^^^^^^^^^^^^^^^^^^^^
  File "/Users/juliareinhart/anaconda3/lib/python3.11/site-packages/starlette/middleware/base.py", line 156, in call_next
    raise app_exc
  File "/Users/juliareinhart/anaconda3/lib/python3.11/site-packages/starlette/middleware/base.py", line 141, in coro
    await self.app(scope, receive_or_disconnect, send_no_error)
  File "/Users/juliareinhart/anaconda3/lib/python3.11/site-packages/starlette/middleware/base.py", line 178, in __call__
    response = await self.dispatch_func(request, call_next)
               ^^^^^^^^^^^^^^^^^^^^^^^^^^^^^^^^^^^^^^^^^^^^
  File "/Users/juliareinhart/anaconda3/lib/python3.11/site-packages/chromadb/server/fastapi/__init__.py", line 92, in check_http_version_middleware
    return await call_next(request)
           ^^^^^^^^^^^^^^^^^^^^^^^^
  File "/Users/juliareinhart/anaconda3/lib/python3.11/site-packages/starlette/middleware/base.py", line 156, in call_next
    raise app_exc
  File "/Users/juliareinhart/anaconda3/lib/python3.11/site-packages/starlette/middleware/base.py", line 141, in coro
    await self.app(scope, receive_or_disconnect, send_no_error)
  File "/Users/juliareinhart/anaconda3/lib/python3.11/site-packages/starlette/middleware/exceptions.py", line 62, in __call__
    await wrap_app_handling_exceptions(self.app, conn)(scope, receive, send)
  File "/Users/juliareinhart/anaconda3/lib/python3.11/site-packages/starlette/_exception_handler.py", line 53, in wrapped_app
    raise exc
  File "/Users/juliareinhart/anaconda3/lib/python3.11/site-packages/starlette/_exception_handler.py", line 42, in wrapped_app
    await app(scope, receive, sender)
  File "/Users/juliareinhart/anaconda3/lib/python3.11/site-packages/starlette/routing.py", line 714, in __call__
    await self.middleware_stack(scope, receive, send)
  File "/Users/juliareinhart/anaconda3/lib/python3.11/site-packages/starlette/routing.py", line 734, in app
    await route.handle(scope, receive, send)
  File "/Users/juliareinhart/anaconda3/lib/python3.11/site-packages/starlette/routing.py", line 288, in handle
    await self.app(scope, receive, send)
  File "/Users/juliareinhart/anaconda3/lib/python3.11/site-packages/starlette/routing.py", line 76, in app
    await wrap_app_handling_exceptions(app, request)(scope, receive, send)
  File "/Users/juliareinhart/anaconda3/lib/python3.11/site-packages/starlette/_exception_handler.py", line 53, in wrapped_app
    raise exc
  File "/Users/juliareinhart/anaconda3/lib/python3.11/site-packages/starlette/_exception_handler.py", line 42, in wrapped_app
    await app(scope, receive, sender)
  File "/Users/juliareinhart/anaconda3/lib/python3.11/site-packages/starlette/routing.py", line 73, in app
    response = await f(request)
               ^^^^^^^^^^^^^^^^
  File "/Users/juliareinhart/anaconda3/lib/python3.11/site-packages/fastapi/routing.py", line 301, in app
    raw_response = await run_endpoint_function(
                   ^^^^^^^^^^^^^^^^^^^^^^^^^^^^
  File "/Users/juliareinhart/anaconda3/lib/python3.11/site-packages/fastapi/routing.py", line 212, in run_endpoint_function
    return await dependant.call(**values)
           ^^^^^^^^^^^^^^^^^^^^^^^^^^^^^^
  File "/Users/juliareinhart/anaconda3/lib/python3.11/site-packages/chromadb/telemetry/opentelemetry/__init__.py", line 130, in wrapper
    return await f(*args, **kwargs)
           ^^^^^^^^^^^^^^^^^^^^^^^^
  File "/Users/juliareinhart/anaconda3/lib/python3.11/site-packages/chromadb/server/fastapi/__init__.py", line 630, in create_collection
    await to_thread.run_sync(
  File "/Users/juliareinhart/anaconda3/lib/python3.11/site-packages/anyio/to_thread.py", line 33, in run_sync
    return await get_asynclib().run_sync_in_worker_thread(
           ^^^^^^^^^^^^^^^^^^^^^^^^^^^^^^^^^^^^^^^^^^^^^^^
  File "/Users/juliareinhart/anaconda3/lib/python3.11/site-packages/anyio/_backends/_asyncio.py", line 877, in run_sync_in_worker_thread
    return await future
           ^^^^^^^^^^^^
  File "/Users/juliareinhart/anaconda3/lib/python3.11/site-packages/anyio/_backends/_asyncio.py", line 807, in run
    result = context.run(func, *args)
             ^^^^^^^^^^^^^^^^^^^^^^^^
  File "/Users/juliareinhart/anaconda3/lib/python3.11/site-packages/chromadb/server/fastapi/__init__.py", line 620, in process_create_collection
    return self._api.create_collection(
           ^^^^^^^^^^^^^^^^^^^^^^^^^^^^
  File "/Users/juliareinhart/anaconda3/lib/python3.11/site-packages/chromadb/telemetry/opentelemetry/__init__.py", line 143, in wrapper
    return f(*args, **kwargs)
           ^^^^^^^^^^^^^^^^^^
  File "/Users/juliareinhart/anaconda3/lib/python3.11/site-packages/chromadb/api/segment.py", line 173, in create_collection
    coll, created = self._sysdb.create_collection(
                    ^^^^^^^^^^^^^^^^^^^^^^^^^^^^^^
  File "/Users/juliareinhart/anaconda3/lib/python3.11/site-packages/chromadb/telemetry/opentelemetry/__init__.py", line 143, in wrapper
    return f(*args, **kwargs)
           ^^^^^^^^^^^^^^^^^^
  File "/Users/juliareinhart/anaconda3/lib/python3.11/site-packages/chromadb/db/mixins/sysdb.py", line 220, in create_collection
    raise UniqueConstraintError(f"Collection {name} already exists")
chromadb.db.base.UniqueConstraintError: Collection maintstar-docs already exists
[32mINFO[0m:     [06-07-2025 14:26:09] 127.0.0.1:54271 - "POST /api/v1/collections HTTP/1.1" 500
[32mINFO[0m:     [06-07-2025 14:26:10] 127.0.0.1:54271 - "GET /api/v1/collections HTTP/1.1" 200
[33mWARNING[0m:  [06-07-2025 14:26:10] Add of existing embedding ID: CH7 - KPI Dashboards.txt-chunk-0
[33mWARNING[0m:  [06-07-2025 14:26:10] Add of existing embedding ID: CH7 - KPI Dashboards.txt-chunk-1
[33mWARNING[0m:  [06-07-2025 14:26:10] Insert of existing embedding ID: CH7 - KPI Dashboards.txt-chunk-0
[33mWARNING[0m:  [06-07-2025 14:26:10] Insert of existing embedding ID: CH7 - KPI Dashboards.txt-chunk-1
[32mINFO[0m:     [06-07-2025 14:26:10] 127.0.0.1:54271 - "POST /api/v1/collections/06759ce4-e469-411b-abf9-124c05eb9bf1/add HTTP/1.1" 201
[32mINFO[0m:     [06-07-2025 14:26:10] 127.0.0.1:54271 - "GET /api/v1/collections HTTP/1.1" 200
[31mERROR[0m:    [06-07-2025 14:26:10] Collection maintstar-docs already exists
Traceback (most recent call last):
  File "/Users/juliareinhart/anaconda3/lib/python3.11/site-packages/anyio/streams/memory.py", line 98, in receive
    return self.receive_nowait()
           ^^^^^^^^^^^^^^^^^^^^^
  File "/Users/juliareinhart/anaconda3/lib/python3.11/site-packages/anyio/streams/memory.py", line 93, in receive_nowait
    raise WouldBlock
anyio.WouldBlock

During handling of the above exception, another exception occurred:

Traceback (most recent call last):
  File "/Users/juliareinhart/anaconda3/lib/python3.11/site-packages/starlette/middleware/base.py", line 148, in call_next
    message = await recv_stream.receive()
              ^^^^^^^^^^^^^^^^^^^^^^^^^^^
  File "/Users/juliareinhart/anaconda3/lib/python3.11/site-packages/anyio/streams/memory.py", line 118, in receive
    raise EndOfStream
anyio.EndOfStream

During handling of the above exception, another exception occurred:

Traceback (most recent call last):
  File "/Users/juliareinhart/anaconda3/lib/python3.11/site-packages/chromadb/server/fastapi/__init__.py", line 78, in catch_exceptions_middleware
    return await call_next(request)
           ^^^^^^^^^^^^^^^^^^^^^^^^
  File "/Users/juliareinhart/anaconda3/lib/python3.11/site-packages/starlette/middleware/base.py", line 156, in call_next
    raise app_exc
  File "/Users/juliareinhart/anaconda3/lib/python3.11/site-packages/starlette/middleware/base.py", line 141, in coro
    await self.app(scope, receive_or_disconnect, send_no_error)
  File "/Users/juliareinhart/anaconda3/lib/python3.11/site-packages/starlette/middleware/base.py", line 178, in __call__
    response = await self.dispatch_func(request, call_next)
               ^^^^^^^^^^^^^^^^^^^^^^^^^^^^^^^^^^^^^^^^^^^^
  File "/Users/juliareinhart/anaconda3/lib/python3.11/site-packages/chromadb/server/fastapi/__init__.py", line 92, in check_http_version_middleware
    return await call_next(request)
           ^^^^^^^^^^^^^^^^^^^^^^^^
  File "/Users/juliareinhart/anaconda3/lib/python3.11/site-packages/starlette/middleware/base.py", line 156, in call_next
    raise app_exc
  File "/Users/juliareinhart/anaconda3/lib/python3.11/site-packages/starlette/middleware/base.py", line 141, in coro
    await self.app(scope, receive_or_disconnect, send_no_error)
  File "/Users/juliareinhart/anaconda3/lib/python3.11/site-packages/starlette/middleware/exceptions.py", line 62, in __call__
    await wrap_app_handling_exceptions(self.app, conn)(scope, receive, send)
  File "/Users/juliareinhart/anaconda3/lib/python3.11/site-packages/starlette/_exception_handler.py", line 53, in wrapped_app
    raise exc
  File "/Users/juliareinhart/anaconda3/lib/python3.11/site-packages/starlette/_exception_handler.py", line 42, in wrapped_app
    await app(scope, receive, sender)
  File "/Users/juliareinhart/anaconda3/lib/python3.11/site-packages/starlette/routing.py", line 714, in __call__
    await self.middleware_stack(scope, receive, send)
  File "/Users/juliareinhart/anaconda3/lib/python3.11/site-packages/starlette/routing.py", line 734, in app
    await route.handle(scope, receive, send)
  File "/Users/juliareinhart/anaconda3/lib/python3.11/site-packages/starlette/routing.py", line 288, in handle
    await self.app(scope, receive, send)
  File "/Users/juliareinhart/anaconda3/lib/python3.11/site-packages/starlette/routing.py", line 76, in app
    await wrap_app_handling_exceptions(app, request)(scope, receive, send)
  File "/Users/juliareinhart/anaconda3/lib/python3.11/site-packages/starlette/_exception_handler.py", line 53, in wrapped_app
    raise exc
  File "/Users/juliareinhart/anaconda3/lib/python3.11/site-packages/starlette/_exception_handler.py", line 42, in wrapped_app
    await app(scope, receive, sender)
  File "/Users/juliareinhart/anaconda3/lib/python3.11/site-packages/starlette/routing.py", line 73, in app
    response = await f(request)
               ^^^^^^^^^^^^^^^^
  File "/Users/juliareinhart/anaconda3/lib/python3.11/site-packages/fastapi/routing.py", line 301, in app
    raw_response = await run_endpoint_function(
                   ^^^^^^^^^^^^^^^^^^^^^^^^^^^^
  File "/Users/juliareinhart/anaconda3/lib/python3.11/site-packages/fastapi/routing.py", line 212, in run_endpoint_function
    return await dependant.call(**values)
           ^^^^^^^^^^^^^^^^^^^^^^^^^^^^^^
  File "/Users/juliareinhart/anaconda3/lib/python3.11/site-packages/chromadb/telemetry/opentelemetry/__init__.py", line 130, in wrapper
    return await f(*args, **kwargs)
           ^^^^^^^^^^^^^^^^^^^^^^^^
  File "/Users/juliareinhart/anaconda3/lib/python3.11/site-packages/chromadb/server/fastapi/__init__.py", line 630, in create_collection
    await to_thread.run_sync(
  File "/Users/juliareinhart/anaconda3/lib/python3.11/site-packages/anyio/to_thread.py", line 33, in run_sync
    return await get_asynclib().run_sync_in_worker_thread(
           ^^^^^^^^^^^^^^^^^^^^^^^^^^^^^^^^^^^^^^^^^^^^^^^
  File "/Users/juliareinhart/anaconda3/lib/python3.11/site-packages/anyio/_backends/_asyncio.py", line 877, in run_sync_in_worker_thread
    return await future
           ^^^^^^^^^^^^
  File "/Users/juliareinhart/anaconda3/lib/python3.11/site-packages/anyio/_backends/_asyncio.py", line 807, in run
    result = context.run(func, *args)
             ^^^^^^^^^^^^^^^^^^^^^^^^
  File "/Users/juliareinhart/anaconda3/lib/python3.11/site-packages/chromadb/server/fastapi/__init__.py", line 620, in process_create_collection
    return self._api.create_collection(
           ^^^^^^^^^^^^^^^^^^^^^^^^^^^^
  File "/Users/juliareinhart/anaconda3/lib/python3.11/site-packages/chromadb/telemetry/opentelemetry/__init__.py", line 143, in wrapper
    return f(*args, **kwargs)
           ^^^^^^^^^^^^^^^^^^
  File "/Users/juliareinhart/anaconda3/lib/python3.11/site-packages/chromadb/api/segment.py", line 173, in create_collection
    coll, created = self._sysdb.create_collection(
                    ^^^^^^^^^^^^^^^^^^^^^^^^^^^^^^
  File "/Users/juliareinhart/anaconda3/lib/python3.11/site-packages/chromadb/telemetry/opentelemetry/__init__.py", line 143, in wrapper
    return f(*args, **kwargs)
           ^^^^^^^^^^^^^^^^^^
  File "/Users/juliareinhart/anaconda3/lib/python3.11/site-packages/chromadb/db/mixins/sysdb.py", line 220, in create_collection
    raise UniqueConstraintError(f"Collection {name} already exists")
chromadb.db.base.UniqueConstraintError: Collection maintstar-docs already exists
[32mINFO[0m:     [06-07-2025 14:26:10] 127.0.0.1:54271 - "POST /api/v1/collections HTTP/1.1" 500
[32mINFO[0m:     [06-07-2025 14:26:10] 127.0.0.1:54271 - "GET /api/v1/collections HTTP/1.1" 200
[33mWARNING[0m:  [06-07-2025 14:26:10] Add of existing embedding ID: CH8.2 - Inventory ABC Cycle Counts.txt-chunk-0
[33mWARNING[0m:  [06-07-2025 14:26:10] Insert of existing embedding ID: CH8.2 - Inventory ABC Cycle Counts.txt-chunk-0
[32mINFO[0m:     [06-07-2025 14:26:10] 127.0.0.1:54271 - "POST /api/v1/collections/06759ce4-e469-411b-abf9-124c05eb9bf1/add HTTP/1.1" 201
[32mINFO[0m:     [06-07-2025 14:26:10] 127.0.0.1:54271 - "GET /api/v1/collections HTTP/1.1" 200
[31mERROR[0m:    [06-07-2025 14:26:10] Collection maintstar-docs already exists
Traceback (most recent call last):
  File "/Users/juliareinhart/anaconda3/lib/python3.11/site-packages/anyio/streams/memory.py", line 98, in receive
    return self.receive_nowait()
           ^^^^^^^^^^^^^^^^^^^^^
  File "/Users/juliareinhart/anaconda3/lib/python3.11/site-packages/anyio/streams/memory.py", line 93, in receive_nowait
    raise WouldBlock
anyio.WouldBlock

During handling of the above exception, another exception occurred:

Traceback (most recent call last):
  File "/Users/juliareinhart/anaconda3/lib/python3.11/site-packages/starlette/middleware/base.py", line 148, in call_next
    message = await recv_stream.receive()
              ^^^^^^^^^^^^^^^^^^^^^^^^^^^
  File "/Users/juliareinhart/anaconda3/lib/python3.11/site-packages/anyio/streams/memory.py", line 118, in receive
    raise EndOfStream
anyio.EndOfStream

During handling of the above exception, another exception occurred:

Traceback (most recent call last):
  File "/Users/juliareinhart/anaconda3/lib/python3.11/site-packages/chromadb/server/fastapi/__init__.py", line 78, in catch_exceptions_middleware
    return await call_next(request)
           ^^^^^^^^^^^^^^^^^^^^^^^^
  File "/Users/juliareinhart/anaconda3/lib/python3.11/site-packages/starlette/middleware/base.py", line 156, in call_next
    raise app_exc
  File "/Users/juliareinhart/anaconda3/lib/python3.11/site-packages/starlette/middleware/base.py", line 141, in coro
    await self.app(scope, receive_or_disconnect, send_no_error)
  File "/Users/juliareinhart/anaconda3/lib/python3.11/site-packages/starlette/middleware/base.py", line 178, in __call__
    response = await self.dispatch_func(request, call_next)
               ^^^^^^^^^^^^^^^^^^^^^^^^^^^^^^^^^^^^^^^^^^^^
  File "/Users/juliareinhart/anaconda3/lib/python3.11/site-packages/chromadb/server/fastapi/__init__.py", line 92, in check_http_version_middleware
    return await call_next(request)
           ^^^^^^^^^^^^^^^^^^^^^^^^
  File "/Users/juliareinhart/anaconda3/lib/python3.11/site-packages/starlette/middleware/base.py", line 156, in call_next
    raise app_exc
  File "/Users/juliareinhart/anaconda3/lib/python3.11/site-packages/starlette/middleware/base.py", line 141, in coro
    await self.app(scope, receive_or_disconnect, send_no_error)
  File "/Users/juliareinhart/anaconda3/lib/python3.11/site-packages/starlette/middleware/exceptions.py", line 62, in __call__
    await wrap_app_handling_exceptions(self.app, conn)(scope, receive, send)
  File "/Users/juliareinhart/anaconda3/lib/python3.11/site-packages/starlette/_exception_handler.py", line 53, in wrapped_app
    raise exc
  File "/Users/juliareinhart/anaconda3/lib/python3.11/site-packages/starlette/_exception_handler.py", line 42, in wrapped_app
    await app(scope, receive, sender)
  File "/Users/juliareinhart/anaconda3/lib/python3.11/site-packages/starlette/routing.py", line 714, in __call__
    await self.middleware_stack(scope, receive, send)
  File "/Users/juliareinhart/anaconda3/lib/python3.11/site-packages/starlette/routing.py", line 734, in app
    await route.handle(scope, receive, send)
  File "/Users/juliareinhart/anaconda3/lib/python3.11/site-packages/starlette/routing.py", line 288, in handle
    await self.app(scope, receive, send)
  File "/Users/juliareinhart/anaconda3/lib/python3.11/site-packages/starlette/routing.py", line 76, in app
    await wrap_app_handling_exceptions(app, request)(scope, receive, send)
  File "/Users/juliareinhart/anaconda3/lib/python3.11/site-packages/starlette/_exception_handler.py", line 53, in wrapped_app
    raise exc
  File "/Users/juliareinhart/anaconda3/lib/python3.11/site-packages/starlette/_exception_handler.py", line 42, in wrapped_app
    await app(scope, receive, sender)
  File "/Users/juliareinhart/anaconda3/lib/python3.11/site-packages/starlette/routing.py", line 73, in app
    response = await f(request)
               ^^^^^^^^^^^^^^^^
  File "/Users/juliareinhart/anaconda3/lib/python3.11/site-packages/fastapi/routing.py", line 301, in app
    raw_response = await run_endpoint_function(
                   ^^^^^^^^^^^^^^^^^^^^^^^^^^^^
  File "/Users/juliareinhart/anaconda3/lib/python3.11/site-packages/fastapi/routing.py", line 212, in run_endpoint_function
    return await dependant.call(**values)
           ^^^^^^^^^^^^^^^^^^^^^^^^^^^^^^
  File "/Users/juliareinhart/anaconda3/lib/python3.11/site-packages/chromadb/telemetry/opentelemetry/__init__.py", line 130, in wrapper
    return await f(*args, **kwargs)
           ^^^^^^^^^^^^^^^^^^^^^^^^
  File "/Users/juliareinhart/anaconda3/lib/python3.11/site-packages/chromadb/server/fastapi/__init__.py", line 630, in create_collection
    await to_thread.run_sync(
  File "/Users/juliareinhart/anaconda3/lib/python3.11/site-packages/anyio/to_thread.py", line 33, in run_sync
    return await get_asynclib().run_sync_in_worker_thread(
           ^^^^^^^^^^^^^^^^^^^^^^^^^^^^^^^^^^^^^^^^^^^^^^^
  File "/Users/juliareinhart/anaconda3/lib/python3.11/site-packages/anyio/_backends/_asyncio.py", line 877, in run_sync_in_worker_thread
    return await future
           ^^^^^^^^^^^^
  File "/Users/juliareinhart/anaconda3/lib/python3.11/site-packages/anyio/_backends/_asyncio.py", line 807, in run
    result = context.run(func, *args)
             ^^^^^^^^^^^^^^^^^^^^^^^^
  File "/Users/juliareinhart/anaconda3/lib/python3.11/site-packages/chromadb/server/fastapi/__init__.py", line 620, in process_create_collection
    return self._api.create_collection(
           ^^^^^^^^^^^^^^^^^^^^^^^^^^^^
  File "/Users/juliareinhart/anaconda3/lib/python3.11/site-packages/chromadb/telemetry/opentelemetry/__init__.py", line 143, in wrapper
    return f(*args, **kwargs)
           ^^^^^^^^^^^^^^^^^^
  File "/Users/juliareinhart/anaconda3/lib/python3.11/site-packages/chromadb/api/segment.py", line 173, in create_collection
    coll, created = self._sysdb.create_collection(
                    ^^^^^^^^^^^^^^^^^^^^^^^^^^^^^^
  File "/Users/juliareinhart/anaconda3/lib/python3.11/site-packages/chromadb/telemetry/opentelemetry/__init__.py", line 143, in wrapper
    return f(*args, **kwargs)
           ^^^^^^^^^^^^^^^^^^
  File "/Users/juliareinhart/anaconda3/lib/python3.11/site-packages/chromadb/db/mixins/sysdb.py", line 220, in create_collection
    raise UniqueConstraintError(f"Collection {name} already exists")
chromadb.db.base.UniqueConstraintError: Collection maintstar-docs already exists
[32mINFO[0m:     [06-07-2025 14:26:10] 127.0.0.1:54271 - "POST /api/v1/collections HTTP/1.1" 500
[32mINFO[0m:     [06-07-2025 14:26:11] 127.0.0.1:54271 - "GET /api/v1/collections HTTP/1.1" 200
[33mWARNING[0m:  [06-07-2025 14:26:11] Add of existing embedding ID: CH9 - Asset Lifecycle Module.txt-chunk-0
[33mWARNING[0m:  [06-07-2025 14:26:11] Add of existing embedding ID: CH9 - Asset Lifecycle Module.txt-chunk-1
[33mWARNING[0m:  [06-07-2025 14:26:11] Insert of existing embedding ID: CH9 - Asset Lifecycle Module.txt-chunk-0
[33mWARNING[0m:  [06-07-2025 14:26:11] Insert of existing embedding ID: CH9 - Asset Lifecycle Module.txt-chunk-1
[32mINFO[0m:     [06-07-2025 14:26:11] 127.0.0.1:54271 - "POST /api/v1/collections/06759ce4-e469-411b-abf9-124c05eb9bf1/add HTTP/1.1" 201
[32mINFO[0m:     [06-07-2025 14:26:11] 127.0.0.1:54271 - "GET /api/v1/collections HTTP/1.1" 200
[31mERROR[0m:    [06-07-2025 14:26:11] Collection maintstar-docs already exists
Traceback (most recent call last):
  File "/Users/juliareinhart/anaconda3/lib/python3.11/site-packages/anyio/streams/memory.py", line 98, in receive
    return self.receive_nowait()
           ^^^^^^^^^^^^^^^^^^^^^
  File "/Users/juliareinhart/anaconda3/lib/python3.11/site-packages/anyio/streams/memory.py", line 93, in receive_nowait
    raise WouldBlock
anyio.WouldBlock

During handling of the above exception, another exception occurred:

Traceback (most recent call last):
  File "/Users/juliareinhart/anaconda3/lib/python3.11/site-packages/starlette/middleware/base.py", line 148, in call_next
    message = await recv_stream.receive()
              ^^^^^^^^^^^^^^^^^^^^^^^^^^^
  File "/Users/juliareinhart/anaconda3/lib/python3.11/site-packages/anyio/streams/memory.py", line 118, in receive
    raise EndOfStream
anyio.EndOfStream

During handling of the above exception, another exception occurred:

Traceback (most recent call last):
  File "/Users/juliareinhart/anaconda3/lib/python3.11/site-packages/chromadb/server/fastapi/__init__.py", line 78, in catch_exceptions_middleware
    return await call_next(request)
           ^^^^^^^^^^^^^^^^^^^^^^^^
  File "/Users/juliareinhart/anaconda3/lib/python3.11/site-packages/starlette/middleware/base.py", line 156, in call_next
    raise app_exc
  File "/Users/juliareinhart/anaconda3/lib/python3.11/site-packages/starlette/middleware/base.py", line 141, in coro
    await self.app(scope, receive_or_disconnect, send_no_error)
  File "/Users/juliareinhart/anaconda3/lib/python3.11/site-packages/starlette/middleware/base.py", line 178, in __call__
    response = await self.dispatch_func(request, call_next)
               ^^^^^^^^^^^^^^^^^^^^^^^^^^^^^^^^^^^^^^^^^^^^
  File "/Users/juliareinhart/anaconda3/lib/python3.11/site-packages/chromadb/server/fastapi/__init__.py", line 92, in check_http_version_middleware
    return await call_next(request)
           ^^^^^^^^^^^^^^^^^^^^^^^^
  File "/Users/juliareinhart/anaconda3/lib/python3.11/site-packages/starlette/middleware/base.py", line 156, in call_next
    raise app_exc
  File "/Users/juliareinhart/anaconda3/lib/python3.11/site-packages/starlette/middleware/base.py", line 141, in coro
    await self.app(scope, receive_or_disconnect, send_no_error)
  File "/Users/juliareinhart/anaconda3/lib/python3.11/site-packages/starlette/middleware/exceptions.py", line 62, in __call__
    await wrap_app_handling_exceptions(self.app, conn)(scope, receive, send)
  File "/Users/juliareinhart/anaconda3/lib/python3.11/site-packages/starlette/_exception_handler.py", line 53, in wrapped_app
    raise exc
  File "/Users/juliareinhart/anaconda3/lib/python3.11/site-packages/starlette/_exception_handler.py", line 42, in wrapped_app
    await app(scope, receive, sender)
  File "/Users/juliareinhart/anaconda3/lib/python3.11/site-packages/starlette/routing.py", line 714, in __call__
    await self.middleware_stack(scope, receive, send)
  File "/Users/juliareinhart/anaconda3/lib/python3.11/site-packages/starlette/routing.py", line 734, in app
    await route.handle(scope, receive, send)
  File "/Users/juliareinhart/anaconda3/lib/python3.11/site-packages/starlette/routing.py", line 288, in handle
    await self.app(scope, receive, send)
  File "/Users/juliareinhart/anaconda3/lib/python3.11/site-packages/starlette/routing.py", line 76, in app
    await wrap_app_handling_exceptions(app, request)(scope, receive, send)
  File "/Users/juliareinhart/anaconda3/lib/python3.11/site-packages/starlette/_exception_handler.py", line 53, in wrapped_app
    raise exc
  File "/Users/juliareinhart/anaconda3/lib/python3.11/site-packages/starlette/_exception_handler.py", line 42, in wrapped_app
    await app(scope, receive, sender)
  File "/Users/juliareinhart/anaconda3/lib/python3.11/site-packages/starlette/routing.py", line 73, in app
    response = await f(request)
               ^^^^^^^^^^^^^^^^
  File "/Users/juliareinhart/anaconda3/lib/python3.11/site-packages/fastapi/routing.py", line 301, in app
    raw_response = await run_endpoint_function(
                   ^^^^^^^^^^^^^^^^^^^^^^^^^^^^
  File "/Users/juliareinhart/anaconda3/lib/python3.11/site-packages/fastapi/routing.py", line 212, in run_endpoint_function
    return await dependant.call(**values)
           ^^^^^^^^^^^^^^^^^^^^^^^^^^^^^^
  File "/Users/juliareinhart/anaconda3/lib/python3.11/site-packages/chromadb/telemetry/opentelemetry/__init__.py", line 130, in wrapper
    return await f(*args, **kwargs)
           ^^^^^^^^^^^^^^^^^^^^^^^^
  File "/Users/juliareinhart/anaconda3/lib/python3.11/site-packages/chromadb/server/fastapi/__init__.py", line 630, in create_collection
    await to_thread.run_sync(
  File "/Users/juliareinhart/anaconda3/lib/python3.11/site-packages/anyio/to_thread.py", line 33, in run_sync
    return await get_asynclib().run_sync_in_worker_thread(
           ^^^^^^^^^^^^^^^^^^^^^^^^^^^^^^^^^^^^^^^^^^^^^^^
  File "/Users/juliareinhart/anaconda3/lib/python3.11/site-packages/anyio/_backends/_asyncio.py", line 877, in run_sync_in_worker_thread
    return await future
           ^^^^^^^^^^^^
  File "/Users/juliareinhart/anaconda3/lib/python3.11/site-packages/anyio/_backends/_asyncio.py", line 807, in run
    result = context.run(func, *args)
             ^^^^^^^^^^^^^^^^^^^^^^^^
  File "/Users/juliareinhart/anaconda3/lib/python3.11/site-packages/chromadb/server/fastapi/__init__.py", line 620, in process_create_collection
    return self._api.create_collection(
           ^^^^^^^^^^^^^^^^^^^^^^^^^^^^
  File "/Users/juliareinhart/anaconda3/lib/python3.11/site-packages/chromadb/telemetry/opentelemetry/__init__.py", line 143, in wrapper
    return f(*args, **kwargs)
           ^^^^^^^^^^^^^^^^^^
  File "/Users/juliareinhart/anaconda3/lib/python3.11/site-packages/chromadb/api/segment.py", line 173, in create_collection
    coll, created = self._sysdb.create_collection(
                    ^^^^^^^^^^^^^^^^^^^^^^^^^^^^^^
  File "/Users/juliareinhart/anaconda3/lib/python3.11/site-packages/chromadb/telemetry/opentelemetry/__init__.py", line 143, in wrapper
    return f(*args, **kwargs)
           ^^^^^^^^^^^^^^^^^^
  File "/Users/juliareinhart/anaconda3/lib/python3.11/site-packages/chromadb/db/mixins/sysdb.py", line 220, in create_collection
    raise UniqueConstraintError(f"Collection {name} already exists")
chromadb.db.base.UniqueConstraintError: Collection maintstar-docs already exists
[32mINFO[0m:     [06-07-2025 14:26:11] 127.0.0.1:54271 - "POST /api/v1/collections HTTP/1.1" 500
[32mINFO[0m:     [06-07-2025 14:26:11] 127.0.0.1:54271 - "GET /api/v1/collections HTTP/1.1" 200
[33mWARNING[0m:  [06-07-2025 14:26:11] Add of existing embedding ID: CH9_3 - Work Planning Module.txt-chunk-0
[33mWARNING[0m:  [06-07-2025 14:26:11] Add of existing embedding ID: CH9_3 - Work Planning Module.txt-chunk-1
[33mWARNING[0m:  [06-07-2025 14:26:11] Insert of existing embedding ID: CH9_3 - Work Planning Module.txt-chunk-0
[33mWARNING[0m:  [06-07-2025 14:26:11] Insert of existing embedding ID: CH9_3 - Work Planning Module.txt-chunk-1
[32mINFO[0m:     [06-07-2025 14:26:11] 127.0.0.1:54271 - "POST /api/v1/collections/06759ce4-e469-411b-abf9-124c05eb9bf1/add HTTP/1.1" 201
[32mINFO[0m:     [06-07-2025 14:26:20] 127.0.0.1:54276 - "POST /api/v1/collections/a3776b32-5d83-4265-9368-26a053a89b0a/get HTTP/1.1" 200
[32mINFO[0m:     [06-07-2025 14:27:14] 127.0.0.1:54285 - "GET /api/v1/collections HTTP/1.1" 200
[32mINFO[0m:     [06-07-2025 14:27:14] 127.0.0.1:54285 - "POST /api/v1/collections/a3776b32-5d83-4265-9368-26a053a89b0a/query HTTP/1.1" 200
[32mINFO[0m:     [06-07-2025 14:33:23] 127.0.0.1:54349 - "GET /api/v1/collections HTTP/1.1" 200
[32mINFO[0m:     [06-07-2025 14:33:24] 127.0.0.1:54349 - "GET /api/v1/collections HTTP/1.1" 200
[32mINFO[0m:     [06-07-2025 14:33:24] 127.0.0.1:54349 - "POST /api/v1/collections/a3776b32-5d83-4265-9368-26a053a89b0a/upsert HTTP/1.1" 200
[32mINFO[0m:     [06-07-2025 14:33:24] 127.0.0.1:54349 - "GET /api/v1/collections HTTP/1.1" 200
[32mINFO[0m:     [06-07-2025 14:33:24] 127.0.0.1:54349 - "POST /api/v1/collections/a3776b32-5d83-4265-9368-26a053a89b0a/upsert HTTP/1.1" 200
[32mINFO[0m:     [06-07-2025 14:33:24] 127.0.0.1:54349 - "GET /api/v1/collections HTTP/1.1" 200
[32mINFO[0m:     [06-07-2025 14:33:24] 127.0.0.1:54349 - "POST /api/v1/collections/a3776b32-5d83-4265-9368-26a053a89b0a/upsert HTTP/1.1" 200
[32mINFO[0m:     [06-07-2025 14:33:24] 127.0.0.1:54349 - "GET /api/v1/collections HTTP/1.1" 200
[32mINFO[0m:     [06-07-2025 14:33:24] 127.0.0.1:54349 - "POST /api/v1/collections/a3776b32-5d83-4265-9368-26a053a89b0a/upsert HTTP/1.1" 200
[32mINFO[0m:     [06-07-2025 14:33:25] 127.0.0.1:54349 - "GET /api/v1/collections HTTP/1.1" 200
[32mINFO[0m:     [06-07-2025 14:33:25] 127.0.0.1:54349 - "POST /api/v1/collections/a3776b32-5d83-4265-9368-26a053a89b0a/upsert HTTP/1.1" 200
[32mINFO[0m:     [06-07-2025 14:33:25] 127.0.0.1:54349 - "GET /api/v1/collections HTTP/1.1" 200
[32mINFO[0m:     [06-07-2025 14:33:25] 127.0.0.1:54349 - "POST /api/v1/collections/a3776b32-5d83-4265-9368-26a053a89b0a/upsert HTTP/1.1" 200
[32mINFO[0m:     [06-07-2025 14:33:25] 127.0.0.1:54349 - "GET /api/v1/collections HTTP/1.1" 200
[32mINFO[0m:     [06-07-2025 14:33:25] 127.0.0.1:54349 - "POST /api/v1/collections/a3776b32-5d83-4265-9368-26a053a89b0a/upsert HTTP/1.1" 200
[32mINFO[0m:     [06-07-2025 14:33:25] 127.0.0.1:54349 - "GET /api/v1/collections HTTP/1.1" 200
[32mINFO[0m:     [06-07-2025 14:33:25] 127.0.0.1:54349 - "POST /api/v1/collections/a3776b32-5d83-4265-9368-26a053a89b0a/upsert HTTP/1.1" 200
[32mINFO[0m:     [06-07-2025 14:33:26] 127.0.0.1:54349 - "GET /api/v1/collections HTTP/1.1" 200
[32mINFO[0m:     [06-07-2025 14:33:26] 127.0.0.1:54349 - "POST /api/v1/collections/a3776b32-5d83-4265-9368-26a053a89b0a/upsert HTTP/1.1" 200
[32mINFO[0m:     [06-07-2025 14:33:26] 127.0.0.1:54349 - "GET /api/v1/collections HTTP/1.1" 200
[32mINFO[0m:     [06-07-2025 14:33:26] 127.0.0.1:54349 - "POST /api/v1/collections/a3776b32-5d83-4265-9368-26a053a89b0a/upsert HTTP/1.1" 200
[32mINFO[0m:     [06-07-2025 14:33:26] 127.0.0.1:54349 - "GET /api/v1/collections HTTP/1.1" 200
[32mINFO[0m:     [06-07-2025 14:33:26] 127.0.0.1:54349 - "POST /api/v1/collections/a3776b32-5d83-4265-9368-26a053a89b0a/upsert HTTP/1.1" 200
[32mINFO[0m:     [06-07-2025 14:33:26] 127.0.0.1:54349 - "GET /api/v1/collections HTTP/1.1" 200
[32mINFO[0m:     [06-07-2025 14:33:26] 127.0.0.1:54349 - "POST /api/v1/collections/a3776b32-5d83-4265-9368-26a053a89b0a/upsert HTTP/1.1" 200
[32mINFO[0m:     [06-07-2025 14:33:27] 127.0.0.1:54349 - "GET /api/v1/collections HTTP/1.1" 200
[32mINFO[0m:     [06-07-2025 14:33:27] 127.0.0.1:54349 - "POST /api/v1/collections/a3776b32-5d83-4265-9368-26a053a89b0a/upsert HTTP/1.1" 200
[32mINFO[0m:     [06-07-2025 14:33:27] 127.0.0.1:54349 - "GET /api/v1/collections HTTP/1.1" 200
[32mINFO[0m:     [06-07-2025 14:33:27] 127.0.0.1:54349 - "POST /api/v1/collections/a3776b32-5d83-4265-9368-26a053a89b0a/upsert HTTP/1.1" 200
[32mINFO[0m:     [06-07-2025 14:35:35] 127.0.0.1:54377 - "GET /api/v1/collections HTTP/1.1" 200
[32mINFO[0m:     [06-07-2025 14:35:35] 127.0.0.1:54377 - "GET /api/v1/collections HTTP/1.1" 200
[32mINFO[0m:     [06-07-2025 14:35:35] 127.0.0.1:54377 - "POST /api/v1/collections/a3776b32-5d83-4265-9368-26a053a89b0a/upsert HTTP/1.1" 200
[32mINFO[0m:     [06-07-2025 14:35:35] 127.0.0.1:54377 - "GET /api/v1/collections HTTP/1.1" 200
[32mINFO[0m:     [06-07-2025 14:35:35] 127.0.0.1:54377 - "POST /api/v1/collections/a3776b32-5d83-4265-9368-26a053a89b0a/upsert HTTP/1.1" 200
[32mINFO[0m:     [06-07-2025 14:35:35] 127.0.0.1:54377 - "GET /api/v1/collections HTTP/1.1" 200
[32mINFO[0m:     [06-07-2025 14:35:35] 127.0.0.1:54377 - "POST /api/v1/collections/a3776b32-5d83-4265-9368-26a053a89b0a/upsert HTTP/1.1" 200
[32mINFO[0m:     [06-07-2025 14:35:35] 127.0.0.1:54377 - "GET /api/v1/collections HTTP/1.1" 200
[32mINFO[0m:     [06-07-2025 14:35:35] 127.0.0.1:54377 - "POST /api/v1/collections/a3776b32-5d83-4265-9368-26a053a89b0a/upsert HTTP/1.1" 200
[32mINFO[0m:     [06-07-2025 14:35:36] 127.0.0.1:54377 - "GET /api/v1/collections HTTP/1.1" 200
[32mINFO[0m:     [06-07-2025 14:35:36] 127.0.0.1:54377 - "POST /api/v1/collections/a3776b32-5d83-4265-9368-26a053a89b0a/upsert HTTP/1.1" 200
[32mINFO[0m:     [06-07-2025 14:35:36] 127.0.0.1:54377 - "GET /api/v1/collections HTTP/1.1" 200
[32mINFO[0m:     [06-07-2025 14:35:36] 127.0.0.1:54377 - "POST /api/v1/collections/a3776b32-5d83-4265-9368-26a053a89b0a/upsert HTTP/1.1" 200
[32mINFO[0m:     [06-07-2025 14:35:36] 127.0.0.1:54377 - "GET /api/v1/collections HTTP/1.1" 200
[32mINFO[0m:     [06-07-2025 14:35:36] 127.0.0.1:54377 - "POST /api/v1/collections/a3776b32-5d83-4265-9368-26a053a89b0a/upsert HTTP/1.1" 200
[32mINFO[0m:     [06-07-2025 14:35:36] 127.0.0.1:54377 - "GET /api/v1/collections HTTP/1.1" 200
[32mINFO[0m:     [06-07-2025 14:35:36] 127.0.0.1:54377 - "POST /api/v1/collections/a3776b32-5d83-4265-9368-26a053a89b0a/upsert HTTP/1.1" 200
[32mINFO[0m:     [06-07-2025 14:35:37] 127.0.0.1:54377 - "GET /api/v1/collections HTTP/1.1" 200
[32mINFO[0m:     [06-07-2025 14:35:37] 127.0.0.1:54377 - "POST /api/v1/collections/a3776b32-5d83-4265-9368-26a053a89b0a/upsert HTTP/1.1" 200
[32mINFO[0m:     [06-07-2025 14:35:37] 127.0.0.1:54377 - "GET /api/v1/collections HTTP/1.1" 200
[32mINFO[0m:     [06-07-2025 14:35:37] 127.0.0.1:54377 - "POST /api/v1/collections/a3776b32-5d83-4265-9368-26a053a89b0a/upsert HTTP/1.1" 200
[32mINFO[0m:     [06-07-2025 14:35:38] 127.0.0.1:54377 - "GET /api/v1/collections HTTP/1.1" 200
[32mINFO[0m:     [06-07-2025 14:35:38] 127.0.0.1:54377 - "POST /api/v1/collections/a3776b32-5d83-4265-9368-26a053a89b0a/upsert HTTP/1.1" 200
[32mINFO[0m:     [06-07-2025 14:35:38] 127.0.0.1:54377 - "GET /api/v1/collections HTTP/1.1" 200
[32mINFO[0m:     [06-07-2025 14:35:38] 127.0.0.1:54377 - "POST /api/v1/collections/a3776b32-5d83-4265-9368-26a053a89b0a/upsert HTTP/1.1" 200
[32mINFO[0m:     [06-07-2025 14:35:38] 127.0.0.1:54377 - "GET /api/v1/collections HTTP/1.1" 200
[32mINFO[0m:     [06-07-2025 14:35:38] 127.0.0.1:54377 - "POST /api/v1/collections/a3776b32-5d83-4265-9368-26a053a89b0a/upsert HTTP/1.1" 200
[32mINFO[0m:     [06-07-2025 14:36:56] 127.0.0.1:54389 - "POST /api/v1/collections/a3776b32-5d83-4265-9368-26a053a89b0a/get HTTP/1.1" 200
[32mINFO[0m:     [06-07-2025 14:45:55] 127.0.0.1:54510 - "GET /api/v1/collections HTTP/1.1" 200
[32mINFO[0m:     [06-07-2025 14:46:33] 127.0.0.1:54517 - "POST /api/v1/collections/06759ce4-e469-411b-abf9-124c05eb9bf1/get HTTP/1.1" 200
[33mWARNING[0m:  [09-07-2025 22:16:01] chroma_server_nofile is set to 65535, but this is less than current soft limit of 1048575. chroma_server_nofile will not be set.
[32mINFO[0m:     [09-07-2025 22:16:01] Anonymized telemetry enabled. See                     https://docs.trychroma.com/telemetry for more information.
[36mDEBUG[0m:    [09-07-2025 22:16:01] Starting component System
[36mDEBUG[0m:    [09-07-2025 22:16:01] Starting component OpenTelemetryClient
[36mDEBUG[0m:    [09-07-2025 22:16:01] Starting component SqliteDB
[36mDEBUG[0m:    [09-07-2025 22:16:01] Starting component QuotaEnforcer
[36mDEBUG[0m:    [09-07-2025 22:16:01] Starting component Posthog
[36mDEBUG[0m:    [09-07-2025 22:16:01] Starting component LocalSegmentManager
[36mDEBUG[0m:    [09-07-2025 22:16:01] Starting component SegmentAPI
[32mINFO[0m:     [09-07-2025 22:16:01] Started server process [[36m97410[0m]
[32mINFO[0m:     [09-07-2025 22:16:01] Waiting for application startup.
[32mINFO[0m:     [09-07-2025 22:16:01] Application startup complete.
[32mINFO[0m:     [09-07-2025 22:16:01] Uvicorn running on [1mhttp://0.0.0.0:8000[0m (Press CTRL+C to quit)
[32mINFO[0m:     [09-07-2025 22:16:10] 127.0.0.1:59197 - "GET /api/v1/collections HTTP/1.1" 200
[32mINFO[0m:     [09-07-2025 22:16:12] 127.0.0.1:59197 - "GET /api/v1/collections HTTP/1.1" 200
[36mDEBUG[0m:    [09-07-2025 22:16:12] Starting component PersistentLocalHnswSegment
[32mINFO[0m:     [09-07-2025 22:16:12] 127.0.0.1:59197 - "POST /api/v1/collections/a3776b32-5d83-4265-9368-26a053a89b0a/upsert HTTP/1.1" 200
[32mINFO[0m:     [09-07-2025 22:16:13] 127.0.0.1:59197 - "GET /api/v1/collections HTTP/1.1" 200
[32mINFO[0m:     [09-07-2025 22:16:13] 127.0.0.1:59197 - "POST /api/v1/collections/a3776b32-5d83-4265-9368-26a053a89b0a/upsert HTTP/1.1" 200
[32mINFO[0m:     [09-07-2025 22:16:14] 127.0.0.1:59197 - "GET /api/v1/collections HTTP/1.1" 200
[32mINFO[0m:     [09-07-2025 22:16:14] 127.0.0.1:59197 - "POST /api/v1/collections/a3776b32-5d83-4265-9368-26a053a89b0a/upsert HTTP/1.1" 200
[32mINFO[0m:     [09-07-2025 22:16:14] 127.0.0.1:59197 - "GET /api/v1/collections HTTP/1.1" 200
[32mINFO[0m:     [09-07-2025 22:16:14] 127.0.0.1:59197 - "POST /api/v1/collections/a3776b32-5d83-4265-9368-26a053a89b0a/upsert HTTP/1.1" 200
[32mINFO[0m:     [09-07-2025 22:16:15] 127.0.0.1:59197 - "GET /api/v1/collections HTTP/1.1" 200
[32mINFO[0m:     [09-07-2025 22:16:15] 127.0.0.1:59197 - "POST /api/v1/collections/a3776b32-5d83-4265-9368-26a053a89b0a/upsert HTTP/1.1" 200
[32mINFO[0m:     [09-07-2025 22:16:16] 127.0.0.1:59197 - "GET /api/v1/collections HTTP/1.1" 200
[32mINFO[0m:     [09-07-2025 22:16:16] 127.0.0.1:59197 - "POST /api/v1/collections/a3776b32-5d83-4265-9368-26a053a89b0a/upsert HTTP/1.1" 200
[32mINFO[0m:     [09-07-2025 22:16:16] 127.0.0.1:59197 - "GET /api/v1/collections HTTP/1.1" 200
[32mINFO[0m:     [09-07-2025 22:16:16] 127.0.0.1:59197 - "POST /api/v1/collections/a3776b32-5d83-4265-9368-26a053a89b0a/upsert HTTP/1.1" 200
[32mINFO[0m:     [09-07-2025 22:16:16] 127.0.0.1:59197 - "GET /api/v1/collections HTTP/1.1" 200
[32mINFO[0m:     [09-07-2025 22:16:16] 127.0.0.1:59197 - "POST /api/v1/collections/a3776b32-5d83-4265-9368-26a053a89b0a/upsert HTTP/1.1" 200
[32mINFO[0m:     [09-07-2025 22:16:17] 127.0.0.1:59197 - "GET /api/v1/collections HTTP/1.1" 200
[32mINFO[0m:     [09-07-2025 22:16:17] 127.0.0.1:59197 - "POST /api/v1/collections/a3776b32-5d83-4265-9368-26a053a89b0a/upsert HTTP/1.1" 200
[32mINFO[0m:     [09-07-2025 22:16:17] 127.0.0.1:59197 - "GET /api/v1/collections HTTP/1.1" 200
[32mINFO[0m:     [09-07-2025 22:16:17] 127.0.0.1:59197 - "POST /api/v1/collections/a3776b32-5d83-4265-9368-26a053a89b0a/upsert HTTP/1.1" 200
[32mINFO[0m:     [09-07-2025 22:16:17] 127.0.0.1:59197 - "GET /api/v1/collections HTTP/1.1" 200
[32mINFO[0m:     [09-07-2025 22:16:17] 127.0.0.1:59197 - "POST /api/v1/collections/a3776b32-5d83-4265-9368-26a053a89b0a/upsert HTTP/1.1" 200
[32mINFO[0m:     [09-07-2025 22:16:18] 127.0.0.1:59197 - "GET /api/v1/collections HTTP/1.1" 200
[32mINFO[0m:     [09-07-2025 22:16:18] 127.0.0.1:59197 - "POST /api/v1/collections/a3776b32-5d83-4265-9368-26a053a89b0a/upsert HTTP/1.1" 200
[32mINFO[0m:     [09-07-2025 22:16:18] 127.0.0.1:59197 - "GET /api/v1/collections HTTP/1.1" 200
[32mINFO[0m:     [09-07-2025 22:16:18] 127.0.0.1:59197 - "POST /api/v1/collections/a3776b32-5d83-4265-9368-26a053a89b0a/upsert HTTP/1.1" 200
[32mINFO[0m:     [09-07-2025 22:16:19] 127.0.0.1:59197 - "GET /api/v1/collections HTTP/1.1" 200
[32mINFO[0m:     [09-07-2025 22:16:19] 127.0.0.1:59197 - "POST /api/v1/collections/a3776b32-5d83-4265-9368-26a053a89b0a/upsert HTTP/1.1" 200
[32mINFO[0m:     [09-07-2025 22:16:19] 127.0.0.1:59197 - "GET /api/v1/collections HTTP/1.1" 200
[32mINFO[0m:     [09-07-2025 22:16:19] 127.0.0.1:59197 - "POST /api/v1/collections/a3776b32-5d83-4265-9368-26a053a89b0a/upsert HTTP/1.1" 200
[32mINFO[0m:     [09-07-2025 22:16:19] 127.0.0.1:59197 - "GET /api/v1/collections HTTP/1.1" 200
[31mERROR[0m:    [09-07-2025 22:16:19] Collection maintstar-docs already exists
Traceback (most recent call last):
  File "/Users/juliareinhart/anaconda3/lib/python3.11/site-packages/anyio/streams/memory.py", line 98, in receive
    return self.receive_nowait()
           ^^^^^^^^^^^^^^^^^^^^^
  File "/Users/juliareinhart/anaconda3/lib/python3.11/site-packages/anyio/streams/memory.py", line 93, in receive_nowait
    raise WouldBlock
anyio.WouldBlock

During handling of the above exception, another exception occurred:

Traceback (most recent call last):
  File "/Users/juliareinhart/anaconda3/lib/python3.11/site-packages/starlette/middleware/base.py", line 148, in call_next
    message = await recv_stream.receive()
              ^^^^^^^^^^^^^^^^^^^^^^^^^^^
  File "/Users/juliareinhart/anaconda3/lib/python3.11/site-packages/anyio/streams/memory.py", line 118, in receive
    raise EndOfStream
anyio.EndOfStream

During handling of the above exception, another exception occurred:

Traceback (most recent call last):
  File "/Users/juliareinhart/anaconda3/lib/python3.11/site-packages/chromadb/server/fastapi/__init__.py", line 78, in catch_exceptions_middleware
    return await call_next(request)
           ^^^^^^^^^^^^^^^^^^^^^^^^
  File "/Users/juliareinhart/anaconda3/lib/python3.11/site-packages/starlette/middleware/base.py", line 156, in call_next
    raise app_exc
  File "/Users/juliareinhart/anaconda3/lib/python3.11/site-packages/starlette/middleware/base.py", line 141, in coro
    await self.app(scope, receive_or_disconnect, send_no_error)
  File "/Users/juliareinhart/anaconda3/lib/python3.11/site-packages/starlette/middleware/base.py", line 178, in __call__
    response = await self.dispatch_func(request, call_next)
               ^^^^^^^^^^^^^^^^^^^^^^^^^^^^^^^^^^^^^^^^^^^^
  File "/Users/juliareinhart/anaconda3/lib/python3.11/site-packages/chromadb/server/fastapi/__init__.py", line 92, in check_http_version_middleware
    return await call_next(request)
           ^^^^^^^^^^^^^^^^^^^^^^^^
  File "/Users/juliareinhart/anaconda3/lib/python3.11/site-packages/starlette/middleware/base.py", line 156, in call_next
    raise app_exc
  File "/Users/juliareinhart/anaconda3/lib/python3.11/site-packages/starlette/middleware/base.py", line 141, in coro
    await self.app(scope, receive_or_disconnect, send_no_error)
  File "/Users/juliareinhart/anaconda3/lib/python3.11/site-packages/starlette/middleware/exceptions.py", line 62, in __call__
    await wrap_app_handling_exceptions(self.app, conn)(scope, receive, send)
  File "/Users/juliareinhart/anaconda3/lib/python3.11/site-packages/starlette/_exception_handler.py", line 53, in wrapped_app
    raise exc
  File "/Users/juliareinhart/anaconda3/lib/python3.11/site-packages/starlette/_exception_handler.py", line 42, in wrapped_app
    await app(scope, receive, sender)
  File "/Users/juliareinhart/anaconda3/lib/python3.11/site-packages/starlette/routing.py", line 714, in __call__
    await self.middleware_stack(scope, receive, send)
  File "/Users/juliareinhart/anaconda3/lib/python3.11/site-packages/starlette/routing.py", line 734, in app
    await route.handle(scope, receive, send)
  File "/Users/juliareinhart/anaconda3/lib/python3.11/site-packages/starlette/routing.py", line 288, in handle
    await self.app(scope, receive, send)
  File "/Users/juliareinhart/anaconda3/lib/python3.11/site-packages/starlette/routing.py", line 76, in app
    await wrap_app_handling_exceptions(app, request)(scope, receive, send)
  File "/Users/juliareinhart/anaconda3/lib/python3.11/site-packages/starlette/_exception_handler.py", line 53, in wrapped_app
    raise exc
  File "/Users/juliareinhart/anaconda3/lib/python3.11/site-packages/starlette/_exception_handler.py", line 42, in wrapped_app
    await app(scope, receive, sender)
  File "/Users/juliareinhart/anaconda3/lib/python3.11/site-packages/starlette/routing.py", line 73, in app
    response = await f(request)
               ^^^^^^^^^^^^^^^^
  File "/Users/juliareinhart/anaconda3/lib/python3.11/site-packages/fastapi/routing.py", line 301, in app
    raw_response = await run_endpoint_function(
                   ^^^^^^^^^^^^^^^^^^^^^^^^^^^^
  File "/Users/juliareinhart/anaconda3/lib/python3.11/site-packages/fastapi/routing.py", line 212, in run_endpoint_function
    return await dependant.call(**values)
           ^^^^^^^^^^^^^^^^^^^^^^^^^^^^^^
  File "/Users/juliareinhart/anaconda3/lib/python3.11/site-packages/chromadb/telemetry/opentelemetry/__init__.py", line 130, in wrapper
    return await f(*args, **kwargs)
           ^^^^^^^^^^^^^^^^^^^^^^^^
  File "/Users/juliareinhart/anaconda3/lib/python3.11/site-packages/chromadb/server/fastapi/__init__.py", line 630, in create_collection
    await to_thread.run_sync(
  File "/Users/juliareinhart/anaconda3/lib/python3.11/site-packages/anyio/to_thread.py", line 33, in run_sync
    return await get_asynclib().run_sync_in_worker_thread(
           ^^^^^^^^^^^^^^^^^^^^^^^^^^^^^^^^^^^^^^^^^^^^^^^
  File "/Users/juliareinhart/anaconda3/lib/python3.11/site-packages/anyio/_backends/_asyncio.py", line 877, in run_sync_in_worker_thread
    return await future
           ^^^^^^^^^^^^
  File "/Users/juliareinhart/anaconda3/lib/python3.11/site-packages/anyio/_backends/_asyncio.py", line 807, in run
    result = context.run(func, *args)
             ^^^^^^^^^^^^^^^^^^^^^^^^
  File "/Users/juliareinhart/anaconda3/lib/python3.11/site-packages/chromadb/server/fastapi/__init__.py", line 620, in process_create_collection
    return self._api.create_collection(
           ^^^^^^^^^^^^^^^^^^^^^^^^^^^^
  File "/Users/juliareinhart/anaconda3/lib/python3.11/site-packages/chromadb/telemetry/opentelemetry/__init__.py", line 143, in wrapper
    return f(*args, **kwargs)
           ^^^^^^^^^^^^^^^^^^
  File "/Users/juliareinhart/anaconda3/lib/python3.11/site-packages/chromadb/api/segment.py", line 173, in create_collection
    coll, created = self._sysdb.create_collection(
                    ^^^^^^^^^^^^^^^^^^^^^^^^^^^^^^
  File "/Users/juliareinhart/anaconda3/lib/python3.11/site-packages/chromadb/telemetry/opentelemetry/__init__.py", line 143, in wrapper
    return f(*args, **kwargs)
           ^^^^^^^^^^^^^^^^^^
  File "/Users/juliareinhart/anaconda3/lib/python3.11/site-packages/chromadb/db/mixins/sysdb.py", line 220, in create_collection
    raise UniqueConstraintError(f"Collection {name} already exists")
chromadb.db.base.UniqueConstraintError: Collection maintstar-docs already exists
[32mINFO[0m:     [09-07-2025 22:16:19] 127.0.0.1:59197 - "POST /api/v1/collections HTTP/1.1" 500
[32mINFO[0m:     [09-07-2025 22:16:34] 127.0.0.1:59202 - "GET /api/v1/collections HTTP/1.1" 200
[36mDEBUG[0m:    [09-07-2025 22:16:34] Starting component PersistentLocalHnswSegment
[33mWARNING[0m:  [09-07-2025 22:16:34] Add of existing embedding ID: CH1 - Work Orders.txt-chunk-0
[33mWARNING[0m:  [09-07-2025 22:16:34] Add of existing embedding ID: CH1 - Work Orders.txt-chunk-1
[33mWARNING[0m:  [09-07-2025 22:16:34] Add of existing embedding ID: CH1 - Work Orders.txt-chunk-2
[33mWARNING[0m:  [09-07-2025 22:16:34] Add of existing embedding ID: CH1 - Work Orders.txt-chunk-3
[33mWARNING[0m:  [09-07-2025 22:16:34] Add of existing embedding ID: CH2 - Preventative Maintenance.txt-chunk-0
[33mWARNING[0m:  [09-07-2025 22:16:34] Add of existing embedding ID: CH2 - Preventative Maintenance.txt-chunk-1
[33mWARNING[0m:  [09-07-2025 22:16:34] Add of existing embedding ID: CH2 - Preventative Maintenance.txt-chunk-2
[33mWARNING[0m:  [09-07-2025 22:16:34] Add of existing embedding ID: CH1 - Work Orders.txt-chunk-0
[33mWARNING[0m:  [09-07-2025 22:16:34] Add of existing embedding ID: CH1_3 - CM Templates.txt-chunk-0
[33mWARNING[0m:  [09-07-2025 22:16:34] Add of existing embedding ID: CH2 - Preventative Maintenance.txt-chunk-0
[33mWARNING[0m:  [09-07-2025 22:16:34] Add of existing embedding ID: CH2 - Preventative Maintenance.txt-chunk-1
[33mWARNING[0m:  [09-07-2025 22:16:34] Add of existing embedding ID: CH3 - Work Request and Portal.txt-chunk-0
[33mWARNING[0m:  [09-07-2025 22:16:34] Add of existing embedding ID: CH3 - Work Request and Portal.txt-chunk-1
[33mWARNING[0m:  [09-07-2025 22:16:34] Add of existing embedding ID: CH4 - Notifications.txt-chunk-0
[33mWARNING[0m:  [09-07-2025 22:16:34] Add of existing embedding ID: CH5 - Assets.txt-chunk-0
[33mWARNING[0m:  [09-07-2025 22:16:34] Add of existing embedding ID: CH5_2 - Asset Assessments.txt-chunk-0
[33mWARNING[0m:  [09-07-2025 22:16:34] Add of existing embedding ID: CH5_3 - Asset Acquisitions.txt-chunk-0
[33mWARNING[0m:  [09-07-2025 22:16:34] Add of existing embedding ID: CH5_4 - Asset Disposals.txt-chunk-0
[33mWARNING[0m:  [09-07-2025 22:16:34] Add of existing embedding ID: CH5_5 - Asset Deficiencies.txt-chunk-0
[33mWARNING[0m:  [09-07-2025 22:16:34] Add of existing embedding ID: CH6 - Mobile Work Order.txt-chunk-0
[33mWARNING[0m:  [09-07-2025 22:16:34] Add of existing embedding ID: CH6 - Mobile Work Order.txt-chunk-1
[33mWARNING[0m:  [09-07-2025 22:16:34] Add of existing embedding ID: CH6 - Mobile Work Order.txt-chunk-2
[33mWARNING[0m:  [09-07-2025 22:16:34] Add of existing embedding ID: CH7 - KPI Dashboards.txt-chunk-0
[33mWARNING[0m:  [09-07-2025 22:16:34] Add of existing embedding ID: CH7 - KPI Dashboards.txt-chunk-1
[33mWARNING[0m:  [09-07-2025 22:16:34] Add of existing embedding ID: CH8.2 - Inventory ABC Cycle Counts.txt-chunk-0
[33mWARNING[0m:  [09-07-2025 22:16:34] Add of existing embedding ID: CH9 - Asset Lifecycle Module.txt-chunk-0
[33mWARNING[0m:  [09-07-2025 22:16:34] Add of existing embedding ID: CH9 - Asset Lifecycle Module.txt-chunk-1
[33mWARNING[0m:  [09-07-2025 22:16:34] Add of existing embedding ID: CH9_3 - Work Planning Module.txt-chunk-0
[33mWARNING[0m:  [09-07-2025 22:16:34] Add of existing embedding ID: CH9_3 - Work Planning Module.txt-chunk-1
[33mWARNING[0m:  [09-07-2025 22:16:34] Add of existing embedding ID: CH1 - Work Orders.txt-chunk-0
[33mWARNING[0m:  [09-07-2025 22:16:34] Add of existing embedding ID: CH1_3 - CM Templates.txt-chunk-0
[33mWARNING[0m:  [09-07-2025 22:16:34] Add of existing embedding ID: CH2 - Preventative Maintenance.txt-chunk-0
[33mWARNING[0m:  [09-07-2025 22:16:34] Add of existing embedding ID: CH2 - Preventative Maintenance.txt-chunk-1
[33mWARNING[0m:  [09-07-2025 22:16:34] Add of existing embedding ID: CH3 - Work Request and Portal.txt-chunk-0
[33mWARNING[0m:  [09-07-2025 22:16:34] Add of existing embedding ID: CH3 - Work Request and Portal.txt-chunk-1
[33mWARNING[0m:  [09-07-2025 22:16:34] Add of existing embedding ID: CH4 - Notifications.txt-chunk-0
[33mWARNING[0m:  [09-07-2025 22:16:34] Add of existing embedding ID: CH5 - Assets.txt-chunk-0
[33mWARNING[0m:  [09-07-2025 22:16:34] Add of existing embedding ID: CH5_2 - Asset Assessments.txt-chunk-0
[33mWARNING[0m:  [09-07-2025 22:16:34] Add of existing embedding ID: CH5_3 - Asset Acquisitions.txt-chunk-0
[33mWARNING[0m:  [09-07-2025 22:16:34] Add of existing embedding ID: CH5_4 - Asset Disposals.txt-chunk-0
[33mWARNING[0m:  [09-07-2025 22:16:34] Add of existing embedding ID: CH5_5 - Asset Deficiencies.txt-chunk-0
[33mWARNING[0m:  [09-07-2025 22:16:34] Add of existing embedding ID: CH1 - Work Orders.txt-chunk-0
[33mWARNING[0m:  [09-07-2025 22:16:34] Add of existing embedding ID: CH1_3 - CM Templates.txt-chunk-0
[33mWARNING[0m:  [09-07-2025 22:16:34] Add of existing embedding ID: CH2 - Preventative Maintenance.txt-chunk-0
[33mWARNING[0m:  [09-07-2025 22:16:34] Add of existing embedding ID: CH2 - Preventative Maintenance.txt-chunk-1
[33mWARNING[0m:  [09-07-2025 22:16:34] Add of existing embedding ID: CH3 - Work Request and Portal.txt-chunk-0
[33mWARNING[0m:  [09-07-2025 22:16:34] Add of existing embedding ID: CH3 - Work Request and Portal.txt-chunk-1
[33mWARNING[0m:  [09-07-2025 22:16:34] Add of existing embedding ID: CH4 - Notifications.txt-chunk-0
[33mWARNING[0m:  [09-07-2025 22:16:34] Add of existing embedding ID: CH5 - Assets.txt-chunk-0
[33mWARNING[0m:  [09-07-2025 22:16:34] Add of existing embedding ID: CH5_2 - Asset Assessments.txt-chunk-0
[33mWARNING[0m:  [09-07-2025 22:16:34] Add of existing embedding ID: CH5_3 - Asset Acquisitions.txt-chunk-0
[33mWARNING[0m:  [09-07-2025 22:16:34] Add of existing embedding ID: CH5_4 - Asset Disposals.txt-chunk-0
[33mWARNING[0m:  [09-07-2025 22:16:34] Add of existing embedding ID: CH5_5 - Asset Deficiencies.txt-chunk-0
[33mWARNING[0m:  [09-07-2025 22:16:34] Add of existing embedding ID: CH6 - Mobile Work Order.txt-chunk-0
[33mWARNING[0m:  [09-07-2025 22:16:34] Add of existing embedding ID: CH6 - Mobile Work Order.txt-chunk-1
[33mWARNING[0m:  [09-07-2025 22:16:34] Add of existing embedding ID: CH6 - Mobile Work Order.txt-chunk-2
[33mWARNING[0m:  [09-07-2025 22:16:34] Add of existing embedding ID: CH7 - KPI Dashboards.txt-chunk-0
[33mWARNING[0m:  [09-07-2025 22:16:34] Add of existing embedding ID: CH7 - KPI Dashboards.txt-chunk-1
[33mWARNING[0m:  [09-07-2025 22:16:34] Add of existing embedding ID: CH8.2 - Inventory ABC Cycle Counts.txt-chunk-0
[33mWARNING[0m:  [09-07-2025 22:16:34] Add of existing embedding ID: CH9 - Asset Lifecycle Module.txt-chunk-0
[33mWARNING[0m:  [09-07-2025 22:16:34] Add of existing embedding ID: CH9 - Asset Lifecycle Module.txt-chunk-1
[33mWARNING[0m:  [09-07-2025 22:16:34] Add of existing embedding ID: CH9_3 - Work Planning Module.txt-chunk-0
[33mWARNING[0m:  [09-07-2025 22:16:34] Add of existing embedding ID: CH9_3 - Work Planning Module.txt-chunk-1
[33mWARNING[0m:  [09-07-2025 22:16:34] Add of existing embedding ID: CH1 - Work Orders.txt-chunk-0
[33mWARNING[0m:  [09-07-2025 22:16:34] Add of existing embedding ID: CH1_3 - CM Templates.txt-chunk-0
[33mWARNING[0m:  [09-07-2025 22:16:34] Add of existing embedding ID: CH2 - Preventative Maintenance.txt-chunk-0
[33mWARNING[0m:  [09-07-2025 22:16:34] Add of existing embedding ID: CH2 - Preventative Maintenance.txt-chunk-1
[33mWARNING[0m:  [09-07-2025 22:16:34] Add of existing embedding ID: CH3 - Work Request and Portal.txt-chunk-0
[33mWARNING[0m:  [09-07-2025 22:16:34] Add of existing embedding ID: CH3 - Work Request and Portal.txt-chunk-1
[33mWARNING[0m:  [09-07-2025 22:16:34] Add of existing embedding ID: CH4 - Notifications.txt-chunk-0
[33mWARNING[0m:  [09-07-2025 22:16:34] Add of existing embedding ID: CH5 - Assets.txt-chunk-0
[33mWARNING[0m:  [09-07-2025 22:16:34] Add of existing embedding ID: CH5_2 - Asset Assessments.txt-chunk-0
[33mWARNING[0m:  [09-07-2025 22:16:34] Add of existing embedding ID: CH5_3 - Asset Acquisitions.txt-chunk-0
[33mWARNING[0m:  [09-07-2025 22:16:34] Add of existing embedding ID: CH5_4 - Asset Disposals.txt-chunk-0
[33mWARNING[0m:  [09-07-2025 22:16:34] Add of existing embedding ID: CH5_5 - Asset Deficiencies.txt-chunk-0
[33mWARNING[0m:  [09-07-2025 22:16:34] Add of existing embedding ID: CH6 - Mobile Work Order.txt-chunk-0
[33mWARNING[0m:  [09-07-2025 22:16:34] Add of existing embedding ID: CH6 - Mobile Work Order.txt-chunk-1
[33mWARNING[0m:  [09-07-2025 22:16:34] Add of existing embedding ID: CH6 - Mobile Work Order.txt-chunk-2
[33mWARNING[0m:  [09-07-2025 22:16:34] Add of existing embedding ID: CH7 - KPI Dashboards.txt-chunk-0
[33mWARNING[0m:  [09-07-2025 22:16:34] Add of existing embedding ID: CH7 - KPI Dashboards.txt-chunk-1
[33mWARNING[0m:  [09-07-2025 22:16:34] Add of existing embedding ID: CH8.2 - Inventory ABC Cycle Counts.txt-chunk-0
[33mWARNING[0m:  [09-07-2025 22:16:34] Add of existing embedding ID: CH9 - Asset Lifecycle Module.txt-chunk-0
[33mWARNING[0m:  [09-07-2025 22:16:34] Add of existing embedding ID: CH9 - Asset Lifecycle Module.txt-chunk-1
[33mWARNING[0m:  [09-07-2025 22:16:34] Add of existing embedding ID: CH9_3 - Work Planning Module.txt-chunk-0
[33mWARNING[0m:  [09-07-2025 22:16:34] Add of existing embedding ID: CH9_3 - Work Planning Module.txt-chunk-1
[32mINFO[0m:     [09-07-2025 22:16:34] 127.0.0.1:59202 - "POST /api/v1/collections/06759ce4-e469-411b-abf9-124c05eb9bf1/add HTTP/1.1" 201
[32mINFO[0m:     [09-07-2025 22:16:34] 127.0.0.1:59202 - "GET /api/v1/collections HTTP/1.1" 200
[31mERROR[0m:    [09-07-2025 22:16:34] Collection maintstar-docs already exists
Traceback (most recent call last):
  File "/Users/juliareinhart/anaconda3/lib/python3.11/site-packages/anyio/streams/memory.py", line 98, in receive
    return self.receive_nowait()
           ^^^^^^^^^^^^^^^^^^^^^
  File "/Users/juliareinhart/anaconda3/lib/python3.11/site-packages/anyio/streams/memory.py", line 93, in receive_nowait
    raise WouldBlock
anyio.WouldBlock

During handling of the above exception, another exception occurred:

Traceback (most recent call last):
  File "/Users/juliareinhart/anaconda3/lib/python3.11/site-packages/starlette/middleware/base.py", line 148, in call_next
    message = await recv_stream.receive()
              ^^^^^^^^^^^^^^^^^^^^^^^^^^^
  File "/Users/juliareinhart/anaconda3/lib/python3.11/site-packages/anyio/streams/memory.py", line 118, in receive
    raise EndOfStream
anyio.EndOfStream

During handling of the above exception, another exception occurred:

Traceback (most recent call last):
  File "/Users/juliareinhart/anaconda3/lib/python3.11/site-packages/chromadb/server/fastapi/__init__.py", line 78, in catch_exceptions_middleware
    return await call_next(request)
           ^^^^^^^^^^^^^^^^^^^^^^^^
  File "/Users/juliareinhart/anaconda3/lib/python3.11/site-packages/starlette/middleware/base.py", line 156, in call_next
    raise app_exc
  File "/Users/juliareinhart/anaconda3/lib/python3.11/site-packages/starlette/middleware/base.py", line 141, in coro
    await self.app(scope, receive_or_disconnect, send_no_error)
  File "/Users/juliareinhart/anaconda3/lib/python3.11/site-packages/starlette/middleware/base.py", line 178, in __call__
    response = await self.dispatch_func(request, call_next)
               ^^^^^^^^^^^^^^^^^^^^^^^^^^^^^^^^^^^^^^^^^^^^
  File "/Users/juliareinhart/anaconda3/lib/python3.11/site-packages/chromadb/server/fastapi/__init__.py", line 92, in check_http_version_middleware
    return await call_next(request)
           ^^^^^^^^^^^^^^^^^^^^^^^^
  File "/Users/juliareinhart/anaconda3/lib/python3.11/site-packages/starlette/middleware/base.py", line 156, in call_next
    raise app_exc
  File "/Users/juliareinhart/anaconda3/lib/python3.11/site-packages/starlette/middleware/base.py", line 141, in coro
    await self.app(scope, receive_or_disconnect, send_no_error)
  File "/Users/juliareinhart/anaconda3/lib/python3.11/site-packages/starlette/middleware/exceptions.py", line 62, in __call__
    await wrap_app_handling_exceptions(self.app, conn)(scope, receive, send)
  File "/Users/juliareinhart/anaconda3/lib/python3.11/site-packages/starlette/_exception_handler.py", line 53, in wrapped_app
    raise exc
  File "/Users/juliareinhart/anaconda3/lib/python3.11/site-packages/starlette/_exception_handler.py", line 42, in wrapped_app
    await app(scope, receive, sender)
  File "/Users/juliareinhart/anaconda3/lib/python3.11/site-packages/starlette/routing.py", line 714, in __call__
    await self.middleware_stack(scope, receive, send)
  File "/Users/juliareinhart/anaconda3/lib/python3.11/site-packages/starlette/routing.py", line 734, in app
    await route.handle(scope, receive, send)
  File "/Users/juliareinhart/anaconda3/lib/python3.11/site-packages/starlette/routing.py", line 288, in handle
    await self.app(scope, receive, send)
  File "/Users/juliareinhart/anaconda3/lib/python3.11/site-packages/starlette/routing.py", line 76, in app
    await wrap_app_handling_exceptions(app, request)(scope, receive, send)
  File "/Users/juliareinhart/anaconda3/lib/python3.11/site-packages/starlette/_exception_handler.py", line 53, in wrapped_app
    raise exc
  File "/Users/juliareinhart/anaconda3/lib/python3.11/site-packages/starlette/_exception_handler.py", line 42, in wrapped_app
    await app(scope, receive, sender)
  File "/Users/juliareinhart/anaconda3/lib/python3.11/site-packages/starlette/routing.py", line 73, in app
    response = await f(request)
               ^^^^^^^^^^^^^^^^
  File "/Users/juliareinhart/anaconda3/lib/python3.11/site-packages/fastapi/routing.py", line 301, in app
    raw_response = await run_endpoint_function(
                   ^^^^^^^^^^^^^^^^^^^^^^^^^^^^
  File "/Users/juliareinhart/anaconda3/lib/python3.11/site-packages/fastapi/routing.py", line 212, in run_endpoint_function
    return await dependant.call(**values)
           ^^^^^^^^^^^^^^^^^^^^^^^^^^^^^^
  File "/Users/juliareinhart/anaconda3/lib/python3.11/site-packages/chromadb/telemetry/opentelemetry/__init__.py", line 130, in wrapper
    return await f(*args, **kwargs)
           ^^^^^^^^^^^^^^^^^^^^^^^^
  File "/Users/juliareinhart/anaconda3/lib/python3.11/site-packages/chromadb/server/fastapi/__init__.py", line 630, in create_collection
    await to_thread.run_sync(
  File "/Users/juliareinhart/anaconda3/lib/python3.11/site-packages/anyio/to_thread.py", line 33, in run_sync
    return await get_asynclib().run_sync_in_worker_thread(
           ^^^^^^^^^^^^^^^^^^^^^^^^^^^^^^^^^^^^^^^^^^^^^^^
  File "/Users/juliareinhart/anaconda3/lib/python3.11/site-packages/anyio/_backends/_asyncio.py", line 877, in run_sync_in_worker_thread
    return await future
           ^^^^^^^^^^^^
  File "/Users/juliareinhart/anaconda3/lib/python3.11/site-packages/anyio/_backends/_asyncio.py", line 807, in run
    result = context.run(func, *args)
             ^^^^^^^^^^^^^^^^^^^^^^^^
  File "/Users/juliareinhart/anaconda3/lib/python3.11/site-packages/chromadb/server/fastapi/__init__.py", line 620, in process_create_collection
    return self._api.create_collection(
           ^^^^^^^^^^^^^^^^^^^^^^^^^^^^
  File "/Users/juliareinhart/anaconda3/lib/python3.11/site-packages/chromadb/telemetry/opentelemetry/__init__.py", line 143, in wrapper
    return f(*args, **kwargs)
           ^^^^^^^^^^^^^^^^^^
  File "/Users/juliareinhart/anaconda3/lib/python3.11/site-packages/chromadb/api/segment.py", line 173, in create_collection
    coll, created = self._sysdb.create_collection(
                    ^^^^^^^^^^^^^^^^^^^^^^^^^^^^^^
  File "/Users/juliareinhart/anaconda3/lib/python3.11/site-packages/chromadb/telemetry/opentelemetry/__init__.py", line 143, in wrapper
    return f(*args, **kwargs)
           ^^^^^^^^^^^^^^^^^^
  File "/Users/juliareinhart/anaconda3/lib/python3.11/site-packages/chromadb/db/mixins/sysdb.py", line 220, in create_collection
    raise UniqueConstraintError(f"Collection {name} already exists")
chromadb.db.base.UniqueConstraintError: Collection maintstar-docs already exists
[32mINFO[0m:     [09-07-2025 22:16:34] 127.0.0.1:59202 - "POST /api/v1/collections HTTP/1.1" 500
[32mINFO[0m:     [09-07-2025 22:16:37] 127.0.0.1:59202 - "GET /api/v1/collections HTTP/1.1" 200
[32mINFO[0m:     [09-07-2025 22:16:37] 127.0.0.1:59202 - "POST /api/v1/collections/06759ce4-e469-411b-abf9-124c05eb9bf1/add HTTP/1.1" 201
[32mINFO[0m:     [09-07-2025 22:16:37] 127.0.0.1:59202 - "GET /api/v1/collections HTTP/1.1" 200
[31mERROR[0m:    [09-07-2025 22:16:37] Collection maintstar-docs already exists
Traceback (most recent call last):
  File "/Users/juliareinhart/anaconda3/lib/python3.11/site-packages/anyio/streams/memory.py", line 98, in receive
    return self.receive_nowait()
           ^^^^^^^^^^^^^^^^^^^^^
  File "/Users/juliareinhart/anaconda3/lib/python3.11/site-packages/anyio/streams/memory.py", line 93, in receive_nowait
    raise WouldBlock
anyio.WouldBlock

During handling of the above exception, another exception occurred:

Traceback (most recent call last):
  File "/Users/juliareinhart/anaconda3/lib/python3.11/site-packages/starlette/middleware/base.py", line 148, in call_next
    message = await recv_stream.receive()
              ^^^^^^^^^^^^^^^^^^^^^^^^^^^
  File "/Users/juliareinhart/anaconda3/lib/python3.11/site-packages/anyio/streams/memory.py", line 118, in receive
    raise EndOfStream
anyio.EndOfStream

During handling of the above exception, another exception occurred:

Traceback (most recent call last):
  File "/Users/juliareinhart/anaconda3/lib/python3.11/site-packages/chromadb/server/fastapi/__init__.py", line 78, in catch_exceptions_middleware
    return await call_next(request)
           ^^^^^^^^^^^^^^^^^^^^^^^^
  File "/Users/juliareinhart/anaconda3/lib/python3.11/site-packages/starlette/middleware/base.py", line 156, in call_next
    raise app_exc
  File "/Users/juliareinhart/anaconda3/lib/python3.11/site-packages/starlette/middleware/base.py", line 141, in coro
    await self.app(scope, receive_or_disconnect, send_no_error)
  File "/Users/juliareinhart/anaconda3/lib/python3.11/site-packages/starlette/middleware/base.py", line 178, in __call__
    response = await self.dispatch_func(request, call_next)
               ^^^^^^^^^^^^^^^^^^^^^^^^^^^^^^^^^^^^^^^^^^^^
  File "/Users/juliareinhart/anaconda3/lib/python3.11/site-packages/chromadb/server/fastapi/__init__.py", line 92, in check_http_version_middleware
    return await call_next(request)
           ^^^^^^^^^^^^^^^^^^^^^^^^
  File "/Users/juliareinhart/anaconda3/lib/python3.11/site-packages/starlette/middleware/base.py", line 156, in call_next
    raise app_exc
  File "/Users/juliareinhart/anaconda3/lib/python3.11/site-packages/starlette/middleware/base.py", line 141, in coro
    await self.app(scope, receive_or_disconnect, send_no_error)
  File "/Users/juliareinhart/anaconda3/lib/python3.11/site-packages/starlette/middleware/exceptions.py", line 62, in __call__
    await wrap_app_handling_exceptions(self.app, conn)(scope, receive, send)
  File "/Users/juliareinhart/anaconda3/lib/python3.11/site-packages/starlette/_exception_handler.py", line 53, in wrapped_app
    raise exc
  File "/Users/juliareinhart/anaconda3/lib/python3.11/site-packages/starlette/_exception_handler.py", line 42, in wrapped_app
    await app(scope, receive, sender)
  File "/Users/juliareinhart/anaconda3/lib/python3.11/site-packages/starlette/routing.py", line 714, in __call__
    await self.middleware_stack(scope, receive, send)
  File "/Users/juliareinhart/anaconda3/lib/python3.11/site-packages/starlette/routing.py", line 734, in app
    await route.handle(scope, receive, send)
  File "/Users/juliareinhart/anaconda3/lib/python3.11/site-packages/starlette/routing.py", line 288, in handle
    await self.app(scope, receive, send)
  File "/Users/juliareinhart/anaconda3/lib/python3.11/site-packages/starlette/routing.py", line 76, in app
    await wrap_app_handling_exceptions(app, request)(scope, receive, send)
  File "/Users/juliareinhart/anaconda3/lib/python3.11/site-packages/starlette/_exception_handler.py", line 53, in wrapped_app
    raise exc
  File "/Users/juliareinhart/anaconda3/lib/python3.11/site-packages/starlette/_exception_handler.py", line 42, in wrapped_app
    await app(scope, receive, sender)
  File "/Users/juliareinhart/anaconda3/lib/python3.11/site-packages/starlette/routing.py", line 73, in app
    response = await f(request)
               ^^^^^^^^^^^^^^^^
  File "/Users/juliareinhart/anaconda3/lib/python3.11/site-packages/fastapi/routing.py", line 301, in app
    raw_response = await run_endpoint_function(
                   ^^^^^^^^^^^^^^^^^^^^^^^^^^^^
  File "/Users/juliareinhart/anaconda3/lib/python3.11/site-packages/fastapi/routing.py", line 212, in run_endpoint_function
    return await dependant.call(**values)
           ^^^^^^^^^^^^^^^^^^^^^^^^^^^^^^
  File "/Users/juliareinhart/anaconda3/lib/python3.11/site-packages/chromadb/telemetry/opentelemetry/__init__.py", line 130, in wrapper
    return await f(*args, **kwargs)
           ^^^^^^^^^^^^^^^^^^^^^^^^
  File "/Users/juliareinhart/anaconda3/lib/python3.11/site-packages/chromadb/server/fastapi/__init__.py", line 630, in create_collection
    await to_thread.run_sync(
  File "/Users/juliareinhart/anaconda3/lib/python3.11/site-packages/anyio/to_thread.py", line 33, in run_sync
    return await get_asynclib().run_sync_in_worker_thread(
           ^^^^^^^^^^^^^^^^^^^^^^^^^^^^^^^^^^^^^^^^^^^^^^^
  File "/Users/juliareinhart/anaconda3/lib/python3.11/site-packages/anyio/_backends/_asyncio.py", line 877, in run_sync_in_worker_thread
    return await future
           ^^^^^^^^^^^^
  File "/Users/juliareinhart/anaconda3/lib/python3.11/site-packages/anyio/_backends/_asyncio.py", line 807, in run
    result = context.run(func, *args)
             ^^^^^^^^^^^^^^^^^^^^^^^^
  File "/Users/juliareinhart/anaconda3/lib/python3.11/site-packages/chromadb/server/fastapi/__init__.py", line 620, in process_create_collection
    return self._api.create_collection(
           ^^^^^^^^^^^^^^^^^^^^^^^^^^^^
  File "/Users/juliareinhart/anaconda3/lib/python3.11/site-packages/chromadb/telemetry/opentelemetry/__init__.py", line 143, in wrapper
    return f(*args, **kwargs)
           ^^^^^^^^^^^^^^^^^^
  File "/Users/juliareinhart/anaconda3/lib/python3.11/site-packages/chromadb/api/segment.py", line 173, in create_collection
    coll, created = self._sysdb.create_collection(
                    ^^^^^^^^^^^^^^^^^^^^^^^^^^^^^^
  File "/Users/juliareinhart/anaconda3/lib/python3.11/site-packages/chromadb/telemetry/opentelemetry/__init__.py", line 143, in wrapper
    return f(*args, **kwargs)
           ^^^^^^^^^^^^^^^^^^
  File "/Users/juliareinhart/anaconda3/lib/python3.11/site-packages/chromadb/db/mixins/sysdb.py", line 220, in create_collection
    raise UniqueConstraintError(f"Collection {name} already exists")
chromadb.db.base.UniqueConstraintError: Collection maintstar-docs already exists
[32mINFO[0m:     [09-07-2025 22:16:37] 127.0.0.1:59202 - "POST /api/v1/collections HTTP/1.1" 500
[32mINFO[0m:     [09-07-2025 22:16:48] 127.0.0.1:59205 - "GET /api/v1/collections HTTP/1.1" 200
[32mINFO[0m:     [09-07-2025 22:16:48] 127.0.0.1:59205 - "POST /api/v1/collections/06759ce4-e469-411b-abf9-124c05eb9bf1/add HTTP/1.1" 201
[32mINFO[0m:     [09-07-2025 22:16:48] 127.0.0.1:59205 - "GET /api/v1/collections HTTP/1.1" 200
[31mERROR[0m:    [09-07-2025 22:16:48] Collection maintstar-docs already exists
Traceback (most recent call last):
  File "/Users/juliareinhart/anaconda3/lib/python3.11/site-packages/anyio/streams/memory.py", line 98, in receive
    return self.receive_nowait()
           ^^^^^^^^^^^^^^^^^^^^^
  File "/Users/juliareinhart/anaconda3/lib/python3.11/site-packages/anyio/streams/memory.py", line 93, in receive_nowait
    raise WouldBlock
anyio.WouldBlock

During handling of the above exception, another exception occurred:

Traceback (most recent call last):
  File "/Users/juliareinhart/anaconda3/lib/python3.11/site-packages/starlette/middleware/base.py", line 148, in call_next
    message = await recv_stream.receive()
              ^^^^^^^^^^^^^^^^^^^^^^^^^^^
  File "/Users/juliareinhart/anaconda3/lib/python3.11/site-packages/anyio/streams/memory.py", line 118, in receive
    raise EndOfStream
anyio.EndOfStream

During handling of the above exception, another exception occurred:

Traceback (most recent call last):
  File "/Users/juliareinhart/anaconda3/lib/python3.11/site-packages/chromadb/server/fastapi/__init__.py", line 78, in catch_exceptions_middleware
    return await call_next(request)
           ^^^^^^^^^^^^^^^^^^^^^^^^
  File "/Users/juliareinhart/anaconda3/lib/python3.11/site-packages/starlette/middleware/base.py", line 156, in call_next
    raise app_exc
  File "/Users/juliareinhart/anaconda3/lib/python3.11/site-packages/starlette/middleware/base.py", line 141, in coro
    await self.app(scope, receive_or_disconnect, send_no_error)
  File "/Users/juliareinhart/anaconda3/lib/python3.11/site-packages/starlette/middleware/base.py", line 178, in __call__
    response = await self.dispatch_func(request, call_next)
               ^^^^^^^^^^^^^^^^^^^^^^^^^^^^^^^^^^^^^^^^^^^^
  File "/Users/juliareinhart/anaconda3/lib/python3.11/site-packages/chromadb/server/fastapi/__init__.py", line 92, in check_http_version_middleware
    return await call_next(request)
           ^^^^^^^^^^^^^^^^^^^^^^^^
  File "/Users/juliareinhart/anaconda3/lib/python3.11/site-packages/starlette/middleware/base.py", line 156, in call_next
    raise app_exc
  File "/Users/juliareinhart/anaconda3/lib/python3.11/site-packages/starlette/middleware/base.py", line 141, in coro
    await self.app(scope, receive_or_disconnect, send_no_error)
  File "/Users/juliareinhart/anaconda3/lib/python3.11/site-packages/starlette/middleware/exceptions.py", line 62, in __call__
    await wrap_app_handling_exceptions(self.app, conn)(scope, receive, send)
  File "/Users/juliareinhart/anaconda3/lib/python3.11/site-packages/starlette/_exception_handler.py", line 53, in wrapped_app
    raise exc
  File "/Users/juliareinhart/anaconda3/lib/python3.11/site-packages/starlette/_exception_handler.py", line 42, in wrapped_app
    await app(scope, receive, sender)
  File "/Users/juliareinhart/anaconda3/lib/python3.11/site-packages/starlette/routing.py", line 714, in __call__
    await self.middleware_stack(scope, receive, send)
  File "/Users/juliareinhart/anaconda3/lib/python3.11/site-packages/starlette/routing.py", line 734, in app
    await route.handle(scope, receive, send)
  File "/Users/juliareinhart/anaconda3/lib/python3.11/site-packages/starlette/routing.py", line 288, in handle
    await self.app(scope, receive, send)
  File "/Users/juliareinhart/anaconda3/lib/python3.11/site-packages/starlette/routing.py", line 76, in app
    await wrap_app_handling_exceptions(app, request)(scope, receive, send)
  File "/Users/juliareinhart/anaconda3/lib/python3.11/site-packages/starlette/_exception_handler.py", line 53, in wrapped_app
    raise exc
  File "/Users/juliareinhart/anaconda3/lib/python3.11/site-packages/starlette/_exception_handler.py", line 42, in wrapped_app
    await app(scope, receive, sender)
  File "/Users/juliareinhart/anaconda3/lib/python3.11/site-packages/starlette/routing.py", line 73, in app
    response = await f(request)
               ^^^^^^^^^^^^^^^^
  File "/Users/juliareinhart/anaconda3/lib/python3.11/site-packages/fastapi/routing.py", line 301, in app
    raw_response = await run_endpoint_function(
                   ^^^^^^^^^^^^^^^^^^^^^^^^^^^^
  File "/Users/juliareinhart/anaconda3/lib/python3.11/site-packages/fastapi/routing.py", line 212, in run_endpoint_function
    return await dependant.call(**values)
           ^^^^^^^^^^^^^^^^^^^^^^^^^^^^^^
  File "/Users/juliareinhart/anaconda3/lib/python3.11/site-packages/chromadb/telemetry/opentelemetry/__init__.py", line 130, in wrapper
    return await f(*args, **kwargs)
           ^^^^^^^^^^^^^^^^^^^^^^^^
  File "/Users/juliareinhart/anaconda3/lib/python3.11/site-packages/chromadb/server/fastapi/__init__.py", line 630, in create_collection
    await to_thread.run_sync(
  File "/Users/juliareinhart/anaconda3/lib/python3.11/site-packages/anyio/to_thread.py", line 33, in run_sync
    return await get_asynclib().run_sync_in_worker_thread(
           ^^^^^^^^^^^^^^^^^^^^^^^^^^^^^^^^^^^^^^^^^^^^^^^
  File "/Users/juliareinhart/anaconda3/lib/python3.11/site-packages/anyio/_backends/_asyncio.py", line 877, in run_sync_in_worker_thread
    return await future
           ^^^^^^^^^^^^
  File "/Users/juliareinhart/anaconda3/lib/python3.11/site-packages/anyio/_backends/_asyncio.py", line 807, in run
    result = context.run(func, *args)
             ^^^^^^^^^^^^^^^^^^^^^^^^
  File "/Users/juliareinhart/anaconda3/lib/python3.11/site-packages/chromadb/server/fastapi/__init__.py", line 620, in process_create_collection
    return self._api.create_collection(
           ^^^^^^^^^^^^^^^^^^^^^^^^^^^^
  File "/Users/juliareinhart/anaconda3/lib/python3.11/site-packages/chromadb/telemetry/opentelemetry/__init__.py", line 143, in wrapper
    return f(*args, **kwargs)
           ^^^^^^^^^^^^^^^^^^
  File "/Users/juliareinhart/anaconda3/lib/python3.11/site-packages/chromadb/api/segment.py", line 173, in create_collection
    coll, created = self._sysdb.create_collection(
                    ^^^^^^^^^^^^^^^^^^^^^^^^^^^^^^
  File "/Users/juliareinhart/anaconda3/lib/python3.11/site-packages/chromadb/telemetry/opentelemetry/__init__.py", line 143, in wrapper
    return f(*args, **kwargs)
           ^^^^^^^^^^^^^^^^^^
  File "/Users/juliareinhart/anaconda3/lib/python3.11/site-packages/chromadb/db/mixins/sysdb.py", line 220, in create_collection
    raise UniqueConstraintError(f"Collection {name} already exists")
chromadb.db.base.UniqueConstraintError: Collection maintstar-docs already exists
[32mINFO[0m:     [09-07-2025 22:16:48] 127.0.0.1:59205 - "POST /api/v1/collections HTTP/1.1" 500
[32mINFO[0m:     [09-07-2025 22:16:59] 127.0.0.1:59207 - "GET /api/v1/collections HTTP/1.1" 200
[32mINFO[0m:     [09-07-2025 22:16:59] 127.0.0.1:59207 - "POST /api/v1/collections/06759ce4-e469-411b-abf9-124c05eb9bf1/add HTTP/1.1" 201
[32mINFO[0m:     [09-07-2025 22:16:59] 127.0.0.1:59207 - "GET /api/v1/collections HTTP/1.1" 200
[31mERROR[0m:    [09-07-2025 22:16:59] Collection maintstar-docs already exists
Traceback (most recent call last):
  File "/Users/juliareinhart/anaconda3/lib/python3.11/site-packages/anyio/streams/memory.py", line 98, in receive
    return self.receive_nowait()
           ^^^^^^^^^^^^^^^^^^^^^
  File "/Users/juliareinhart/anaconda3/lib/python3.11/site-packages/anyio/streams/memory.py", line 93, in receive_nowait
    raise WouldBlock
anyio.WouldBlock

During handling of the above exception, another exception occurred:

Traceback (most recent call last):
  File "/Users/juliareinhart/anaconda3/lib/python3.11/site-packages/starlette/middleware/base.py", line 148, in call_next
    message = await recv_stream.receive()
              ^^^^^^^^^^^^^^^^^^^^^^^^^^^
  File "/Users/juliareinhart/anaconda3/lib/python3.11/site-packages/anyio/streams/memory.py", line 118, in receive
    raise EndOfStream
anyio.EndOfStream

During handling of the above exception, another exception occurred:

Traceback (most recent call last):
  File "/Users/juliareinhart/anaconda3/lib/python3.11/site-packages/chromadb/server/fastapi/__init__.py", line 78, in catch_exceptions_middleware
    return await call_next(request)
           ^^^^^^^^^^^^^^^^^^^^^^^^
  File "/Users/juliareinhart/anaconda3/lib/python3.11/site-packages/starlette/middleware/base.py", line 156, in call_next
    raise app_exc
  File "/Users/juliareinhart/anaconda3/lib/python3.11/site-packages/starlette/middleware/base.py", line 141, in coro
    await self.app(scope, receive_or_disconnect, send_no_error)
  File "/Users/juliareinhart/anaconda3/lib/python3.11/site-packages/starlette/middleware/base.py", line 178, in __call__
    response = await self.dispatch_func(request, call_next)
               ^^^^^^^^^^^^^^^^^^^^^^^^^^^^^^^^^^^^^^^^^^^^
  File "/Users/juliareinhart/anaconda3/lib/python3.11/site-packages/chromadb/server/fastapi/__init__.py", line 92, in check_http_version_middleware
    return await call_next(request)
           ^^^^^^^^^^^^^^^^^^^^^^^^
  File "/Users/juliareinhart/anaconda3/lib/python3.11/site-packages/starlette/middleware/base.py", line 156, in call_next
    raise app_exc
  File "/Users/juliareinhart/anaconda3/lib/python3.11/site-packages/starlette/middleware/base.py", line 141, in coro
    await self.app(scope, receive_or_disconnect, send_no_error)
  File "/Users/juliareinhart/anaconda3/lib/python3.11/site-packages/starlette/middleware/exceptions.py", line 62, in __call__
    await wrap_app_handling_exceptions(self.app, conn)(scope, receive, send)
  File "/Users/juliareinhart/anaconda3/lib/python3.11/site-packages/starlette/_exception_handler.py", line 53, in wrapped_app
    raise exc
  File "/Users/juliareinhart/anaconda3/lib/python3.11/site-packages/starlette/_exception_handler.py", line 42, in wrapped_app
    await app(scope, receive, sender)
  File "/Users/juliareinhart/anaconda3/lib/python3.11/site-packages/starlette/routing.py", line 714, in __call__
    await self.middleware_stack(scope, receive, send)
  File "/Users/juliareinhart/anaconda3/lib/python3.11/site-packages/starlette/routing.py", line 734, in app
    await route.handle(scope, receive, send)
  File "/Users/juliareinhart/anaconda3/lib/python3.11/site-packages/starlette/routing.py", line 288, in handle
    await self.app(scope, receive, send)
  File "/Users/juliareinhart/anaconda3/lib/python3.11/site-packages/starlette/routing.py", line 76, in app
    await wrap_app_handling_exceptions(app, request)(scope, receive, send)
  File "/Users/juliareinhart/anaconda3/lib/python3.11/site-packages/starlette/_exception_handler.py", line 53, in wrapped_app
    raise exc
  File "/Users/juliareinhart/anaconda3/lib/python3.11/site-packages/starlette/_exception_handler.py", line 42, in wrapped_app
    await app(scope, receive, sender)
  File "/Users/juliareinhart/anaconda3/lib/python3.11/site-packages/starlette/routing.py", line 73, in app
    response = await f(request)
               ^^^^^^^^^^^^^^^^
  File "/Users/juliareinhart/anaconda3/lib/python3.11/site-packages/fastapi/routing.py", line 301, in app
    raw_response = await run_endpoint_function(
                   ^^^^^^^^^^^^^^^^^^^^^^^^^^^^
  File "/Users/juliareinhart/anaconda3/lib/python3.11/site-packages/fastapi/routing.py", line 212, in run_endpoint_function
    return await dependant.call(**values)
           ^^^^^^^^^^^^^^^^^^^^^^^^^^^^^^
  File "/Users/juliareinhart/anaconda3/lib/python3.11/site-packages/chromadb/telemetry/opentelemetry/__init__.py", line 130, in wrapper
    return await f(*args, **kwargs)
           ^^^^^^^^^^^^^^^^^^^^^^^^
  File "/Users/juliareinhart/anaconda3/lib/python3.11/site-packages/chromadb/server/fastapi/__init__.py", line 630, in create_collection
    await to_thread.run_sync(
  File "/Users/juliareinhart/anaconda3/lib/python3.11/site-packages/anyio/to_thread.py", line 33, in run_sync
    return await get_asynclib().run_sync_in_worker_thread(
           ^^^^^^^^^^^^^^^^^^^^^^^^^^^^^^^^^^^^^^^^^^^^^^^
  File "/Users/juliareinhart/anaconda3/lib/python3.11/site-packages/anyio/_backends/_asyncio.py", line 877, in run_sync_in_worker_thread
    return await future
           ^^^^^^^^^^^^
  File "/Users/juliareinhart/anaconda3/lib/python3.11/site-packages/anyio/_backends/_asyncio.py", line 807, in run
    result = context.run(func, *args)
             ^^^^^^^^^^^^^^^^^^^^^^^^
  File "/Users/juliareinhart/anaconda3/lib/python3.11/site-packages/chromadb/server/fastapi/__init__.py", line 620, in process_create_collection
    return self._api.create_collection(
           ^^^^^^^^^^^^^^^^^^^^^^^^^^^^
  File "/Users/juliareinhart/anaconda3/lib/python3.11/site-packages/chromadb/telemetry/opentelemetry/__init__.py", line 143, in wrapper
    return f(*args, **kwargs)
           ^^^^^^^^^^^^^^^^^^
  File "/Users/juliareinhart/anaconda3/lib/python3.11/site-packages/chromadb/api/segment.py", line 173, in create_collection
    coll, created = self._sysdb.create_collection(
                    ^^^^^^^^^^^^^^^^^^^^^^^^^^^^^^
  File "/Users/juliareinhart/anaconda3/lib/python3.11/site-packages/chromadb/telemetry/opentelemetry/__init__.py", line 143, in wrapper
    return f(*args, **kwargs)
           ^^^^^^^^^^^^^^^^^^
  File "/Users/juliareinhart/anaconda3/lib/python3.11/site-packages/chromadb/db/mixins/sysdb.py", line 220, in create_collection
    raise UniqueConstraintError(f"Collection {name} already exists")
chromadb.db.base.UniqueConstraintError: Collection maintstar-docs already exists
[32mINFO[0m:     [09-07-2025 22:16:59] 127.0.0.1:59207 - "POST /api/v1/collections HTTP/1.1" 500
[32mINFO[0m:     [09-07-2025 22:17:04] 127.0.0.1:59207 - "GET /api/v1/collections HTTP/1.1" 200
[32mINFO[0m:     [09-07-2025 22:17:04] 127.0.0.1:59207 - "POST /api/v1/collections/06759ce4-e469-411b-abf9-124c05eb9bf1/add HTTP/1.1" 201
[32mINFO[0m:     [09-07-2025 22:17:04] 127.0.0.1:59207 - "GET /api/v1/collections HTTP/1.1" 200
[31mERROR[0m:    [09-07-2025 22:17:04] Collection maintstar-docs already exists
Traceback (most recent call last):
  File "/Users/juliareinhart/anaconda3/lib/python3.11/site-packages/anyio/streams/memory.py", line 98, in receive
    return self.receive_nowait()
           ^^^^^^^^^^^^^^^^^^^^^
  File "/Users/juliareinhart/anaconda3/lib/python3.11/site-packages/anyio/streams/memory.py", line 93, in receive_nowait
    raise WouldBlock
anyio.WouldBlock

During handling of the above exception, another exception occurred:

Traceback (most recent call last):
  File "/Users/juliareinhart/anaconda3/lib/python3.11/site-packages/starlette/middleware/base.py", line 148, in call_next
    message = await recv_stream.receive()
              ^^^^^^^^^^^^^^^^^^^^^^^^^^^
  File "/Users/juliareinhart/anaconda3/lib/python3.11/site-packages/anyio/streams/memory.py", line 118, in receive
    raise EndOfStream
anyio.EndOfStream

During handling of the above exception, another exception occurred:

Traceback (most recent call last):
  File "/Users/juliareinhart/anaconda3/lib/python3.11/site-packages/chromadb/server/fastapi/__init__.py", line 78, in catch_exceptions_middleware
    return await call_next(request)
           ^^^^^^^^^^^^^^^^^^^^^^^^
  File "/Users/juliareinhart/anaconda3/lib/python3.11/site-packages/starlette/middleware/base.py", line 156, in call_next
    raise app_exc
  File "/Users/juliareinhart/anaconda3/lib/python3.11/site-packages/starlette/middleware/base.py", line 141, in coro
    await self.app(scope, receive_or_disconnect, send_no_error)
  File "/Users/juliareinhart/anaconda3/lib/python3.11/site-packages/starlette/middleware/base.py", line 178, in __call__
    response = await self.dispatch_func(request, call_next)
               ^^^^^^^^^^^^^^^^^^^^^^^^^^^^^^^^^^^^^^^^^^^^
  File "/Users/juliareinhart/anaconda3/lib/python3.11/site-packages/chromadb/server/fastapi/__init__.py", line 92, in check_http_version_middleware
    return await call_next(request)
           ^^^^^^^^^^^^^^^^^^^^^^^^
  File "/Users/juliareinhart/anaconda3/lib/python3.11/site-packages/starlette/middleware/base.py", line 156, in call_next
    raise app_exc
  File "/Users/juliareinhart/anaconda3/lib/python3.11/site-packages/starlette/middleware/base.py", line 141, in coro
    await self.app(scope, receive_or_disconnect, send_no_error)
  File "/Users/juliareinhart/anaconda3/lib/python3.11/site-packages/starlette/middleware/exceptions.py", line 62, in __call__
    await wrap_app_handling_exceptions(self.app, conn)(scope, receive, send)
  File "/Users/juliareinhart/anaconda3/lib/python3.11/site-packages/starlette/_exception_handler.py", line 53, in wrapped_app
    raise exc
  File "/Users/juliareinhart/anaconda3/lib/python3.11/site-packages/starlette/_exception_handler.py", line 42, in wrapped_app
    await app(scope, receive, sender)
  File "/Users/juliareinhart/anaconda3/lib/python3.11/site-packages/starlette/routing.py", line 714, in __call__
    await self.middleware_stack(scope, receive, send)
  File "/Users/juliareinhart/anaconda3/lib/python3.11/site-packages/starlette/routing.py", line 734, in app
    await route.handle(scope, receive, send)
  File "/Users/juliareinhart/anaconda3/lib/python3.11/site-packages/starlette/routing.py", line 288, in handle
    await self.app(scope, receive, send)
  File "/Users/juliareinhart/anaconda3/lib/python3.11/site-packages/starlette/routing.py", line 76, in app
    await wrap_app_handling_exceptions(app, request)(scope, receive, send)
  File "/Users/juliareinhart/anaconda3/lib/python3.11/site-packages/starlette/_exception_handler.py", line 53, in wrapped_app
    raise exc
  File "/Users/juliareinhart/anaconda3/lib/python3.11/site-packages/starlette/_exception_handler.py", line 42, in wrapped_app
    await app(scope, receive, sender)
  File "/Users/juliareinhart/anaconda3/lib/python3.11/site-packages/starlette/routing.py", line 73, in app
    response = await f(request)
               ^^^^^^^^^^^^^^^^
  File "/Users/juliareinhart/anaconda3/lib/python3.11/site-packages/fastapi/routing.py", line 301, in app
    raw_response = await run_endpoint_function(
                   ^^^^^^^^^^^^^^^^^^^^^^^^^^^^
  File "/Users/juliareinhart/anaconda3/lib/python3.11/site-packages/fastapi/routing.py", line 212, in run_endpoint_function
    return await dependant.call(**values)
           ^^^^^^^^^^^^^^^^^^^^^^^^^^^^^^
  File "/Users/juliareinhart/anaconda3/lib/python3.11/site-packages/chromadb/telemetry/opentelemetry/__init__.py", line 130, in wrapper
    return await f(*args, **kwargs)
           ^^^^^^^^^^^^^^^^^^^^^^^^
  File "/Users/juliareinhart/anaconda3/lib/python3.11/site-packages/chromadb/server/fastapi/__init__.py", line 630, in create_collection
    await to_thread.run_sync(
  File "/Users/juliareinhart/anaconda3/lib/python3.11/site-packages/anyio/to_thread.py", line 33, in run_sync
    return await get_asynclib().run_sync_in_worker_thread(
           ^^^^^^^^^^^^^^^^^^^^^^^^^^^^^^^^^^^^^^^^^^^^^^^
  File "/Users/juliareinhart/anaconda3/lib/python3.11/site-packages/anyio/_backends/_asyncio.py", line 877, in run_sync_in_worker_thread
    return await future
           ^^^^^^^^^^^^
  File "/Users/juliareinhart/anaconda3/lib/python3.11/site-packages/anyio/_backends/_asyncio.py", line 807, in run
    result = context.run(func, *args)
             ^^^^^^^^^^^^^^^^^^^^^^^^
  File "/Users/juliareinhart/anaconda3/lib/python3.11/site-packages/chromadb/server/fastapi/__init__.py", line 620, in process_create_collection
    return self._api.create_collection(
           ^^^^^^^^^^^^^^^^^^^^^^^^^^^^
  File "/Users/juliareinhart/anaconda3/lib/python3.11/site-packages/chromadb/telemetry/opentelemetry/__init__.py", line 143, in wrapper
    return f(*args, **kwargs)
           ^^^^^^^^^^^^^^^^^^
  File "/Users/juliareinhart/anaconda3/lib/python3.11/site-packages/chromadb/api/segment.py", line 173, in create_collection
    coll, created = self._sysdb.create_collection(
                    ^^^^^^^^^^^^^^^^^^^^^^^^^^^^^^
  File "/Users/juliareinhart/anaconda3/lib/python3.11/site-packages/chromadb/telemetry/opentelemetry/__init__.py", line 143, in wrapper
    return f(*args, **kwargs)
           ^^^^^^^^^^^^^^^^^^
  File "/Users/juliareinhart/anaconda3/lib/python3.11/site-packages/chromadb/db/mixins/sysdb.py", line 220, in create_collection
    raise UniqueConstraintError(f"Collection {name} already exists")
chromadb.db.base.UniqueConstraintError: Collection maintstar-docs already exists
[32mINFO[0m:     [09-07-2025 22:17:04] 127.0.0.1:59207 - "POST /api/v1/collections HTTP/1.1" 500
[32mINFO[0m:     [09-07-2025 22:17:15] 127.0.0.1:59209 - "GET /api/v1/collections HTTP/1.1" 200
[32mINFO[0m:     [09-07-2025 22:17:15] 127.0.0.1:59209 - "POST /api/v1/collections/06759ce4-e469-411b-abf9-124c05eb9bf1/add HTTP/1.1" 201
[32mINFO[0m:     [09-07-2025 22:17:15] 127.0.0.1:59209 - "GET /api/v1/collections HTTP/1.1" 200
[31mERROR[0m:    [09-07-2025 22:17:15] Collection maintstar-docs already exists
Traceback (most recent call last):
  File "/Users/juliareinhart/anaconda3/lib/python3.11/site-packages/anyio/streams/memory.py", line 98, in receive
    return self.receive_nowait()
           ^^^^^^^^^^^^^^^^^^^^^
  File "/Users/juliareinhart/anaconda3/lib/python3.11/site-packages/anyio/streams/memory.py", line 93, in receive_nowait
    raise WouldBlock
anyio.WouldBlock

During handling of the above exception, another exception occurred:

Traceback (most recent call last):
  File "/Users/juliareinhart/anaconda3/lib/python3.11/site-packages/starlette/middleware/base.py", line 148, in call_next
    message = await recv_stream.receive()
              ^^^^^^^^^^^^^^^^^^^^^^^^^^^
  File "/Users/juliareinhart/anaconda3/lib/python3.11/site-packages/anyio/streams/memory.py", line 118, in receive
    raise EndOfStream
anyio.EndOfStream

During handling of the above exception, another exception occurred:

Traceback (most recent call last):
  File "/Users/juliareinhart/anaconda3/lib/python3.11/site-packages/chromadb/server/fastapi/__init__.py", line 78, in catch_exceptions_middleware
    return await call_next(request)
           ^^^^^^^^^^^^^^^^^^^^^^^^
  File "/Users/juliareinhart/anaconda3/lib/python3.11/site-packages/starlette/middleware/base.py", line 156, in call_next
    raise app_exc
  File "/Users/juliareinhart/anaconda3/lib/python3.11/site-packages/starlette/middleware/base.py", line 141, in coro
    await self.app(scope, receive_or_disconnect, send_no_error)
  File "/Users/juliareinhart/anaconda3/lib/python3.11/site-packages/starlette/middleware/base.py", line 178, in __call__
    response = await self.dispatch_func(request, call_next)
               ^^^^^^^^^^^^^^^^^^^^^^^^^^^^^^^^^^^^^^^^^^^^
  File "/Users/juliareinhart/anaconda3/lib/python3.11/site-packages/chromadb/server/fastapi/__init__.py", line 92, in check_http_version_middleware
    return await call_next(request)
           ^^^^^^^^^^^^^^^^^^^^^^^^
  File "/Users/juliareinhart/anaconda3/lib/python3.11/site-packages/starlette/middleware/base.py", line 156, in call_next
    raise app_exc
  File "/Users/juliareinhart/anaconda3/lib/python3.11/site-packages/starlette/middleware/base.py", line 141, in coro
    await self.app(scope, receive_or_disconnect, send_no_error)
  File "/Users/juliareinhart/anaconda3/lib/python3.11/site-packages/starlette/middleware/exceptions.py", line 62, in __call__
    await wrap_app_handling_exceptions(self.app, conn)(scope, receive, send)
  File "/Users/juliareinhart/anaconda3/lib/python3.11/site-packages/starlette/_exception_handler.py", line 53, in wrapped_app
    raise exc
  File "/Users/juliareinhart/anaconda3/lib/python3.11/site-packages/starlette/_exception_handler.py", line 42, in wrapped_app
    await app(scope, receive, sender)
  File "/Users/juliareinhart/anaconda3/lib/python3.11/site-packages/starlette/routing.py", line 714, in __call__
    await self.middleware_stack(scope, receive, send)
  File "/Users/juliareinhart/anaconda3/lib/python3.11/site-packages/starlette/routing.py", line 734, in app
    await route.handle(scope, receive, send)
  File "/Users/juliareinhart/anaconda3/lib/python3.11/site-packages/starlette/routing.py", line 288, in handle
    await self.app(scope, receive, send)
  File "/Users/juliareinhart/anaconda3/lib/python3.11/site-packages/starlette/routing.py", line 76, in app
    await wrap_app_handling_exceptions(app, request)(scope, receive, send)
  File "/Users/juliareinhart/anaconda3/lib/python3.11/site-packages/starlette/_exception_handler.py", line 53, in wrapped_app
    raise exc
  File "/Users/juliareinhart/anaconda3/lib/python3.11/site-packages/starlette/_exception_handler.py", line 42, in wrapped_app
    await app(scope, receive, sender)
  File "/Users/juliareinhart/anaconda3/lib/python3.11/site-packages/starlette/routing.py", line 73, in app
    response = await f(request)
               ^^^^^^^^^^^^^^^^
  File "/Users/juliareinhart/anaconda3/lib/python3.11/site-packages/fastapi/routing.py", line 301, in app
    raw_response = await run_endpoint_function(
                   ^^^^^^^^^^^^^^^^^^^^^^^^^^^^
  File "/Users/juliareinhart/anaconda3/lib/python3.11/site-packages/fastapi/routing.py", line 212, in run_endpoint_function
    return await dependant.call(**values)
           ^^^^^^^^^^^^^^^^^^^^^^^^^^^^^^
  File "/Users/juliareinhart/anaconda3/lib/python3.11/site-packages/chromadb/telemetry/opentelemetry/__init__.py", line 130, in wrapper
    return await f(*args, **kwargs)
           ^^^^^^^^^^^^^^^^^^^^^^^^
  File "/Users/juliareinhart/anaconda3/lib/python3.11/site-packages/chromadb/server/fastapi/__init__.py", line 630, in create_collection
    await to_thread.run_sync(
  File "/Users/juliareinhart/anaconda3/lib/python3.11/site-packages/anyio/to_thread.py", line 33, in run_sync
    return await get_asynclib().run_sync_in_worker_thread(
           ^^^^^^^^^^^^^^^^^^^^^^^^^^^^^^^^^^^^^^^^^^^^^^^
  File "/Users/juliareinhart/anaconda3/lib/python3.11/site-packages/anyio/_backends/_asyncio.py", line 877, in run_sync_in_worker_thread
    return await future
           ^^^^^^^^^^^^
  File "/Users/juliareinhart/anaconda3/lib/python3.11/site-packages/anyio/_backends/_asyncio.py", line 807, in run
    result = context.run(func, *args)
             ^^^^^^^^^^^^^^^^^^^^^^^^
  File "/Users/juliareinhart/anaconda3/lib/python3.11/site-packages/chromadb/server/fastapi/__init__.py", line 620, in process_create_collection
    return self._api.create_collection(
           ^^^^^^^^^^^^^^^^^^^^^^^^^^^^
  File "/Users/juliareinhart/anaconda3/lib/python3.11/site-packages/chromadb/telemetry/opentelemetry/__init__.py", line 143, in wrapper
    return f(*args, **kwargs)
           ^^^^^^^^^^^^^^^^^^
  File "/Users/juliareinhart/anaconda3/lib/python3.11/site-packages/chromadb/api/segment.py", line 173, in create_collection
    coll, created = self._sysdb.create_collection(
                    ^^^^^^^^^^^^^^^^^^^^^^^^^^^^^^
  File "/Users/juliareinhart/anaconda3/lib/python3.11/site-packages/chromadb/telemetry/opentelemetry/__init__.py", line 143, in wrapper
    return f(*args, **kwargs)
           ^^^^^^^^^^^^^^^^^^
  File "/Users/juliareinhart/anaconda3/lib/python3.11/site-packages/chromadb/db/mixins/sysdb.py", line 220, in create_collection
    raise UniqueConstraintError(f"Collection {name} already exists")
chromadb.db.base.UniqueConstraintError: Collection maintstar-docs already exists
[32mINFO[0m:     [09-07-2025 22:17:15] 127.0.0.1:59209 - "POST /api/v1/collections HTTP/1.1" 500
[32mINFO[0m:     [09-07-2025 22:17:18] 127.0.0.1:59209 - "GET /api/v1/collections HTTP/1.1" 200
[32mINFO[0m:     [09-07-2025 22:17:18] 127.0.0.1:59209 - "POST /api/v1/collections/06759ce4-e469-411b-abf9-124c05eb9bf1/add HTTP/1.1" 201
[32mINFO[0m:     [09-07-2025 22:17:18] 127.0.0.1:59209 - "GET /api/v1/collections HTTP/1.1" 200
[31mERROR[0m:    [09-07-2025 22:17:18] Collection maintstar-docs already exists
Traceback (most recent call last):
  File "/Users/juliareinhart/anaconda3/lib/python3.11/site-packages/anyio/streams/memory.py", line 98, in receive
    return self.receive_nowait()
           ^^^^^^^^^^^^^^^^^^^^^
  File "/Users/juliareinhart/anaconda3/lib/python3.11/site-packages/anyio/streams/memory.py", line 93, in receive_nowait
    raise WouldBlock
anyio.WouldBlock

During handling of the above exception, another exception occurred:

Traceback (most recent call last):
  File "/Users/juliareinhart/anaconda3/lib/python3.11/site-packages/starlette/middleware/base.py", line 148, in call_next
    message = await recv_stream.receive()
              ^^^^^^^^^^^^^^^^^^^^^^^^^^^
  File "/Users/juliareinhart/anaconda3/lib/python3.11/site-packages/anyio/streams/memory.py", line 118, in receive
    raise EndOfStream
anyio.EndOfStream

During handling of the above exception, another exception occurred:

Traceback (most recent call last):
  File "/Users/juliareinhart/anaconda3/lib/python3.11/site-packages/chromadb/server/fastapi/__init__.py", line 78, in catch_exceptions_middleware
    return await call_next(request)
           ^^^^^^^^^^^^^^^^^^^^^^^^
  File "/Users/juliareinhart/anaconda3/lib/python3.11/site-packages/starlette/middleware/base.py", line 156, in call_next
    raise app_exc
  File "/Users/juliareinhart/anaconda3/lib/python3.11/site-packages/starlette/middleware/base.py", line 141, in coro
    await self.app(scope, receive_or_disconnect, send_no_error)
  File "/Users/juliareinhart/anaconda3/lib/python3.11/site-packages/starlette/middleware/base.py", line 178, in __call__
    response = await self.dispatch_func(request, call_next)
               ^^^^^^^^^^^^^^^^^^^^^^^^^^^^^^^^^^^^^^^^^^^^
  File "/Users/juliareinhart/anaconda3/lib/python3.11/site-packages/chromadb/server/fastapi/__init__.py", line 92, in check_http_version_middleware
    return await call_next(request)
           ^^^^^^^^^^^^^^^^^^^^^^^^
  File "/Users/juliareinhart/anaconda3/lib/python3.11/site-packages/starlette/middleware/base.py", line 156, in call_next
    raise app_exc
  File "/Users/juliareinhart/anaconda3/lib/python3.11/site-packages/starlette/middleware/base.py", line 141, in coro
    await self.app(scope, receive_or_disconnect, send_no_error)
  File "/Users/juliareinhart/anaconda3/lib/python3.11/site-packages/starlette/middleware/exceptions.py", line 62, in __call__
    await wrap_app_handling_exceptions(self.app, conn)(scope, receive, send)
  File "/Users/juliareinhart/anaconda3/lib/python3.11/site-packages/starlette/_exception_handler.py", line 53, in wrapped_app
    raise exc
  File "/Users/juliareinhart/anaconda3/lib/python3.11/site-packages/starlette/_exception_handler.py", line 42, in wrapped_app
    await app(scope, receive, sender)
  File "/Users/juliareinhart/anaconda3/lib/python3.11/site-packages/starlette/routing.py", line 714, in __call__
    await self.middleware_stack(scope, receive, send)
  File "/Users/juliareinhart/anaconda3/lib/python3.11/site-packages/starlette/routing.py", line 734, in app
    await route.handle(scope, receive, send)
  File "/Users/juliareinhart/anaconda3/lib/python3.11/site-packages/starlette/routing.py", line 288, in handle
    await self.app(scope, receive, send)
  File "/Users/juliareinhart/anaconda3/lib/python3.11/site-packages/starlette/routing.py", line 76, in app
    await wrap_app_handling_exceptions(app, request)(scope, receive, send)
  File "/Users/juliareinhart/anaconda3/lib/python3.11/site-packages/starlette/_exception_handler.py", line 53, in wrapped_app
    raise exc
  File "/Users/juliareinhart/anaconda3/lib/python3.11/site-packages/starlette/_exception_handler.py", line 42, in wrapped_app
    await app(scope, receive, sender)
  File "/Users/juliareinhart/anaconda3/lib/python3.11/site-packages/starlette/routing.py", line 73, in app
    response = await f(request)
               ^^^^^^^^^^^^^^^^
  File "/Users/juliareinhart/anaconda3/lib/python3.11/site-packages/fastapi/routing.py", line 301, in app
    raw_response = await run_endpoint_function(
                   ^^^^^^^^^^^^^^^^^^^^^^^^^^^^
  File "/Users/juliareinhart/anaconda3/lib/python3.11/site-packages/fastapi/routing.py", line 212, in run_endpoint_function
    return await dependant.call(**values)
           ^^^^^^^^^^^^^^^^^^^^^^^^^^^^^^
  File "/Users/juliareinhart/anaconda3/lib/python3.11/site-packages/chromadb/telemetry/opentelemetry/__init__.py", line 130, in wrapper
    return await f(*args, **kwargs)
           ^^^^^^^^^^^^^^^^^^^^^^^^
  File "/Users/juliareinhart/anaconda3/lib/python3.11/site-packages/chromadb/server/fastapi/__init__.py", line 630, in create_collection
    await to_thread.run_sync(
  File "/Users/juliareinhart/anaconda3/lib/python3.11/site-packages/anyio/to_thread.py", line 33, in run_sync
    return await get_asynclib().run_sync_in_worker_thread(
           ^^^^^^^^^^^^^^^^^^^^^^^^^^^^^^^^^^^^^^^^^^^^^^^
  File "/Users/juliareinhart/anaconda3/lib/python3.11/site-packages/anyio/_backends/_asyncio.py", line 877, in run_sync_in_worker_thread
    return await future
           ^^^^^^^^^^^^
  File "/Users/juliareinhart/anaconda3/lib/python3.11/site-packages/anyio/_backends/_asyncio.py", line 807, in run
    result = context.run(func, *args)
             ^^^^^^^^^^^^^^^^^^^^^^^^
  File "/Users/juliareinhart/anaconda3/lib/python3.11/site-packages/chromadb/server/fastapi/__init__.py", line 620, in process_create_collection
    return self._api.create_collection(
           ^^^^^^^^^^^^^^^^^^^^^^^^^^^^
  File "/Users/juliareinhart/anaconda3/lib/python3.11/site-packages/chromadb/telemetry/opentelemetry/__init__.py", line 143, in wrapper
    return f(*args, **kwargs)
           ^^^^^^^^^^^^^^^^^^
  File "/Users/juliareinhart/anaconda3/lib/python3.11/site-packages/chromadb/api/segment.py", line 173, in create_collection
    coll, created = self._sysdb.create_collection(
                    ^^^^^^^^^^^^^^^^^^^^^^^^^^^^^^
  File "/Users/juliareinhart/anaconda3/lib/python3.11/site-packages/chromadb/telemetry/opentelemetry/__init__.py", line 143, in wrapper
    return f(*args, **kwargs)
           ^^^^^^^^^^^^^^^^^^
  File "/Users/juliareinhart/anaconda3/lib/python3.11/site-packages/chromadb/db/mixins/sysdb.py", line 220, in create_collection
    raise UniqueConstraintError(f"Collection {name} already exists")
chromadb.db.base.UniqueConstraintError: Collection maintstar-docs already exists
[32mINFO[0m:     [09-07-2025 22:17:18] 127.0.0.1:59209 - "POST /api/v1/collections HTTP/1.1" 500
[32mINFO[0m:     [09-07-2025 22:17:21] 127.0.0.1:59209 - "GET /api/v1/collections HTTP/1.1" 200
[32mINFO[0m:     [09-07-2025 22:17:21] 127.0.0.1:59209 - "POST /api/v1/collections/06759ce4-e469-411b-abf9-124c05eb9bf1/add HTTP/1.1" 201
[32mINFO[0m:     [09-07-2025 22:17:21] 127.0.0.1:59209 - "GET /api/v1/collections HTTP/1.1" 200
[31mERROR[0m:    [09-07-2025 22:17:21] Collection maintstar-docs already exists
Traceback (most recent call last):
  File "/Users/juliareinhart/anaconda3/lib/python3.11/site-packages/anyio/streams/memory.py", line 98, in receive
    return self.receive_nowait()
           ^^^^^^^^^^^^^^^^^^^^^
  File "/Users/juliareinhart/anaconda3/lib/python3.11/site-packages/anyio/streams/memory.py", line 93, in receive_nowait
    raise WouldBlock
anyio.WouldBlock

During handling of the above exception, another exception occurred:

Traceback (most recent call last):
  File "/Users/juliareinhart/anaconda3/lib/python3.11/site-packages/starlette/middleware/base.py", line 148, in call_next
    message = await recv_stream.receive()
              ^^^^^^^^^^^^^^^^^^^^^^^^^^^
  File "/Users/juliareinhart/anaconda3/lib/python3.11/site-packages/anyio/streams/memory.py", line 118, in receive
    raise EndOfStream
anyio.EndOfStream

During handling of the above exception, another exception occurred:

Traceback (most recent call last):
  File "/Users/juliareinhart/anaconda3/lib/python3.11/site-packages/chromadb/server/fastapi/__init__.py", line 78, in catch_exceptions_middleware
    return await call_next(request)
           ^^^^^^^^^^^^^^^^^^^^^^^^
  File "/Users/juliareinhart/anaconda3/lib/python3.11/site-packages/starlette/middleware/base.py", line 156, in call_next
    raise app_exc
  File "/Users/juliareinhart/anaconda3/lib/python3.11/site-packages/starlette/middleware/base.py", line 141, in coro
    await self.app(scope, receive_or_disconnect, send_no_error)
  File "/Users/juliareinhart/anaconda3/lib/python3.11/site-packages/starlette/middleware/base.py", line 178, in __call__
    response = await self.dispatch_func(request, call_next)
               ^^^^^^^^^^^^^^^^^^^^^^^^^^^^^^^^^^^^^^^^^^^^
  File "/Users/juliareinhart/anaconda3/lib/python3.11/site-packages/chromadb/server/fastapi/__init__.py", line 92, in check_http_version_middleware
    return await call_next(request)
           ^^^^^^^^^^^^^^^^^^^^^^^^
  File "/Users/juliareinhart/anaconda3/lib/python3.11/site-packages/starlette/middleware/base.py", line 156, in call_next
    raise app_exc
  File "/Users/juliareinhart/anaconda3/lib/python3.11/site-packages/starlette/middleware/base.py", line 141, in coro
    await self.app(scope, receive_or_disconnect, send_no_error)
  File "/Users/juliareinhart/anaconda3/lib/python3.11/site-packages/starlette/middleware/exceptions.py", line 62, in __call__
    await wrap_app_handling_exceptions(self.app, conn)(scope, receive, send)
  File "/Users/juliareinhart/anaconda3/lib/python3.11/site-packages/starlette/_exception_handler.py", line 53, in wrapped_app
    raise exc
  File "/Users/juliareinhart/anaconda3/lib/python3.11/site-packages/starlette/_exception_handler.py", line 42, in wrapped_app
    await app(scope, receive, sender)
  File "/Users/juliareinhart/anaconda3/lib/python3.11/site-packages/starlette/routing.py", line 714, in __call__
    await self.middleware_stack(scope, receive, send)
  File "/Users/juliareinhart/anaconda3/lib/python3.11/site-packages/starlette/routing.py", line 734, in app
    await route.handle(scope, receive, send)
  File "/Users/juliareinhart/anaconda3/lib/python3.11/site-packages/starlette/routing.py", line 288, in handle
    await self.app(scope, receive, send)
  File "/Users/juliareinhart/anaconda3/lib/python3.11/site-packages/starlette/routing.py", line 76, in app
    await wrap_app_handling_exceptions(app, request)(scope, receive, send)
  File "/Users/juliareinhart/anaconda3/lib/python3.11/site-packages/starlette/_exception_handler.py", line 53, in wrapped_app
    raise exc
  File "/Users/juliareinhart/anaconda3/lib/python3.11/site-packages/starlette/_exception_handler.py", line 42, in wrapped_app
    await app(scope, receive, sender)
  File "/Users/juliareinhart/anaconda3/lib/python3.11/site-packages/starlette/routing.py", line 73, in app
    response = await f(request)
               ^^^^^^^^^^^^^^^^
  File "/Users/juliareinhart/anaconda3/lib/python3.11/site-packages/fastapi/routing.py", line 301, in app
    raw_response = await run_endpoint_function(
                   ^^^^^^^^^^^^^^^^^^^^^^^^^^^^
  File "/Users/juliareinhart/anaconda3/lib/python3.11/site-packages/fastapi/routing.py", line 212, in run_endpoint_function
    return await dependant.call(**values)
           ^^^^^^^^^^^^^^^^^^^^^^^^^^^^^^
  File "/Users/juliareinhart/anaconda3/lib/python3.11/site-packages/chromadb/telemetry/opentelemetry/__init__.py", line 130, in wrapper
    return await f(*args, **kwargs)
           ^^^^^^^^^^^^^^^^^^^^^^^^
  File "/Users/juliareinhart/anaconda3/lib/python3.11/site-packages/chromadb/server/fastapi/__init__.py", line 630, in create_collection
    await to_thread.run_sync(
  File "/Users/juliareinhart/anaconda3/lib/python3.11/site-packages/anyio/to_thread.py", line 33, in run_sync
    return await get_asynclib().run_sync_in_worker_thread(
           ^^^^^^^^^^^^^^^^^^^^^^^^^^^^^^^^^^^^^^^^^^^^^^^
  File "/Users/juliareinhart/anaconda3/lib/python3.11/site-packages/anyio/_backends/_asyncio.py", line 877, in run_sync_in_worker_thread
    return await future
           ^^^^^^^^^^^^
  File "/Users/juliareinhart/anaconda3/lib/python3.11/site-packages/anyio/_backends/_asyncio.py", line 807, in run
    result = context.run(func, *args)
             ^^^^^^^^^^^^^^^^^^^^^^^^
  File "/Users/juliareinhart/anaconda3/lib/python3.11/site-packages/chromadb/server/fastapi/__init__.py", line 620, in process_create_collection
    return self._api.create_collection(
           ^^^^^^^^^^^^^^^^^^^^^^^^^^^^
  File "/Users/juliareinhart/anaconda3/lib/python3.11/site-packages/chromadb/telemetry/opentelemetry/__init__.py", line 143, in wrapper
    return f(*args, **kwargs)
           ^^^^^^^^^^^^^^^^^^
  File "/Users/juliareinhart/anaconda3/lib/python3.11/site-packages/chromadb/api/segment.py", line 173, in create_collection
    coll, created = self._sysdb.create_collection(
                    ^^^^^^^^^^^^^^^^^^^^^^^^^^^^^^
  File "/Users/juliareinhart/anaconda3/lib/python3.11/site-packages/chromadb/telemetry/opentelemetry/__init__.py", line 143, in wrapper
    return f(*args, **kwargs)
           ^^^^^^^^^^^^^^^^^^
  File "/Users/juliareinhart/anaconda3/lib/python3.11/site-packages/chromadb/db/mixins/sysdb.py", line 220, in create_collection
    raise UniqueConstraintError(f"Collection {name} already exists")
chromadb.db.base.UniqueConstraintError: Collection maintstar-docs already exists
[32mINFO[0m:     [09-07-2025 22:17:21] 127.0.0.1:59209 - "POST /api/v1/collections HTTP/1.1" 500
[32mINFO[0m:     [09-07-2025 22:17:25] 127.0.0.1:59209 - "GET /api/v1/collections HTTP/1.1" 200
[32mINFO[0m:     [09-07-2025 22:17:25] 127.0.0.1:59209 - "POST /api/v1/collections/06759ce4-e469-411b-abf9-124c05eb9bf1/add HTTP/1.1" 201
[32mINFO[0m:     [09-07-2025 22:17:25] 127.0.0.1:59209 - "GET /api/v1/collections HTTP/1.1" 200
[31mERROR[0m:    [09-07-2025 22:17:25] Collection maintstar-docs already exists
Traceback (most recent call last):
  File "/Users/juliareinhart/anaconda3/lib/python3.11/site-packages/anyio/streams/memory.py", line 98, in receive
    return self.receive_nowait()
           ^^^^^^^^^^^^^^^^^^^^^
  File "/Users/juliareinhart/anaconda3/lib/python3.11/site-packages/anyio/streams/memory.py", line 93, in receive_nowait
    raise WouldBlock
anyio.WouldBlock

During handling of the above exception, another exception occurred:

Traceback (most recent call last):
  File "/Users/juliareinhart/anaconda3/lib/python3.11/site-packages/starlette/middleware/base.py", line 148, in call_next
    message = await recv_stream.receive()
              ^^^^^^^^^^^^^^^^^^^^^^^^^^^
  File "/Users/juliareinhart/anaconda3/lib/python3.11/site-packages/anyio/streams/memory.py", line 118, in receive
    raise EndOfStream
anyio.EndOfStream

During handling of the above exception, another exception occurred:

Traceback (most recent call last):
  File "/Users/juliareinhart/anaconda3/lib/python3.11/site-packages/chromadb/server/fastapi/__init__.py", line 78, in catch_exceptions_middleware
    return await call_next(request)
           ^^^^^^^^^^^^^^^^^^^^^^^^
  File "/Users/juliareinhart/anaconda3/lib/python3.11/site-packages/starlette/middleware/base.py", line 156, in call_next
    raise app_exc
  File "/Users/juliareinhart/anaconda3/lib/python3.11/site-packages/starlette/middleware/base.py", line 141, in coro
    await self.app(scope, receive_or_disconnect, send_no_error)
  File "/Users/juliareinhart/anaconda3/lib/python3.11/site-packages/starlette/middleware/base.py", line 178, in __call__
    response = await self.dispatch_func(request, call_next)
               ^^^^^^^^^^^^^^^^^^^^^^^^^^^^^^^^^^^^^^^^^^^^
  File "/Users/juliareinhart/anaconda3/lib/python3.11/site-packages/chromadb/server/fastapi/__init__.py", line 92, in check_http_version_middleware
    return await call_next(request)
           ^^^^^^^^^^^^^^^^^^^^^^^^
  File "/Users/juliareinhart/anaconda3/lib/python3.11/site-packages/starlette/middleware/base.py", line 156, in call_next
    raise app_exc
  File "/Users/juliareinhart/anaconda3/lib/python3.11/site-packages/starlette/middleware/base.py", line 141, in coro
    await self.app(scope, receive_or_disconnect, send_no_error)
  File "/Users/juliareinhart/anaconda3/lib/python3.11/site-packages/starlette/middleware/exceptions.py", line 62, in __call__
    await wrap_app_handling_exceptions(self.app, conn)(scope, receive, send)
  File "/Users/juliareinhart/anaconda3/lib/python3.11/site-packages/starlette/_exception_handler.py", line 53, in wrapped_app
    raise exc
  File "/Users/juliareinhart/anaconda3/lib/python3.11/site-packages/starlette/_exception_handler.py", line 42, in wrapped_app
    await app(scope, receive, sender)
  File "/Users/juliareinhart/anaconda3/lib/python3.11/site-packages/starlette/routing.py", line 714, in __call__
    await self.middleware_stack(scope, receive, send)
  File "/Users/juliareinhart/anaconda3/lib/python3.11/site-packages/starlette/routing.py", line 734, in app
    await route.handle(scope, receive, send)
  File "/Users/juliareinhart/anaconda3/lib/python3.11/site-packages/starlette/routing.py", line 288, in handle
    await self.app(scope, receive, send)
  File "/Users/juliareinhart/anaconda3/lib/python3.11/site-packages/starlette/routing.py", line 76, in app
    await wrap_app_handling_exceptions(app, request)(scope, receive, send)
  File "/Users/juliareinhart/anaconda3/lib/python3.11/site-packages/starlette/_exception_handler.py", line 53, in wrapped_app
    raise exc
  File "/Users/juliareinhart/anaconda3/lib/python3.11/site-packages/starlette/_exception_handler.py", line 42, in wrapped_app
    await app(scope, receive, sender)
  File "/Users/juliareinhart/anaconda3/lib/python3.11/site-packages/starlette/routing.py", line 73, in app
    response = await f(request)
               ^^^^^^^^^^^^^^^^
  File "/Users/juliareinhart/anaconda3/lib/python3.11/site-packages/fastapi/routing.py", line 301, in app
    raw_response = await run_endpoint_function(
                   ^^^^^^^^^^^^^^^^^^^^^^^^^^^^
  File "/Users/juliareinhart/anaconda3/lib/python3.11/site-packages/fastapi/routing.py", line 212, in run_endpoint_function
    return await dependant.call(**values)
           ^^^^^^^^^^^^^^^^^^^^^^^^^^^^^^
  File "/Users/juliareinhart/anaconda3/lib/python3.11/site-packages/chromadb/telemetry/opentelemetry/__init__.py", line 130, in wrapper
    return await f(*args, **kwargs)
           ^^^^^^^^^^^^^^^^^^^^^^^^
  File "/Users/juliareinhart/anaconda3/lib/python3.11/site-packages/chromadb/server/fastapi/__init__.py", line 630, in create_collection
    await to_thread.run_sync(
  File "/Users/juliareinhart/anaconda3/lib/python3.11/site-packages/anyio/to_thread.py", line 33, in run_sync
    return await get_asynclib().run_sync_in_worker_thread(
           ^^^^^^^^^^^^^^^^^^^^^^^^^^^^^^^^^^^^^^^^^^^^^^^
  File "/Users/juliareinhart/anaconda3/lib/python3.11/site-packages/anyio/_backends/_asyncio.py", line 877, in run_sync_in_worker_thread
    return await future
           ^^^^^^^^^^^^
  File "/Users/juliareinhart/anaconda3/lib/python3.11/site-packages/anyio/_backends/_asyncio.py", line 807, in run
    result = context.run(func, *args)
             ^^^^^^^^^^^^^^^^^^^^^^^^
  File "/Users/juliareinhart/anaconda3/lib/python3.11/site-packages/chromadb/server/fastapi/__init__.py", line 620, in process_create_collection
    return self._api.create_collection(
           ^^^^^^^^^^^^^^^^^^^^^^^^^^^^
  File "/Users/juliareinhart/anaconda3/lib/python3.11/site-packages/chromadb/telemetry/opentelemetry/__init__.py", line 143, in wrapper
    return f(*args, **kwargs)
           ^^^^^^^^^^^^^^^^^^
  File "/Users/juliareinhart/anaconda3/lib/python3.11/site-packages/chromadb/api/segment.py", line 173, in create_collection
    coll, created = self._sysdb.create_collection(
                    ^^^^^^^^^^^^^^^^^^^^^^^^^^^^^^
  File "/Users/juliareinhart/anaconda3/lib/python3.11/site-packages/chromadb/telemetry/opentelemetry/__init__.py", line 143, in wrapper
    return f(*args, **kwargs)
           ^^^^^^^^^^^^^^^^^^
  File "/Users/juliareinhart/anaconda3/lib/python3.11/site-packages/chromadb/db/mixins/sysdb.py", line 220, in create_collection
    raise UniqueConstraintError(f"Collection {name} already exists")
chromadb.db.base.UniqueConstraintError: Collection maintstar-docs already exists
[32mINFO[0m:     [09-07-2025 22:17:25] 127.0.0.1:59209 - "POST /api/v1/collections HTTP/1.1" 500
[32mINFO[0m:     [09-07-2025 22:17:29] 127.0.0.1:59209 - "GET /api/v1/collections HTTP/1.1" 200
[32mINFO[0m:     [09-07-2025 22:17:29] 127.0.0.1:59209 - "POST /api/v1/collections/06759ce4-e469-411b-abf9-124c05eb9bf1/add HTTP/1.1" 201
[32mINFO[0m:     [09-07-2025 22:17:29] 127.0.0.1:59209 - "GET /api/v1/collections HTTP/1.1" 200
[31mERROR[0m:    [09-07-2025 22:17:29] Collection maintstar-docs already exists
Traceback (most recent call last):
  File "/Users/juliareinhart/anaconda3/lib/python3.11/site-packages/anyio/streams/memory.py", line 98, in receive
    return self.receive_nowait()
           ^^^^^^^^^^^^^^^^^^^^^
  File "/Users/juliareinhart/anaconda3/lib/python3.11/site-packages/anyio/streams/memory.py", line 93, in receive_nowait
    raise WouldBlock
anyio.WouldBlock

During handling of the above exception, another exception occurred:

Traceback (most recent call last):
  File "/Users/juliareinhart/anaconda3/lib/python3.11/site-packages/starlette/middleware/base.py", line 148, in call_next
    message = await recv_stream.receive()
              ^^^^^^^^^^^^^^^^^^^^^^^^^^^
  File "/Users/juliareinhart/anaconda3/lib/python3.11/site-packages/anyio/streams/memory.py", line 118, in receive
    raise EndOfStream
anyio.EndOfStream

During handling of the above exception, another exception occurred:

Traceback (most recent call last):
  File "/Users/juliareinhart/anaconda3/lib/python3.11/site-packages/chromadb/server/fastapi/__init__.py", line 78, in catch_exceptions_middleware
    return await call_next(request)
           ^^^^^^^^^^^^^^^^^^^^^^^^
  File "/Users/juliareinhart/anaconda3/lib/python3.11/site-packages/starlette/middleware/base.py", line 156, in call_next
    raise app_exc
  File "/Users/juliareinhart/anaconda3/lib/python3.11/site-packages/starlette/middleware/base.py", line 141, in coro
    await self.app(scope, receive_or_disconnect, send_no_error)
  File "/Users/juliareinhart/anaconda3/lib/python3.11/site-packages/starlette/middleware/base.py", line 178, in __call__
    response = await self.dispatch_func(request, call_next)
               ^^^^^^^^^^^^^^^^^^^^^^^^^^^^^^^^^^^^^^^^^^^^
  File "/Users/juliareinhart/anaconda3/lib/python3.11/site-packages/chromadb/server/fastapi/__init__.py", line 92, in check_http_version_middleware
    return await call_next(request)
           ^^^^^^^^^^^^^^^^^^^^^^^^
  File "/Users/juliareinhart/anaconda3/lib/python3.11/site-packages/starlette/middleware/base.py", line 156, in call_next
    raise app_exc
  File "/Users/juliareinhart/anaconda3/lib/python3.11/site-packages/starlette/middleware/base.py", line 141, in coro
    await self.app(scope, receive_or_disconnect, send_no_error)
  File "/Users/juliareinhart/anaconda3/lib/python3.11/site-packages/starlette/middleware/exceptions.py", line 62, in __call__
    await wrap_app_handling_exceptions(self.app, conn)(scope, receive, send)
  File "/Users/juliareinhart/anaconda3/lib/python3.11/site-packages/starlette/_exception_handler.py", line 53, in wrapped_app
    raise exc
  File "/Users/juliareinhart/anaconda3/lib/python3.11/site-packages/starlette/_exception_handler.py", line 42, in wrapped_app
    await app(scope, receive, sender)
  File "/Users/juliareinhart/anaconda3/lib/python3.11/site-packages/starlette/routing.py", line 714, in __call__
    await self.middleware_stack(scope, receive, send)
  File "/Users/juliareinhart/anaconda3/lib/python3.11/site-packages/starlette/routing.py", line 734, in app
    await route.handle(scope, receive, send)
  File "/Users/juliareinhart/anaconda3/lib/python3.11/site-packages/starlette/routing.py", line 288, in handle
    await self.app(scope, receive, send)
  File "/Users/juliareinhart/anaconda3/lib/python3.11/site-packages/starlette/routing.py", line 76, in app
    await wrap_app_handling_exceptions(app, request)(scope, receive, send)
  File "/Users/juliareinhart/anaconda3/lib/python3.11/site-packages/starlette/_exception_handler.py", line 53, in wrapped_app
    raise exc
  File "/Users/juliareinhart/anaconda3/lib/python3.11/site-packages/starlette/_exception_handler.py", line 42, in wrapped_app
    await app(scope, receive, sender)
  File "/Users/juliareinhart/anaconda3/lib/python3.11/site-packages/starlette/routing.py", line 73, in app
    response = await f(request)
               ^^^^^^^^^^^^^^^^
  File "/Users/juliareinhart/anaconda3/lib/python3.11/site-packages/fastapi/routing.py", line 301, in app
    raw_response = await run_endpoint_function(
                   ^^^^^^^^^^^^^^^^^^^^^^^^^^^^
  File "/Users/juliareinhart/anaconda3/lib/python3.11/site-packages/fastapi/routing.py", line 212, in run_endpoint_function
    return await dependant.call(**values)
           ^^^^^^^^^^^^^^^^^^^^^^^^^^^^^^
  File "/Users/juliareinhart/anaconda3/lib/python3.11/site-packages/chromadb/telemetry/opentelemetry/__init__.py", line 130, in wrapper
    return await f(*args, **kwargs)
           ^^^^^^^^^^^^^^^^^^^^^^^^
  File "/Users/juliareinhart/anaconda3/lib/python3.11/site-packages/chromadb/server/fastapi/__init__.py", line 630, in create_collection
    await to_thread.run_sync(
  File "/Users/juliareinhart/anaconda3/lib/python3.11/site-packages/anyio/to_thread.py", line 33, in run_sync
    return await get_asynclib().run_sync_in_worker_thread(
           ^^^^^^^^^^^^^^^^^^^^^^^^^^^^^^^^^^^^^^^^^^^^^^^
  File "/Users/juliareinhart/anaconda3/lib/python3.11/site-packages/anyio/_backends/_asyncio.py", line 877, in run_sync_in_worker_thread
    return await future
           ^^^^^^^^^^^^
  File "/Users/juliareinhart/anaconda3/lib/python3.11/site-packages/anyio/_backends/_asyncio.py", line 807, in run
    result = context.run(func, *args)
             ^^^^^^^^^^^^^^^^^^^^^^^^
  File "/Users/juliareinhart/anaconda3/lib/python3.11/site-packages/chromadb/server/fastapi/__init__.py", line 620, in process_create_collection
    return self._api.create_collection(
           ^^^^^^^^^^^^^^^^^^^^^^^^^^^^
  File "/Users/juliareinhart/anaconda3/lib/python3.11/site-packages/chromadb/telemetry/opentelemetry/__init__.py", line 143, in wrapper
    return f(*args, **kwargs)
           ^^^^^^^^^^^^^^^^^^
  File "/Users/juliareinhart/anaconda3/lib/python3.11/site-packages/chromadb/api/segment.py", line 173, in create_collection
    coll, created = self._sysdb.create_collection(
                    ^^^^^^^^^^^^^^^^^^^^^^^^^^^^^^
  File "/Users/juliareinhart/anaconda3/lib/python3.11/site-packages/chromadb/telemetry/opentelemetry/__init__.py", line 143, in wrapper
    return f(*args, **kwargs)
           ^^^^^^^^^^^^^^^^^^
  File "/Users/juliareinhart/anaconda3/lib/python3.11/site-packages/chromadb/db/mixins/sysdb.py", line 220, in create_collection
    raise UniqueConstraintError(f"Collection {name} already exists")
chromadb.db.base.UniqueConstraintError: Collection maintstar-docs already exists
[32mINFO[0m:     [09-07-2025 22:17:29] 127.0.0.1:59209 - "POST /api/v1/collections HTTP/1.1" 500
[32mINFO[0m:     [09-07-2025 22:17:42] 127.0.0.1:59212 - "GET /api/v1/collections HTTP/1.1" 200
[32mINFO[0m:     [09-07-2025 22:17:42] 127.0.0.1:59212 - "POST /api/v1/collections/06759ce4-e469-411b-abf9-124c05eb9bf1/add HTTP/1.1" 201
[32mINFO[0m:     [09-07-2025 22:17:42] 127.0.0.1:59212 - "GET /api/v1/collections HTTP/1.1" 200
[31mERROR[0m:    [09-07-2025 22:17:42] Collection maintstar-docs already exists
Traceback (most recent call last):
  File "/Users/juliareinhart/anaconda3/lib/python3.11/site-packages/anyio/streams/memory.py", line 98, in receive
    return self.receive_nowait()
           ^^^^^^^^^^^^^^^^^^^^^
  File "/Users/juliareinhart/anaconda3/lib/python3.11/site-packages/anyio/streams/memory.py", line 93, in receive_nowait
    raise WouldBlock
anyio.WouldBlock

During handling of the above exception, another exception occurred:

Traceback (most recent call last):
  File "/Users/juliareinhart/anaconda3/lib/python3.11/site-packages/starlette/middleware/base.py", line 148, in call_next
    message = await recv_stream.receive()
              ^^^^^^^^^^^^^^^^^^^^^^^^^^^
  File "/Users/juliareinhart/anaconda3/lib/python3.11/site-packages/anyio/streams/memory.py", line 118, in receive
    raise EndOfStream
anyio.EndOfStream

During handling of the above exception, another exception occurred:

Traceback (most recent call last):
  File "/Users/juliareinhart/anaconda3/lib/python3.11/site-packages/chromadb/server/fastapi/__init__.py", line 78, in catch_exceptions_middleware
    return await call_next(request)
           ^^^^^^^^^^^^^^^^^^^^^^^^
  File "/Users/juliareinhart/anaconda3/lib/python3.11/site-packages/starlette/middleware/base.py", line 156, in call_next
    raise app_exc
  File "/Users/juliareinhart/anaconda3/lib/python3.11/site-packages/starlette/middleware/base.py", line 141, in coro
    await self.app(scope, receive_or_disconnect, send_no_error)
  File "/Users/juliareinhart/anaconda3/lib/python3.11/site-packages/starlette/middleware/base.py", line 178, in __call__
    response = await self.dispatch_func(request, call_next)
               ^^^^^^^^^^^^^^^^^^^^^^^^^^^^^^^^^^^^^^^^^^^^
  File "/Users/juliareinhart/anaconda3/lib/python3.11/site-packages/chromadb/server/fastapi/__init__.py", line 92, in check_http_version_middleware
    return await call_next(request)
           ^^^^^^^^^^^^^^^^^^^^^^^^
  File "/Users/juliareinhart/anaconda3/lib/python3.11/site-packages/starlette/middleware/base.py", line 156, in call_next
    raise app_exc
  File "/Users/juliareinhart/anaconda3/lib/python3.11/site-packages/starlette/middleware/base.py", line 141, in coro
    await self.app(scope, receive_or_disconnect, send_no_error)
  File "/Users/juliareinhart/anaconda3/lib/python3.11/site-packages/starlette/middleware/exceptions.py", line 62, in __call__
    await wrap_app_handling_exceptions(self.app, conn)(scope, receive, send)
  File "/Users/juliareinhart/anaconda3/lib/python3.11/site-packages/starlette/_exception_handler.py", line 53, in wrapped_app
    raise exc
  File "/Users/juliareinhart/anaconda3/lib/python3.11/site-packages/starlette/_exception_handler.py", line 42, in wrapped_app
    await app(scope, receive, sender)
  File "/Users/juliareinhart/anaconda3/lib/python3.11/site-packages/starlette/routing.py", line 714, in __call__
    await self.middleware_stack(scope, receive, send)
  File "/Users/juliareinhart/anaconda3/lib/python3.11/site-packages/starlette/routing.py", line 734, in app
    await route.handle(scope, receive, send)
  File "/Users/juliareinhart/anaconda3/lib/python3.11/site-packages/starlette/routing.py", line 288, in handle
    await self.app(scope, receive, send)
  File "/Users/juliareinhart/anaconda3/lib/python3.11/site-packages/starlette/routing.py", line 76, in app
    await wrap_app_handling_exceptions(app, request)(scope, receive, send)
  File "/Users/juliareinhart/anaconda3/lib/python3.11/site-packages/starlette/_exception_handler.py", line 53, in wrapped_app
    raise exc
  File "/Users/juliareinhart/anaconda3/lib/python3.11/site-packages/starlette/_exception_handler.py", line 42, in wrapped_app
    await app(scope, receive, sender)
  File "/Users/juliareinhart/anaconda3/lib/python3.11/site-packages/starlette/routing.py", line 73, in app
    response = await f(request)
               ^^^^^^^^^^^^^^^^
  File "/Users/juliareinhart/anaconda3/lib/python3.11/site-packages/fastapi/routing.py", line 301, in app
    raw_response = await run_endpoint_function(
                   ^^^^^^^^^^^^^^^^^^^^^^^^^^^^
  File "/Users/juliareinhart/anaconda3/lib/python3.11/site-packages/fastapi/routing.py", line 212, in run_endpoint_function
    return await dependant.call(**values)
           ^^^^^^^^^^^^^^^^^^^^^^^^^^^^^^
  File "/Users/juliareinhart/anaconda3/lib/python3.11/site-packages/chromadb/telemetry/opentelemetry/__init__.py", line 130, in wrapper
    return await f(*args, **kwargs)
           ^^^^^^^^^^^^^^^^^^^^^^^^
  File "/Users/juliareinhart/anaconda3/lib/python3.11/site-packages/chromadb/server/fastapi/__init__.py", line 630, in create_collection
    await to_thread.run_sync(
  File "/Users/juliareinhart/anaconda3/lib/python3.11/site-packages/anyio/to_thread.py", line 33, in run_sync
    return await get_asynclib().run_sync_in_worker_thread(
           ^^^^^^^^^^^^^^^^^^^^^^^^^^^^^^^^^^^^^^^^^^^^^^^
  File "/Users/juliareinhart/anaconda3/lib/python3.11/site-packages/anyio/_backends/_asyncio.py", line 877, in run_sync_in_worker_thread
    return await future
           ^^^^^^^^^^^^
  File "/Users/juliareinhart/anaconda3/lib/python3.11/site-packages/anyio/_backends/_asyncio.py", line 807, in run
    result = context.run(func, *args)
             ^^^^^^^^^^^^^^^^^^^^^^^^
  File "/Users/juliareinhart/anaconda3/lib/python3.11/site-packages/chromadb/server/fastapi/__init__.py", line 620, in process_create_collection
    return self._api.create_collection(
           ^^^^^^^^^^^^^^^^^^^^^^^^^^^^
  File "/Users/juliareinhart/anaconda3/lib/python3.11/site-packages/chromadb/telemetry/opentelemetry/__init__.py", line 143, in wrapper
    return f(*args, **kwargs)
           ^^^^^^^^^^^^^^^^^^
  File "/Users/juliareinhart/anaconda3/lib/python3.11/site-packages/chromadb/api/segment.py", line 173, in create_collection
    coll, created = self._sysdb.create_collection(
                    ^^^^^^^^^^^^^^^^^^^^^^^^^^^^^^
  File "/Users/juliareinhart/anaconda3/lib/python3.11/site-packages/chromadb/telemetry/opentelemetry/__init__.py", line 143, in wrapper
    return f(*args, **kwargs)
           ^^^^^^^^^^^^^^^^^^
  File "/Users/juliareinhart/anaconda3/lib/python3.11/site-packages/chromadb/db/mixins/sysdb.py", line 220, in create_collection
    raise UniqueConstraintError(f"Collection {name} already exists")
chromadb.db.base.UniqueConstraintError: Collection maintstar-docs already exists
[32mINFO[0m:     [09-07-2025 22:17:42] 127.0.0.1:59212 - "POST /api/v1/collections HTTP/1.1" 500
[32mINFO[0m:     [09-07-2025 22:17:49] 127.0.0.1:59216 - "GET /api/v1/collections HTTP/1.1" 200
[32mINFO[0m:     [09-07-2025 22:17:49] 127.0.0.1:59216 - "POST /api/v1/collections/06759ce4-e469-411b-abf9-124c05eb9bf1/add HTTP/1.1" 201
[32mINFO[0m:     [09-07-2025 22:17:49] 127.0.0.1:59216 - "GET /api/v1/collections HTTP/1.1" 200
[31mERROR[0m:    [09-07-2025 22:17:49] Collection maintstar-docs already exists
Traceback (most recent call last):
  File "/Users/juliareinhart/anaconda3/lib/python3.11/site-packages/anyio/streams/memory.py", line 98, in receive
    return self.receive_nowait()
           ^^^^^^^^^^^^^^^^^^^^^
  File "/Users/juliareinhart/anaconda3/lib/python3.11/site-packages/anyio/streams/memory.py", line 93, in receive_nowait
    raise WouldBlock
anyio.WouldBlock

During handling of the above exception, another exception occurred:

Traceback (most recent call last):
  File "/Users/juliareinhart/anaconda3/lib/python3.11/site-packages/starlette/middleware/base.py", line 148, in call_next
    message = await recv_stream.receive()
              ^^^^^^^^^^^^^^^^^^^^^^^^^^^
  File "/Users/juliareinhart/anaconda3/lib/python3.11/site-packages/anyio/streams/memory.py", line 118, in receive
    raise EndOfStream
anyio.EndOfStream

During handling of the above exception, another exception occurred:

Traceback (most recent call last):
  File "/Users/juliareinhart/anaconda3/lib/python3.11/site-packages/chromadb/server/fastapi/__init__.py", line 78, in catch_exceptions_middleware
    return await call_next(request)
           ^^^^^^^^^^^^^^^^^^^^^^^^
  File "/Users/juliareinhart/anaconda3/lib/python3.11/site-packages/starlette/middleware/base.py", line 156, in call_next
    raise app_exc
  File "/Users/juliareinhart/anaconda3/lib/python3.11/site-packages/starlette/middleware/base.py", line 141, in coro
    await self.app(scope, receive_or_disconnect, send_no_error)
  File "/Users/juliareinhart/anaconda3/lib/python3.11/site-packages/starlette/middleware/base.py", line 178, in __call__
    response = await self.dispatch_func(request, call_next)
               ^^^^^^^^^^^^^^^^^^^^^^^^^^^^^^^^^^^^^^^^^^^^
  File "/Users/juliareinhart/anaconda3/lib/python3.11/site-packages/chromadb/server/fastapi/__init__.py", line 92, in check_http_version_middleware
    return await call_next(request)
           ^^^^^^^^^^^^^^^^^^^^^^^^
  File "/Users/juliareinhart/anaconda3/lib/python3.11/site-packages/starlette/middleware/base.py", line 156, in call_next
    raise app_exc
  File "/Users/juliareinhart/anaconda3/lib/python3.11/site-packages/starlette/middleware/base.py", line 141, in coro
    await self.app(scope, receive_or_disconnect, send_no_error)
  File "/Users/juliareinhart/anaconda3/lib/python3.11/site-packages/starlette/middleware/exceptions.py", line 62, in __call__
    await wrap_app_handling_exceptions(self.app, conn)(scope, receive, send)
  File "/Users/juliareinhart/anaconda3/lib/python3.11/site-packages/starlette/_exception_handler.py", line 53, in wrapped_app
    raise exc
  File "/Users/juliareinhart/anaconda3/lib/python3.11/site-packages/starlette/_exception_handler.py", line 42, in wrapped_app
    await app(scope, receive, sender)
  File "/Users/juliareinhart/anaconda3/lib/python3.11/site-packages/starlette/routing.py", line 714, in __call__
    await self.middleware_stack(scope, receive, send)
  File "/Users/juliareinhart/anaconda3/lib/python3.11/site-packages/starlette/routing.py", line 734, in app
    await route.handle(scope, receive, send)
  File "/Users/juliareinhart/anaconda3/lib/python3.11/site-packages/starlette/routing.py", line 288, in handle
    await self.app(scope, receive, send)
  File "/Users/juliareinhart/anaconda3/lib/python3.11/site-packages/starlette/routing.py", line 76, in app
    await wrap_app_handling_exceptions(app, request)(scope, receive, send)
  File "/Users/juliareinhart/anaconda3/lib/python3.11/site-packages/starlette/_exception_handler.py", line 53, in wrapped_app
    raise exc
  File "/Users/juliareinhart/anaconda3/lib/python3.11/site-packages/starlette/_exception_handler.py", line 42, in wrapped_app
    await app(scope, receive, sender)
  File "/Users/juliareinhart/anaconda3/lib/python3.11/site-packages/starlette/routing.py", line 73, in app
    response = await f(request)
               ^^^^^^^^^^^^^^^^
  File "/Users/juliareinhart/anaconda3/lib/python3.11/site-packages/fastapi/routing.py", line 301, in app
    raw_response = await run_endpoint_function(
                   ^^^^^^^^^^^^^^^^^^^^^^^^^^^^
  File "/Users/juliareinhart/anaconda3/lib/python3.11/site-packages/fastapi/routing.py", line 212, in run_endpoint_function
    return await dependant.call(**values)
           ^^^^^^^^^^^^^^^^^^^^^^^^^^^^^^
  File "/Users/juliareinhart/anaconda3/lib/python3.11/site-packages/chromadb/telemetry/opentelemetry/__init__.py", line 130, in wrapper
    return await f(*args, **kwargs)
           ^^^^^^^^^^^^^^^^^^^^^^^^
  File "/Users/juliareinhart/anaconda3/lib/python3.11/site-packages/chromadb/server/fastapi/__init__.py", line 630, in create_collection
    await to_thread.run_sync(
  File "/Users/juliareinhart/anaconda3/lib/python3.11/site-packages/anyio/to_thread.py", line 33, in run_sync
    return await get_asynclib().run_sync_in_worker_thread(
           ^^^^^^^^^^^^^^^^^^^^^^^^^^^^^^^^^^^^^^^^^^^^^^^
  File "/Users/juliareinhart/anaconda3/lib/python3.11/site-packages/anyio/_backends/_asyncio.py", line 877, in run_sync_in_worker_thread
    return await future
           ^^^^^^^^^^^^
  File "/Users/juliareinhart/anaconda3/lib/python3.11/site-packages/anyio/_backends/_asyncio.py", line 807, in run
    result = context.run(func, *args)
             ^^^^^^^^^^^^^^^^^^^^^^^^
  File "/Users/juliareinhart/anaconda3/lib/python3.11/site-packages/chromadb/server/fastapi/__init__.py", line 620, in process_create_collection
    return self._api.create_collection(
           ^^^^^^^^^^^^^^^^^^^^^^^^^^^^
  File "/Users/juliareinhart/anaconda3/lib/python3.11/site-packages/chromadb/telemetry/opentelemetry/__init__.py", line 143, in wrapper
    return f(*args, **kwargs)
           ^^^^^^^^^^^^^^^^^^
  File "/Users/juliareinhart/anaconda3/lib/python3.11/site-packages/chromadb/api/segment.py", line 173, in create_collection
    coll, created = self._sysdb.create_collection(
                    ^^^^^^^^^^^^^^^^^^^^^^^^^^^^^^
  File "/Users/juliareinhart/anaconda3/lib/python3.11/site-packages/chromadb/telemetry/opentelemetry/__init__.py", line 143, in wrapper
    return f(*args, **kwargs)
           ^^^^^^^^^^^^^^^^^^
  File "/Users/juliareinhart/anaconda3/lib/python3.11/site-packages/chromadb/db/mixins/sysdb.py", line 220, in create_collection
    raise UniqueConstraintError(f"Collection {name} already exists")
chromadb.db.base.UniqueConstraintError: Collection maintstar-docs already exists
[32mINFO[0m:     [09-07-2025 22:17:49] 127.0.0.1:59216 - "POST /api/v1/collections HTTP/1.1" 500
[32mINFO[0m:     [09-07-2025 22:17:54] 127.0.0.1:59218 - "GET /api/v1/collections HTTP/1.1" 200
[32mINFO[0m:     [09-07-2025 22:17:54] 127.0.0.1:59218 - "POST /api/v1/collections/06759ce4-e469-411b-abf9-124c05eb9bf1/add HTTP/1.1" 201
[32mINFO[0m:     [09-07-2025 22:17:54] 127.0.0.1:59218 - "GET /api/v1/collections HTTP/1.1" 200
[31mERROR[0m:    [09-07-2025 22:17:54] Collection maintstar-docs already exists
Traceback (most recent call last):
  File "/Users/juliareinhart/anaconda3/lib/python3.11/site-packages/anyio/streams/memory.py", line 98, in receive
    return self.receive_nowait()
           ^^^^^^^^^^^^^^^^^^^^^
  File "/Users/juliareinhart/anaconda3/lib/python3.11/site-packages/anyio/streams/memory.py", line 93, in receive_nowait
    raise WouldBlock
anyio.WouldBlock

During handling of the above exception, another exception occurred:

Traceback (most recent call last):
  File "/Users/juliareinhart/anaconda3/lib/python3.11/site-packages/starlette/middleware/base.py", line 148, in call_next
    message = await recv_stream.receive()
              ^^^^^^^^^^^^^^^^^^^^^^^^^^^
  File "/Users/juliareinhart/anaconda3/lib/python3.11/site-packages/anyio/streams/memory.py", line 118, in receive
    raise EndOfStream
anyio.EndOfStream

During handling of the above exception, another exception occurred:

Traceback (most recent call last):
  File "/Users/juliareinhart/anaconda3/lib/python3.11/site-packages/chromadb/server/fastapi/__init__.py", line 78, in catch_exceptions_middleware
    return await call_next(request)
           ^^^^^^^^^^^^^^^^^^^^^^^^
  File "/Users/juliareinhart/anaconda3/lib/python3.11/site-packages/starlette/middleware/base.py", line 156, in call_next
    raise app_exc
  File "/Users/juliareinhart/anaconda3/lib/python3.11/site-packages/starlette/middleware/base.py", line 141, in coro
    await self.app(scope, receive_or_disconnect, send_no_error)
  File "/Users/juliareinhart/anaconda3/lib/python3.11/site-packages/starlette/middleware/base.py", line 178, in __call__
    response = await self.dispatch_func(request, call_next)
               ^^^^^^^^^^^^^^^^^^^^^^^^^^^^^^^^^^^^^^^^^^^^
  File "/Users/juliareinhart/anaconda3/lib/python3.11/site-packages/chromadb/server/fastapi/__init__.py", line 92, in check_http_version_middleware
    return await call_next(request)
           ^^^^^^^^^^^^^^^^^^^^^^^^
  File "/Users/juliareinhart/anaconda3/lib/python3.11/site-packages/starlette/middleware/base.py", line 156, in call_next
    raise app_exc
  File "/Users/juliareinhart/anaconda3/lib/python3.11/site-packages/starlette/middleware/base.py", line 141, in coro
    await self.app(scope, receive_or_disconnect, send_no_error)
  File "/Users/juliareinhart/anaconda3/lib/python3.11/site-packages/starlette/middleware/exceptions.py", line 62, in __call__
    await wrap_app_handling_exceptions(self.app, conn)(scope, receive, send)
  File "/Users/juliareinhart/anaconda3/lib/python3.11/site-packages/starlette/_exception_handler.py", line 53, in wrapped_app
    raise exc
  File "/Users/juliareinhart/anaconda3/lib/python3.11/site-packages/starlette/_exception_handler.py", line 42, in wrapped_app
    await app(scope, receive, sender)
  File "/Users/juliareinhart/anaconda3/lib/python3.11/site-packages/starlette/routing.py", line 714, in __call__
    await self.middleware_stack(scope, receive, send)
  File "/Users/juliareinhart/anaconda3/lib/python3.11/site-packages/starlette/routing.py", line 734, in app
    await route.handle(scope, receive, send)
  File "/Users/juliareinhart/anaconda3/lib/python3.11/site-packages/starlette/routing.py", line 288, in handle
    await self.app(scope, receive, send)
  File "/Users/juliareinhart/anaconda3/lib/python3.11/site-packages/starlette/routing.py", line 76, in app
    await wrap_app_handling_exceptions(app, request)(scope, receive, send)
  File "/Users/juliareinhart/anaconda3/lib/python3.11/site-packages/starlette/_exception_handler.py", line 53, in wrapped_app
    raise exc
  File "/Users/juliareinhart/anaconda3/lib/python3.11/site-packages/starlette/_exception_handler.py", line 42, in wrapped_app
    await app(scope, receive, sender)
  File "/Users/juliareinhart/anaconda3/lib/python3.11/site-packages/starlette/routing.py", line 73, in app
    response = await f(request)
               ^^^^^^^^^^^^^^^^
  File "/Users/juliareinhart/anaconda3/lib/python3.11/site-packages/fastapi/routing.py", line 301, in app
    raw_response = await run_endpoint_function(
                   ^^^^^^^^^^^^^^^^^^^^^^^^^^^^
  File "/Users/juliareinhart/anaconda3/lib/python3.11/site-packages/fastapi/routing.py", line 212, in run_endpoint_function
    return await dependant.call(**values)
           ^^^^^^^^^^^^^^^^^^^^^^^^^^^^^^
  File "/Users/juliareinhart/anaconda3/lib/python3.11/site-packages/chromadb/telemetry/opentelemetry/__init__.py", line 130, in wrapper
    return await f(*args, **kwargs)
           ^^^^^^^^^^^^^^^^^^^^^^^^
  File "/Users/juliareinhart/anaconda3/lib/python3.11/site-packages/chromadb/server/fastapi/__init__.py", line 630, in create_collection
    await to_thread.run_sync(
  File "/Users/juliareinhart/anaconda3/lib/python3.11/site-packages/anyio/to_thread.py", line 33, in run_sync
    return await get_asynclib().run_sync_in_worker_thread(
           ^^^^^^^^^^^^^^^^^^^^^^^^^^^^^^^^^^^^^^^^^^^^^^^
  File "/Users/juliareinhart/anaconda3/lib/python3.11/site-packages/anyio/_backends/_asyncio.py", line 877, in run_sync_in_worker_thread
    return await future
           ^^^^^^^^^^^^
  File "/Users/juliareinhart/anaconda3/lib/python3.11/site-packages/anyio/_backends/_asyncio.py", line 807, in run
    result = context.run(func, *args)
             ^^^^^^^^^^^^^^^^^^^^^^^^
  File "/Users/juliareinhart/anaconda3/lib/python3.11/site-packages/chromadb/server/fastapi/__init__.py", line 620, in process_create_collection
    return self._api.create_collection(
           ^^^^^^^^^^^^^^^^^^^^^^^^^^^^
  File "/Users/juliareinhart/anaconda3/lib/python3.11/site-packages/chromadb/telemetry/opentelemetry/__init__.py", line 143, in wrapper
    return f(*args, **kwargs)
           ^^^^^^^^^^^^^^^^^^
  File "/Users/juliareinhart/anaconda3/lib/python3.11/site-packages/chromadb/api/segment.py", line 173, in create_collection
    coll, created = self._sysdb.create_collection(
                    ^^^^^^^^^^^^^^^^^^^^^^^^^^^^^^
  File "/Users/juliareinhart/anaconda3/lib/python3.11/site-packages/chromadb/telemetry/opentelemetry/__init__.py", line 143, in wrapper
    return f(*args, **kwargs)
           ^^^^^^^^^^^^^^^^^^
  File "/Users/juliareinhart/anaconda3/lib/python3.11/site-packages/chromadb/db/mixins/sysdb.py", line 220, in create_collection
    raise UniqueConstraintError(f"Collection {name} already exists")
chromadb.db.base.UniqueConstraintError: Collection maintstar-docs already exists
[32mINFO[0m:     [09-07-2025 22:17:54] 127.0.0.1:59218 - "POST /api/v1/collections HTTP/1.1" 500
[32mINFO[0m:     [09-07-2025 22:18:16] 127.0.0.1:59221 - "GET /api/v1/collections HTTP/1.1" 200
[32mINFO[0m:     [09-07-2025 22:18:16] 127.0.0.1:59221 - "POST /api/v1/collections/06759ce4-e469-411b-abf9-124c05eb9bf1/add HTTP/1.1" 201
[32mINFO[0m:     [09-07-2025 22:18:16] 127.0.0.1:59221 - "GET /api/v1/collections HTTP/1.1" 200
[31mERROR[0m:    [09-07-2025 22:18:16] Collection maintstar-docs already exists
Traceback (most recent call last):
  File "/Users/juliareinhart/anaconda3/lib/python3.11/site-packages/anyio/streams/memory.py", line 98, in receive
    return self.receive_nowait()
           ^^^^^^^^^^^^^^^^^^^^^
  File "/Users/juliareinhart/anaconda3/lib/python3.11/site-packages/anyio/streams/memory.py", line 93, in receive_nowait
    raise WouldBlock
anyio.WouldBlock

During handling of the above exception, another exception occurred:

Traceback (most recent call last):
  File "/Users/juliareinhart/anaconda3/lib/python3.11/site-packages/starlette/middleware/base.py", line 148, in call_next
    message = await recv_stream.receive()
              ^^^^^^^^^^^^^^^^^^^^^^^^^^^
  File "/Users/juliareinhart/anaconda3/lib/python3.11/site-packages/anyio/streams/memory.py", line 118, in receive
    raise EndOfStream
anyio.EndOfStream

During handling of the above exception, another exception occurred:

Traceback (most recent call last):
  File "/Users/juliareinhart/anaconda3/lib/python3.11/site-packages/chromadb/server/fastapi/__init__.py", line 78, in catch_exceptions_middleware
    return await call_next(request)
           ^^^^^^^^^^^^^^^^^^^^^^^^
  File "/Users/juliareinhart/anaconda3/lib/python3.11/site-packages/starlette/middleware/base.py", line 156, in call_next
    raise app_exc
  File "/Users/juliareinhart/anaconda3/lib/python3.11/site-packages/starlette/middleware/base.py", line 141, in coro
    await self.app(scope, receive_or_disconnect, send_no_error)
  File "/Users/juliareinhart/anaconda3/lib/python3.11/site-packages/starlette/middleware/base.py", line 178, in __call__
    response = await self.dispatch_func(request, call_next)
               ^^^^^^^^^^^^^^^^^^^^^^^^^^^^^^^^^^^^^^^^^^^^
  File "/Users/juliareinhart/anaconda3/lib/python3.11/site-packages/chromadb/server/fastapi/__init__.py", line 92, in check_http_version_middleware
    return await call_next(request)
           ^^^^^^^^^^^^^^^^^^^^^^^^
  File "/Users/juliareinhart/anaconda3/lib/python3.11/site-packages/starlette/middleware/base.py", line 156, in call_next
    raise app_exc
  File "/Users/juliareinhart/anaconda3/lib/python3.11/site-packages/starlette/middleware/base.py", line 141, in coro
    await self.app(scope, receive_or_disconnect, send_no_error)
  File "/Users/juliareinhart/anaconda3/lib/python3.11/site-packages/starlette/middleware/exceptions.py", line 62, in __call__
    await wrap_app_handling_exceptions(self.app, conn)(scope, receive, send)
  File "/Users/juliareinhart/anaconda3/lib/python3.11/site-packages/starlette/_exception_handler.py", line 53, in wrapped_app
    raise exc
  File "/Users/juliareinhart/anaconda3/lib/python3.11/site-packages/starlette/_exception_handler.py", line 42, in wrapped_app
    await app(scope, receive, sender)
  File "/Users/juliareinhart/anaconda3/lib/python3.11/site-packages/starlette/routing.py", line 714, in __call__
    await self.middleware_stack(scope, receive, send)
  File "/Users/juliareinhart/anaconda3/lib/python3.11/site-packages/starlette/routing.py", line 734, in app
    await route.handle(scope, receive, send)
  File "/Users/juliareinhart/anaconda3/lib/python3.11/site-packages/starlette/routing.py", line 288, in handle
    await self.app(scope, receive, send)
  File "/Users/juliareinhart/anaconda3/lib/python3.11/site-packages/starlette/routing.py", line 76, in app
    await wrap_app_handling_exceptions(app, request)(scope, receive, send)
  File "/Users/juliareinhart/anaconda3/lib/python3.11/site-packages/starlette/_exception_handler.py", line 53, in wrapped_app
    raise exc
  File "/Users/juliareinhart/anaconda3/lib/python3.11/site-packages/starlette/_exception_handler.py", line 42, in wrapped_app
    await app(scope, receive, sender)
  File "/Users/juliareinhart/anaconda3/lib/python3.11/site-packages/starlette/routing.py", line 73, in app
    response = await f(request)
               ^^^^^^^^^^^^^^^^
  File "/Users/juliareinhart/anaconda3/lib/python3.11/site-packages/fastapi/routing.py", line 301, in app
    raw_response = await run_endpoint_function(
                   ^^^^^^^^^^^^^^^^^^^^^^^^^^^^
  File "/Users/juliareinhart/anaconda3/lib/python3.11/site-packages/fastapi/routing.py", line 212, in run_endpoint_function
    return await dependant.call(**values)
           ^^^^^^^^^^^^^^^^^^^^^^^^^^^^^^
  File "/Users/juliareinhart/anaconda3/lib/python3.11/site-packages/chromadb/telemetry/opentelemetry/__init__.py", line 130, in wrapper
    return await f(*args, **kwargs)
           ^^^^^^^^^^^^^^^^^^^^^^^^
  File "/Users/juliareinhart/anaconda3/lib/python3.11/site-packages/chromadb/server/fastapi/__init__.py", line 630, in create_collection
    await to_thread.run_sync(
  File "/Users/juliareinhart/anaconda3/lib/python3.11/site-packages/anyio/to_thread.py", line 33, in run_sync
    return await get_asynclib().run_sync_in_worker_thread(
           ^^^^^^^^^^^^^^^^^^^^^^^^^^^^^^^^^^^^^^^^^^^^^^^
  File "/Users/juliareinhart/anaconda3/lib/python3.11/site-packages/anyio/_backends/_asyncio.py", line 877, in run_sync_in_worker_thread
    return await future
           ^^^^^^^^^^^^
  File "/Users/juliareinhart/anaconda3/lib/python3.11/site-packages/anyio/_backends/_asyncio.py", line 807, in run
    result = context.run(func, *args)
             ^^^^^^^^^^^^^^^^^^^^^^^^
  File "/Users/juliareinhart/anaconda3/lib/python3.11/site-packages/chromadb/server/fastapi/__init__.py", line 620, in process_create_collection
    return self._api.create_collection(
           ^^^^^^^^^^^^^^^^^^^^^^^^^^^^
  File "/Users/juliareinhart/anaconda3/lib/python3.11/site-packages/chromadb/telemetry/opentelemetry/__init__.py", line 143, in wrapper
    return f(*args, **kwargs)
           ^^^^^^^^^^^^^^^^^^
  File "/Users/juliareinhart/anaconda3/lib/python3.11/site-packages/chromadb/api/segment.py", line 173, in create_collection
    coll, created = self._sysdb.create_collection(
                    ^^^^^^^^^^^^^^^^^^^^^^^^^^^^^^
  File "/Users/juliareinhart/anaconda3/lib/python3.11/site-packages/chromadb/telemetry/opentelemetry/__init__.py", line 143, in wrapper
    return f(*args, **kwargs)
           ^^^^^^^^^^^^^^^^^^
  File "/Users/juliareinhart/anaconda3/lib/python3.11/site-packages/chromadb/db/mixins/sysdb.py", line 220, in create_collection
    raise UniqueConstraintError(f"Collection {name} already exists")
chromadb.db.base.UniqueConstraintError: Collection maintstar-docs already exists
[32mINFO[0m:     [09-07-2025 22:18:16] 127.0.0.1:59221 - "POST /api/v1/collections HTTP/1.1" 500
[32mINFO[0m:     [09-07-2025 22:18:55] 127.0.0.1:59593 - "GET /api/v1/collections HTTP/1.1" 200
[32mINFO[0m:     [09-07-2025 22:18:56] 127.0.0.1:59593 - "POST /api/v1/collections/06759ce4-e469-411b-abf9-124c05eb9bf1/add HTTP/1.1" 201
[32mINFO[0m:     [09-07-2025 22:26:59] 127.0.0.1:59830 - "GET /api/v1/collections HTTP/1.1" 200
[32mINFO[0m:     [09-07-2025 22:26:59] 127.0.0.1:59830 - "POST /api/v1/collections/06759ce4-e469-411b-abf9-124c05eb9bf1/query HTTP/1.1" 200
[32mINFO[0m:     [09-07-2025 22:27:03] 127.0.0.1:59830 - "GET /api/v1/collections HTTP/1.1" 200
[32mINFO[0m:     [09-07-2025 22:27:03] 127.0.0.1:59830 - "POST /api/v1/collections/06759ce4-e469-411b-abf9-124c05eb9bf1/query HTTP/1.1" 200
[32mINFO[0m:     [09-07-2025 22:27:13] 127.0.0.1:59835 - "GET /api/v1/collections HTTP/1.1" 200
[32mINFO[0m:     [09-07-2025 22:27:13] 127.0.0.1:59835 - "POST /api/v1/collections/06759ce4-e469-411b-abf9-124c05eb9bf1/query HTTP/1.1" 200
[32mINFO[0m:     [09-07-2025 22:27:15] 127.0.0.1:59835 - "GET /api/v1/collections HTTP/1.1" 200
[32mINFO[0m:     [09-07-2025 22:27:15] 127.0.0.1:59835 - "POST /api/v1/collections/06759ce4-e469-411b-abf9-124c05eb9bf1/query HTTP/1.1" 200
[32mINFO[0m:     [09-07-2025 22:27:19] 127.0.0.1:59835 - "GET /api/v1/collections HTTP/1.1" 200
[32mINFO[0m:     [09-07-2025 22:27:19] 127.0.0.1:59835 - "POST /api/v1/collections/06759ce4-e469-411b-abf9-124c05eb9bf1/query HTTP/1.1" 200
[32mINFO[0m:     [09-07-2025 22:27:22] 127.0.0.1:59835 - "GET /api/v1/collections HTTP/1.1" 200
[32mINFO[0m:     [09-07-2025 22:27:22] 127.0.0.1:59835 - "POST /api/v1/collections/06759ce4-e469-411b-abf9-124c05eb9bf1/query HTTP/1.1" 200
[32mINFO[0m:     [09-07-2025 22:27:25] 127.0.0.1:59835 - "GET /api/v1/collections HTTP/1.1" 200
[32mINFO[0m:     [09-07-2025 22:27:25] 127.0.0.1:59835 - "POST /api/v1/collections/06759ce4-e469-411b-abf9-124c05eb9bf1/query HTTP/1.1" 200
[32mINFO[0m:     [09-07-2025 22:27:26] 127.0.0.1:59835 - "GET /api/v1/collections HTTP/1.1" 200
[32mINFO[0m:     [09-07-2025 22:27:26] 127.0.0.1:59835 - "POST /api/v1/collections/06759ce4-e469-411b-abf9-124c05eb9bf1/query HTTP/1.1" 200
[32mINFO[0m:     [09-07-2025 22:27:28] 127.0.0.1:59835 - "GET /api/v1/collections HTTP/1.1" 200
[32mINFO[0m:     [09-07-2025 22:27:28] 127.0.0.1:59835 - "POST /api/v1/collections/06759ce4-e469-411b-abf9-124c05eb9bf1/query HTTP/1.1" 200
[32mINFO[0m:     [09-07-2025 22:27:32] 127.0.0.1:59835 - "GET /api/v1/collections HTTP/1.1" 200
[32mINFO[0m:     [09-07-2025 22:27:32] 127.0.0.1:59835 - "POST /api/v1/collections/06759ce4-e469-411b-abf9-124c05eb9bf1/query HTTP/1.1" 200
[32mINFO[0m:     [09-07-2025 22:27:38] 127.0.0.1:59845 - "GET /api/v1/collections HTTP/1.1" 200
[32mINFO[0m:     [09-07-2025 22:27:38] 127.0.0.1:59845 - "POST /api/v1/collections/06759ce4-e469-411b-abf9-124c05eb9bf1/query HTTP/1.1" 200
[32mINFO[0m:     [09-07-2025 22:27:47] 127.0.0.1:59848 - "GET /api/v1/collections HTTP/1.1" 200
[32mINFO[0m:     [09-07-2025 22:27:47] 127.0.0.1:59848 - "POST /api/v1/collections/06759ce4-e469-411b-abf9-124c05eb9bf1/query HTTP/1.1" 200
[32mINFO[0m:     [09-07-2025 22:27:50] 127.0.0.1:59848 - "GET /api/v1/collections HTTP/1.1" 200
[32mINFO[0m:     [09-07-2025 22:27:50] 127.0.0.1:59848 - "POST /api/v1/collections/06759ce4-e469-411b-abf9-124c05eb9bf1/query HTTP/1.1" 200
[32mINFO[0m:     [09-07-2025 22:27:54] 127.0.0.1:59848 - "GET /api/v1/collections HTTP/1.1" 200
[32mINFO[0m:     [09-07-2025 22:27:54] 127.0.0.1:59848 - "POST /api/v1/collections/06759ce4-e469-411b-abf9-124c05eb9bf1/query HTTP/1.1" 200
[32mINFO[0m:     [09-07-2025 22:27:55] 127.0.0.1:59848 - "GET /api/v1/collections HTTP/1.1" 200
[32mINFO[0m:     [09-07-2025 22:27:55] 127.0.0.1:59848 - "POST /api/v1/collections/06759ce4-e469-411b-abf9-124c05eb9bf1/query HTTP/1.1" 200
[32mINFO[0m:     [09-07-2025 22:27:57] 127.0.0.1:59848 - "GET /api/v1/collections HTTP/1.1" 200
[32mINFO[0m:     [09-07-2025 22:27:57] 127.0.0.1:59848 - "POST /api/v1/collections/06759ce4-e469-411b-abf9-124c05eb9bf1/query HTTP/1.1" 200
[32mINFO[0m:     [09-07-2025 22:28:00] 127.0.0.1:59848 - "GET /api/v1/collections HTTP/1.1" 200
[32mINFO[0m:     [09-07-2025 22:28:00] 127.0.0.1:59848 - "POST /api/v1/collections/06759ce4-e469-411b-abf9-124c05eb9bf1/query HTTP/1.1" 200
[32mINFO[0m:     [09-07-2025 22:28:04] 127.0.0.1:59848 - "GET /api/v1/collections HTTP/1.1" 200
[32mINFO[0m:     [09-07-2025 22:28:04] 127.0.0.1:59848 - "POST /api/v1/collections/06759ce4-e469-411b-abf9-124c05eb9bf1/query HTTP/1.1" 200
[32mINFO[0m:     [09-07-2025 22:28:08] 127.0.0.1:59848 - "GET /api/v1/collections HTTP/1.1" 200
[32mINFO[0m:     [09-07-2025 22:28:08] 127.0.0.1:59848 - "POST /api/v1/collections/06759ce4-e469-411b-abf9-124c05eb9bf1/query HTTP/1.1" 200
[32mINFO[0m:     [09-07-2025 22:28:10] 127.0.0.1:59848 - "GET /api/v1/collections HTTP/1.1" 200
[32mINFO[0m:     [09-07-2025 22:28:10] 127.0.0.1:59848 - "POST /api/v1/collections/06759ce4-e469-411b-abf9-124c05eb9bf1/query HTTP/1.1" 200
[32mINFO[0m:     [09-07-2025 22:28:14] 127.0.0.1:59848 - "GET /api/v1/collections HTTP/1.1" 200
[32mINFO[0m:     [09-07-2025 22:28:14] 127.0.0.1:59848 - "POST /api/v1/collections/06759ce4-e469-411b-abf9-124c05eb9bf1/query HTTP/1.1" 200
[32mINFO[0m:     [09-07-2025 22:28:18] 127.0.0.1:59848 - "GET /api/v1/collections HTTP/1.1" 200
[32mINFO[0m:     [09-07-2025 22:28:18] 127.0.0.1:59848 - "POST /api/v1/collections/06759ce4-e469-411b-abf9-124c05eb9bf1/query HTTP/1.1" 200
[32mINFO[0m:     [09-07-2025 22:28:24] 127.0.0.1:59862 - "GET /api/v1/collections HTTP/1.1" 200
[32mINFO[0m:     [09-07-2025 22:28:24] 127.0.0.1:59862 - "POST /api/v1/collections/06759ce4-e469-411b-abf9-124c05eb9bf1/query HTTP/1.1" 200
[32mINFO[0m:     [09-07-2025 22:28:25] 127.0.0.1:59862 - "GET /api/v1/collections HTTP/1.1" 200
[32mINFO[0m:     [09-07-2025 22:28:25] 127.0.0.1:59862 - "POST /api/v1/collections/06759ce4-e469-411b-abf9-124c05eb9bf1/query HTTP/1.1" 200
[32mINFO[0m:     [09-07-2025 22:28:27] 127.0.0.1:59862 - "GET /api/v1/collections HTTP/1.1" 200
[32mINFO[0m:     [09-07-2025 22:28:27] 127.0.0.1:59862 - "POST /api/v1/collections/06759ce4-e469-411b-abf9-124c05eb9bf1/query HTTP/1.1" 200
[32mINFO[0m:     [09-07-2025 22:28:31] 127.0.0.1:59862 - "GET /api/v1/collections HTTP/1.1" 200
[32mINFO[0m:     [09-07-2025 22:28:31] 127.0.0.1:59862 - "POST /api/v1/collections/06759ce4-e469-411b-abf9-124c05eb9bf1/query HTTP/1.1" 200
[32mINFO[0m:     [09-07-2025 22:28:34] 127.0.0.1:59862 - "GET /api/v1/collections HTTP/1.1" 200
[32mINFO[0m:     [09-07-2025 22:28:34] 127.0.0.1:59862 - "POST /api/v1/collections/06759ce4-e469-411b-abf9-124c05eb9bf1/query HTTP/1.1" 200
[32mINFO[0m:     [09-07-2025 22:28:40] 127.0.0.1:59870 - "GET /api/v1/collections HTTP/1.1" 200
[32mINFO[0m:     [09-07-2025 22:28:40] 127.0.0.1:59870 - "POST /api/v1/collections/06759ce4-e469-411b-abf9-124c05eb9bf1/query HTTP/1.1" 200
[32mINFO[0m:     [09-07-2025 22:28:48] 127.0.0.1:59874 - "GET /api/v1/collections HTTP/1.1" 200
[32mINFO[0m:     [09-07-2025 22:28:48] 127.0.0.1:59874 - "POST /api/v1/collections/06759ce4-e469-411b-abf9-124c05eb9bf1/query HTTP/1.1" 200
[32mINFO[0m:     [09-07-2025 22:28:53] 127.0.0.1:59874 - "GET /api/v1/collections HTTP/1.1" 200
[32mINFO[0m:     [09-07-2025 22:28:53] 127.0.0.1:59874 - "POST /api/v1/collections/06759ce4-e469-411b-abf9-124c05eb9bf1/query HTTP/1.1" 200
[32mINFO[0m:     [09-07-2025 22:29:00] 127.0.0.1:59883 - "GET /api/v1/collections HTTP/1.1" 200
[32mINFO[0m:     [09-07-2025 22:29:00] 127.0.0.1:59883 - "POST /api/v1/collections/06759ce4-e469-411b-abf9-124c05eb9bf1/query HTTP/1.1" 200
[32mINFO[0m:     [09-07-2025 22:29:04] 127.0.0.1:59883 - "GET /api/v1/collections HTTP/1.1" 200
[32mINFO[0m:     [09-07-2025 22:29:04] 127.0.0.1:59883 - "POST /api/v1/collections/06759ce4-e469-411b-abf9-124c05eb9bf1/query HTTP/1.1" 200
[32mINFO[0m:     [09-07-2025 22:29:05] 127.0.0.1:59883 - "GET /api/v1/collections HTTP/1.1" 200
[32mINFO[0m:     [09-07-2025 22:29:05] 127.0.0.1:59883 - "POST /api/v1/collections/06759ce4-e469-411b-abf9-124c05eb9bf1/query HTTP/1.1" 200
[32mINFO[0m:     [09-07-2025 22:29:10] 127.0.0.1:59888 - "GET /api/v1/collections HTTP/1.1" 200
[32mINFO[0m:     [09-07-2025 22:29:10] 127.0.0.1:59888 - "POST /api/v1/collections/06759ce4-e469-411b-abf9-124c05eb9bf1/query HTTP/1.1" 200
[32mINFO[0m:     [09-07-2025 22:29:15] 127.0.0.1:59892 - "GET /api/v1/collections HTTP/1.1" 200
[32mINFO[0m:     [09-07-2025 22:29:15] 127.0.0.1:59892 - "POST /api/v1/collections/06759ce4-e469-411b-abf9-124c05eb9bf1/query HTTP/1.1" 200
[32mINFO[0m:     [09-07-2025 22:29:21] 127.0.0.1:59895 - "GET /api/v1/collections HTTP/1.1" 200
[32mINFO[0m:     [09-07-2025 22:29:21] 127.0.0.1:59895 - "POST /api/v1/collections/06759ce4-e469-411b-abf9-124c05eb9bf1/query HTTP/1.1" 200
[32mINFO[0m:     [09-07-2025 22:29:22] 127.0.0.1:59895 - "GET /api/v1/collections HTTP/1.1" 200
[32mINFO[0m:     [09-07-2025 22:29:22] 127.0.0.1:59895 - "POST /api/v1/collections/06759ce4-e469-411b-abf9-124c05eb9bf1/query HTTP/1.1" 200
[32mINFO[0m:     [09-07-2025 22:29:27] 127.0.0.1:59899 - "GET /api/v1/collections HTTP/1.1" 200
[32mINFO[0m:     [09-07-2025 22:29:27] 127.0.0.1:59899 - "POST /api/v1/collections/06759ce4-e469-411b-abf9-124c05eb9bf1/query HTTP/1.1" 200
[32mINFO[0m:     [09-07-2025 22:29:29] 127.0.0.1:59899 - "GET /api/v1/collections HTTP/1.1" 200
[32mINFO[0m:     [09-07-2025 22:29:30] 127.0.0.1:59899 - "POST /api/v1/collections/06759ce4-e469-411b-abf9-124c05eb9bf1/query HTTP/1.1" 200
[32mINFO[0m:     [09-07-2025 22:29:32] 127.0.0.1:59899 - "GET /api/v1/collections HTTP/1.1" 200
[32mINFO[0m:     [09-07-2025 22:29:32] 127.0.0.1:59899 - "POST /api/v1/collections/06759ce4-e469-411b-abf9-124c05eb9bf1/query HTTP/1.1" 200
[32mINFO[0m:     [09-07-2025 22:29:36] 127.0.0.1:59899 - "GET /api/v1/collections HTTP/1.1" 200
[32mINFO[0m:     [09-07-2025 22:29:36] 127.0.0.1:59899 - "POST /api/v1/collections/06759ce4-e469-411b-abf9-124c05eb9bf1/query HTTP/1.1" 200
[32mINFO[0m:     [09-07-2025 22:29:42] 127.0.0.1:59905 - "GET /api/v1/collections HTTP/1.1" 200
[32mINFO[0m:     [09-07-2025 22:29:42] 127.0.0.1:59905 - "POST /api/v1/collections/06759ce4-e469-411b-abf9-124c05eb9bf1/query HTTP/1.1" 200
[32mINFO[0m:     [09-07-2025 22:29:45] 127.0.0.1:59905 - "GET /api/v1/collections HTTP/1.1" 200
[32mINFO[0m:     [09-07-2025 22:29:45] 127.0.0.1:59905 - "POST /api/v1/collections/06759ce4-e469-411b-abf9-124c05eb9bf1/query HTTP/1.1" 200
[32mINFO[0m:     [09-07-2025 22:29:47] 127.0.0.1:59905 - "GET /api/v1/collections HTTP/1.1" 200
[32mINFO[0m:     [09-07-2025 22:29:47] 127.0.0.1:59905 - "POST /api/v1/collections/06759ce4-e469-411b-abf9-124c05eb9bf1/query HTTP/1.1" 200
[32mINFO[0m:     [09-07-2025 22:29:48] 127.0.0.1:59905 - "GET /api/v1/collections HTTP/1.1" 200
[32mINFO[0m:     [09-07-2025 22:29:48] 127.0.0.1:59905 - "POST /api/v1/collections/06759ce4-e469-411b-abf9-124c05eb9bf1/query HTTP/1.1" 200
[32mINFO[0m:     [09-07-2025 22:29:53] 127.0.0.1:59905 - "GET /api/v1/collections HTTP/1.1" 200
[32mINFO[0m:     [09-07-2025 22:29:53] 127.0.0.1:59905 - "POST /api/v1/collections/06759ce4-e469-411b-abf9-124c05eb9bf1/query HTTP/1.1" 200
[32mINFO[0m:     [09-07-2025 22:29:54] 127.0.0.1:59905 - "GET /api/v1/collections HTTP/1.1" 200
[32mINFO[0m:     [09-07-2025 22:29:54] 127.0.0.1:59905 - "POST /api/v1/collections/06759ce4-e469-411b-abf9-124c05eb9bf1/query HTTP/1.1" 200
[32mINFO[0m:     [09-07-2025 22:29:58] 127.0.0.1:59905 - "GET /api/v1/collections HTTP/1.1" 200
[32mINFO[0m:     [09-07-2025 22:29:58] 127.0.0.1:59905 - "POST /api/v1/collections/06759ce4-e469-411b-abf9-124c05eb9bf1/query HTTP/1.1" 200
[32mINFO[0m:     [09-07-2025 22:30:04] 127.0.0.1:59915 - "GET /api/v1/collections HTTP/1.1" 200
[32mINFO[0m:     [09-07-2025 22:30:04] 127.0.0.1:59915 - "POST /api/v1/collections/06759ce4-e469-411b-abf9-124c05eb9bf1/query HTTP/1.1" 200
[32mINFO[0m:     [09-07-2025 22:30:09] 127.0.0.1:59915 - "GET /api/v1/collections HTTP/1.1" 200
[32mINFO[0m:     [09-07-2025 22:30:09] 127.0.0.1:59915 - "POST /api/v1/collections/06759ce4-e469-411b-abf9-124c05eb9bf1/query HTTP/1.1" 200
[32mINFO[0m:     [09-07-2025 22:30:11] 127.0.0.1:59915 - "GET /api/v1/collections HTTP/1.1" 200
[32mINFO[0m:     [09-07-2025 22:30:11] 127.0.0.1:59915 - "POST /api/v1/collections/06759ce4-e469-411b-abf9-124c05eb9bf1/query HTTP/1.1" 200
[32mINFO[0m:     [09-07-2025 22:30:16] 127.0.0.1:59915 - "GET /api/v1/collections HTTP/1.1" 200
[32mINFO[0m:     [09-07-2025 22:30:16] 127.0.0.1:59915 - "POST /api/v1/collections/06759ce4-e469-411b-abf9-124c05eb9bf1/query HTTP/1.1" 200
[32mINFO[0m:     [09-07-2025 22:30:19] 127.0.0.1:59915 - "GET /api/v1/collections HTTP/1.1" 200
[32mINFO[0m:     [09-07-2025 22:30:19] 127.0.0.1:59915 - "POST /api/v1/collections/06759ce4-e469-411b-abf9-124c05eb9bf1/query HTTP/1.1" 200
[32mINFO[0m:     [09-07-2025 22:30:22] 127.0.0.1:59915 - "GET /api/v1/collections HTTP/1.1" 200
[32mINFO[0m:     [09-07-2025 22:30:22] 127.0.0.1:59915 - "POST /api/v1/collections/06759ce4-e469-411b-abf9-124c05eb9bf1/query HTTP/1.1" 200
[32mINFO[0m:     [09-07-2025 22:30:24] 127.0.0.1:59915 - "GET /api/v1/collections HTTP/1.1" 200
[32mINFO[0m:     [09-07-2025 22:30:24] 127.0.0.1:59915 - "POST /api/v1/collections/06759ce4-e469-411b-abf9-124c05eb9bf1/query HTTP/1.1" 200
[32mINFO[0m:     [09-07-2025 22:30:34] 127.0.0.1:59926 - "GET /api/v1/collections HTTP/1.1" 200
[32mINFO[0m:     [09-07-2025 22:30:34] 127.0.0.1:59926 - "POST /api/v1/collections/06759ce4-e469-411b-abf9-124c05eb9bf1/query HTTP/1.1" 200
[32mINFO[0m:     [09-07-2025 22:30:45] 127.0.0.1:59938 - "GET /api/v1/collections HTTP/1.1" 200
[32mINFO[0m:     [09-07-2025 22:30:45] 127.0.0.1:59938 - "POST /api/v1/collections/06759ce4-e469-411b-abf9-124c05eb9bf1/query HTTP/1.1" 200
[32mINFO[0m:     [09-07-2025 22:30:49] 127.0.0.1:59938 - "GET /api/v1/collections HTTP/1.1" 200
[32mINFO[0m:     [09-07-2025 22:30:49] 127.0.0.1:59938 - "POST /api/v1/collections/06759ce4-e469-411b-abf9-124c05eb9bf1/query HTTP/1.1" 200
[32mINFO[0m:     [09-07-2025 22:30:50] 127.0.0.1:59938 - "GET /api/v1/collections HTTP/1.1" 200
[32mINFO[0m:     [09-07-2025 22:30:50] 127.0.0.1:59938 - "POST /api/v1/collections/06759ce4-e469-411b-abf9-124c05eb9bf1/query HTTP/1.1" 200
[32mINFO[0m:     [09-07-2025 22:30:56] 127.0.0.1:59943 - "GET /api/v1/collections HTTP/1.1" 200
[32mINFO[0m:     [09-07-2025 22:30:56] 127.0.0.1:59943 - "POST /api/v1/collections/06759ce4-e469-411b-abf9-124c05eb9bf1/query HTTP/1.1" 200
[32mINFO[0m:     [10-07-2025 14:55:24] 127.0.0.1:63055 - "GET /api/v1/collections HTTP/1.1" 200
[32mINFO[0m:     [10-07-2025 14:55:24] 127.0.0.1:63055 - "POST /api/v1/collections/06759ce4-e469-411b-abf9-124c05eb9bf1/query HTTP/1.1" 200
[32mINFO[0m:     [10-07-2025 14:56:51] 127.0.0.1:63077 - "GET /api/v1/collections HTTP/1.1" 200
[32mINFO[0m:     [10-07-2025 14:56:51] 127.0.0.1:63077 - "POST /api/v1/collections/06759ce4-e469-411b-abf9-124c05eb9bf1/query HTTP/1.1" 200
[32mINFO[0m:     [10-07-2025 14:57:42] 127.0.0.1:63082 - "GET /api/v1/collections HTTP/1.1" 200
[32mINFO[0m:     [10-07-2025 14:57:42] 127.0.0.1:63082 - "POST /api/v1/collections/06759ce4-e469-411b-abf9-124c05eb9bf1/query HTTP/1.1" 200
[32mINFO[0m:     [10-07-2025 14:58:37] 127.0.0.1:63087 - "GET /api/v1/collections HTTP/1.1" 200
[32mINFO[0m:     [10-07-2025 14:58:37] 127.0.0.1:63087 - "POST /api/v1/collections/06759ce4-e469-411b-abf9-124c05eb9bf1/query HTTP/1.1" 200
[32mINFO[0m:     [10-07-2025 14:59:45] 127.0.0.1:63094 - "GET /api/v1/collections HTTP/1.1" 200
[32mINFO[0m:     [10-07-2025 14:59:45] 127.0.0.1:63094 - "POST /api/v1/collections/06759ce4-e469-411b-abf9-124c05eb9bf1/query HTTP/1.1" 200
[32mINFO[0m:     [11-07-2025 07:18:07] 127.0.0.1:49953 - "GET /api/v1/collections HTTP/1.1" 200
[32mINFO[0m:     [11-07-2025 07:18:07] 127.0.0.1:49953 - "POST /api/v1/collections/06759ce4-e469-411b-abf9-124c05eb9bf1/query HTTP/1.1" 200
[32mINFO[0m:     [11-07-2025 07:18:16] 127.0.0.1:49955 - "GET /api/v1/collections HTTP/1.1" 200
[32mINFO[0m:     [11-07-2025 07:18:16] 127.0.0.1:49955 - "POST /api/v1/collections/06759ce4-e469-411b-abf9-124c05eb9bf1/query HTTP/1.1" 200
[32mINFO[0m:     [11-07-2025 07:18:54] 127.0.0.1:49966 - "GET /api/v1/collections HTTP/1.1" 200
[32mINFO[0m:     [11-07-2025 07:18:54] 127.0.0.1:49966 - "POST /api/v1/collections/06759ce4-e469-411b-abf9-124c05eb9bf1/query HTTP/1.1" 200
[32mINFO[0m:     [11-07-2025 09:03:02] 127.0.0.1:50503 - "GET /api/v1/collections HTTP/1.1" 200
[32mINFO[0m:     [11-07-2025 09:03:02] 127.0.0.1:50503 - "POST /api/v1/collections/06759ce4-e469-411b-abf9-124c05eb9bf1/query HTTP/1.1" 200
[32mINFO[0m:     [11-07-2025 09:03:06] 127.0.0.1:50503 - "GET /api/v1/collections HTTP/1.1" 200
[32mINFO[0m:     [11-07-2025 09:03:06] 127.0.0.1:50503 - "POST /api/v1/collections/06759ce4-e469-411b-abf9-124c05eb9bf1/query HTTP/1.1" 200
[32mINFO[0m:     [11-07-2025 09:03:15] 127.0.0.1:50509 - "GET /api/v1/collections HTTP/1.1" 200
[32mINFO[0m:     [11-07-2025 09:03:15] 127.0.0.1:50509 - "POST /api/v1/collections/06759ce4-e469-411b-abf9-124c05eb9bf1/query HTTP/1.1" 200
[32mINFO[0m:     [11-07-2025 09:03:18] 127.0.0.1:50509 - "GET /api/v1/collections HTTP/1.1" 200
[32mINFO[0m:     [11-07-2025 09:03:18] 127.0.0.1:50509 - "POST /api/v1/collections/06759ce4-e469-411b-abf9-124c05eb9bf1/query HTTP/1.1" 200
[32mINFO[0m:     [11-07-2025 09:03:20] 127.0.0.1:50509 - "GET /api/v1/collections HTTP/1.1" 200
[32mINFO[0m:     [11-07-2025 09:03:20] 127.0.0.1:50509 - "POST /api/v1/collections/06759ce4-e469-411b-abf9-124c05eb9bf1/query HTTP/1.1" 200
[32mINFO[0m:     [11-07-2025 09:03:26] 127.0.0.1:50514 - "GET /api/v1/collections HTTP/1.1" 200
[32mINFO[0m:     [11-07-2025 09:03:26] 127.0.0.1:50514 - "POST /api/v1/collections/06759ce4-e469-411b-abf9-124c05eb9bf1/query HTTP/1.1" 200
[32mINFO[0m:     [11-07-2025 09:03:30] 127.0.0.1:50514 - "GET /api/v1/collections HTTP/1.1" 200
[32mINFO[0m:     [11-07-2025 09:03:30] 127.0.0.1:50514 - "POST /api/v1/collections/06759ce4-e469-411b-abf9-124c05eb9bf1/query HTTP/1.1" 200
[32mINFO[0m:     [11-07-2025 09:03:31] 127.0.0.1:50514 - "GET /api/v1/collections HTTP/1.1" 200
[32mINFO[0m:     [11-07-2025 09:03:31] 127.0.0.1:50514 - "POST /api/v1/collections/06759ce4-e469-411b-abf9-124c05eb9bf1/query HTTP/1.1" 200
[32mINFO[0m:     [11-07-2025 09:03:35] 127.0.0.1:50514 - "GET /api/v1/collections HTTP/1.1" 200
[32mINFO[0m:     [11-07-2025 09:03:35] 127.0.0.1:50514 - "POST /api/v1/collections/06759ce4-e469-411b-abf9-124c05eb9bf1/query HTTP/1.1" 200
[32mINFO[0m:     [11-07-2025 09:03:38] 127.0.0.1:50514 - "GET /api/v1/collections HTTP/1.1" 200
[32mINFO[0m:     [11-07-2025 09:03:38] 127.0.0.1:50514 - "POST /api/v1/collections/06759ce4-e469-411b-abf9-124c05eb9bf1/query HTTP/1.1" 200
[32mINFO[0m:     [11-07-2025 09:03:46] 127.0.0.1:50521 - "GET /api/v1/collections HTTP/1.1" 200
[32mINFO[0m:     [11-07-2025 09:03:46] 127.0.0.1:50521 - "POST /api/v1/collections/06759ce4-e469-411b-abf9-124c05eb9bf1/query HTTP/1.1" 200
[32mINFO[0m:     [11-07-2025 09:03:54] 127.0.0.1:50524 - "GET /api/v1/collections HTTP/1.1" 200
[32mINFO[0m:     [11-07-2025 09:03:54] 127.0.0.1:50524 - "POST /api/v1/collections/06759ce4-e469-411b-abf9-124c05eb9bf1/query HTTP/1.1" 200
[32mINFO[0m:     [11-07-2025 09:03:57] 127.0.0.1:50524 - "GET /api/v1/collections HTTP/1.1" 200
[32mINFO[0m:     [11-07-2025 09:03:57] 127.0.0.1:50524 - "POST /api/v1/collections/06759ce4-e469-411b-abf9-124c05eb9bf1/query HTTP/1.1" 200
[32mINFO[0m:     [11-07-2025 09:04:00] 127.0.0.1:50524 - "GET /api/v1/collections HTTP/1.1" 200
[32mINFO[0m:     [11-07-2025 09:04:00] 127.0.0.1:50524 - "POST /api/v1/collections/06759ce4-e469-411b-abf9-124c05eb9bf1/query HTTP/1.1" 200
[32mINFO[0m:     [11-07-2025 09:04:02] 127.0.0.1:50524 - "GET /api/v1/collections HTTP/1.1" 200
[32mINFO[0m:     [11-07-2025 09:04:02] 127.0.0.1:50524 - "POST /api/v1/collections/06759ce4-e469-411b-abf9-124c05eb9bf1/query HTTP/1.1" 200
[32mINFO[0m:     [11-07-2025 09:04:04] 127.0.0.1:50524 - "GET /api/v1/collections HTTP/1.1" 200
[32mINFO[0m:     [11-07-2025 09:04:04] 127.0.0.1:50524 - "POST /api/v1/collections/06759ce4-e469-411b-abf9-124c05eb9bf1/query HTTP/1.1" 200
[32mINFO[0m:     [11-07-2025 09:04:06] 127.0.0.1:50524 - "GET /api/v1/collections HTTP/1.1" 200
[32mINFO[0m:     [11-07-2025 09:04:06] 127.0.0.1:50524 - "POST /api/v1/collections/06759ce4-e469-411b-abf9-124c05eb9bf1/query HTTP/1.1" 200
[32mINFO[0m:     [11-07-2025 09:04:08] 127.0.0.1:50524 - "GET /api/v1/collections HTTP/1.1" 200
[32mINFO[0m:     [11-07-2025 09:04:08] 127.0.0.1:50524 - "POST /api/v1/collections/06759ce4-e469-411b-abf9-124c05eb9bf1/query HTTP/1.1" 200
[32mINFO[0m:     [11-07-2025 09:04:11] 127.0.0.1:50524 - "GET /api/v1/collections HTTP/1.1" 200
[32mINFO[0m:     [11-07-2025 09:04:11] 127.0.0.1:50524 - "POST /api/v1/collections/06759ce4-e469-411b-abf9-124c05eb9bf1/query HTTP/1.1" 200
[32mINFO[0m:     [11-07-2025 09:04:13] 127.0.0.1:50524 - "GET /api/v1/collections HTTP/1.1" 200
[32mINFO[0m:     [11-07-2025 09:04:13] 127.0.0.1:50524 - "POST /api/v1/collections/06759ce4-e469-411b-abf9-124c05eb9bf1/query HTTP/1.1" 200
[32mINFO[0m:     [11-07-2025 09:04:16] 127.0.0.1:50524 - "GET /api/v1/collections HTTP/1.1" 200
[32mINFO[0m:     [11-07-2025 09:04:16] 127.0.0.1:50524 - "POST /api/v1/collections/06759ce4-e469-411b-abf9-124c05eb9bf1/query HTTP/1.1" 200
[32mINFO[0m:     [11-07-2025 09:04:28] 127.0.0.1:50539 - "GET /api/v1/collections HTTP/1.1" 200
[32mINFO[0m:     [11-07-2025 09:04:28] 127.0.0.1:50539 - "POST /api/v1/collections/06759ce4-e469-411b-abf9-124c05eb9bf1/query HTTP/1.1" 200
[32mINFO[0m:     [11-07-2025 09:04:31] 127.0.0.1:50539 - "GET /api/v1/collections HTTP/1.1" 200
[32mINFO[0m:     [11-07-2025 09:04:31] 127.0.0.1:50539 - "POST /api/v1/collections/06759ce4-e469-411b-abf9-124c05eb9bf1/query HTTP/1.1" 200
[32mINFO[0m:     [11-07-2025 09:04:34] 127.0.0.1:50539 - "GET /api/v1/collections HTTP/1.1" 200
[32mINFO[0m:     [11-07-2025 09:04:34] 127.0.0.1:50539 - "POST /api/v1/collections/06759ce4-e469-411b-abf9-124c05eb9bf1/query HTTP/1.1" 200
[32mINFO[0m:     [11-07-2025 09:04:38] 127.0.0.1:50539 - "GET /api/v1/collections HTTP/1.1" 200
[32mINFO[0m:     [11-07-2025 09:04:38] 127.0.0.1:50539 - "POST /api/v1/collections/06759ce4-e469-411b-abf9-124c05eb9bf1/query HTTP/1.1" 200
[32mINFO[0m:     [11-07-2025 09:04:50] 127.0.0.1:50545 - "GET /api/v1/collections HTTP/1.1" 200
[32mINFO[0m:     [11-07-2025 09:04:50] 127.0.0.1:50545 - "POST /api/v1/collections/06759ce4-e469-411b-abf9-124c05eb9bf1/query HTTP/1.1" 200
[32mINFO[0m:     [11-07-2025 09:04:55] 127.0.0.1:50545 - "GET /api/v1/collections HTTP/1.1" 200
[32mINFO[0m:     [11-07-2025 09:04:55] 127.0.0.1:50545 - "POST /api/v1/collections/06759ce4-e469-411b-abf9-124c05eb9bf1/query HTTP/1.1" 200
[32mINFO[0m:     [11-07-2025 09:05:00] 127.0.0.1:50549 - "GET /api/v1/collections HTTP/1.1" 200
[32mINFO[0m:     [11-07-2025 09:05:00] 127.0.0.1:50549 - "POST /api/v1/collections/06759ce4-e469-411b-abf9-124c05eb9bf1/query HTTP/1.1" 200
[32mINFO[0m:     [11-07-2025 09:05:07] 127.0.0.1:50552 - "GET /api/v1/collections HTTP/1.1" 200
[32mINFO[0m:     [11-07-2025 09:05:07] 127.0.0.1:50552 - "POST /api/v1/collections/06759ce4-e469-411b-abf9-124c05eb9bf1/query HTTP/1.1" 200
[32mINFO[0m:     [11-07-2025 09:05:14] 127.0.0.1:50555 - "GET /api/v1/collections HTTP/1.1" 200
[32mINFO[0m:     [11-07-2025 09:05:14] 127.0.0.1:50555 - "POST /api/v1/collections/06759ce4-e469-411b-abf9-124c05eb9bf1/query HTTP/1.1" 200
[32mINFO[0m:     [11-07-2025 09:05:22] 127.0.0.1:50562 - "GET /api/v1/collections HTTP/1.1" 200
[32mINFO[0m:     [11-07-2025 09:05:22] 127.0.0.1:50562 - "POST /api/v1/collections/06759ce4-e469-411b-abf9-124c05eb9bf1/query HTTP/1.1" 200
[32mINFO[0m:     [11-07-2025 09:05:27] 127.0.0.1:50562 - "GET /api/v1/collections HTTP/1.1" 200
[32mINFO[0m:     [11-07-2025 09:05:27] 127.0.0.1:50562 - "POST /api/v1/collections/06759ce4-e469-411b-abf9-124c05eb9bf1/query HTTP/1.1" 200
[32mINFO[0m:     [11-07-2025 09:05:28] 127.0.0.1:50562 - "GET /api/v1/collections HTTP/1.1" 200
[32mINFO[0m:     [11-07-2025 09:05:28] 127.0.0.1:50562 - "POST /api/v1/collections/06759ce4-e469-411b-abf9-124c05eb9bf1/query HTTP/1.1" 200
[32mINFO[0m:     [11-07-2025 09:05:33] 127.0.0.1:50562 - "GET /api/v1/collections HTTP/1.1" 200
[32mINFO[0m:     [11-07-2025 09:05:33] 127.0.0.1:50562 - "POST /api/v1/collections/06759ce4-e469-411b-abf9-124c05eb9bf1/query HTTP/1.1" 200
[32mINFO[0m:     [11-07-2025 09:05:40] 127.0.0.1:50569 - "GET /api/v1/collections HTTP/1.1" 200
[32mINFO[0m:     [11-07-2025 09:05:40] 127.0.0.1:50569 - "POST /api/v1/collections/06759ce4-e469-411b-abf9-124c05eb9bf1/query HTTP/1.1" 200
[32mINFO[0m:     [11-07-2025 09:05:45] 127.0.0.1:50572 - "GET /api/v1/collections HTTP/1.1" 200
[32mINFO[0m:     [11-07-2025 09:05:45] 127.0.0.1:50572 - "POST /api/v1/collections/06759ce4-e469-411b-abf9-124c05eb9bf1/query HTTP/1.1" 200
[32mINFO[0m:     [11-07-2025 09:05:50] 127.0.0.1:50572 - "GET /api/v1/collections HTTP/1.1" 200
[32mINFO[0m:     [11-07-2025 09:05:50] 127.0.0.1:50572 - "POST /api/v1/collections/06759ce4-e469-411b-abf9-124c05eb9bf1/query HTTP/1.1" 200
[32mINFO[0m:     [11-07-2025 09:05:56] 127.0.0.1:50576 - "GET /api/v1/collections HTTP/1.1" 200
[32mINFO[0m:     [11-07-2025 09:05:56] 127.0.0.1:50576 - "POST /api/v1/collections/06759ce4-e469-411b-abf9-124c05eb9bf1/query HTTP/1.1" 200
[32mINFO[0m:     [11-07-2025 09:05:58] 127.0.0.1:50576 - "GET /api/v1/collections HTTP/1.1" 200
[32mINFO[0m:     [11-07-2025 09:05:58] 127.0.0.1:50576 - "POST /api/v1/collections/06759ce4-e469-411b-abf9-124c05eb9bf1/query HTTP/1.1" 200
[32mINFO[0m:     [11-07-2025 09:06:01] 127.0.0.1:50576 - "GET /api/v1/collections HTTP/1.1" 200
[32mINFO[0m:     [11-07-2025 09:06:01] 127.0.0.1:50576 - "POST /api/v1/collections/06759ce4-e469-411b-abf9-124c05eb9bf1/query HTTP/1.1" 200
[32mINFO[0m:     [11-07-2025 09:06:07] 127.0.0.1:50582 - "GET /api/v1/collections HTTP/1.1" 200
[32mINFO[0m:     [11-07-2025 09:06:07] 127.0.0.1:50582 - "POST /api/v1/collections/06759ce4-e469-411b-abf9-124c05eb9bf1/query HTTP/1.1" 200
[32mINFO[0m:     [11-07-2025 09:06:11] 127.0.0.1:50582 - "GET /api/v1/collections HTTP/1.1" 200
[32mINFO[0m:     [11-07-2025 09:06:11] 127.0.0.1:50582 - "POST /api/v1/collections/06759ce4-e469-411b-abf9-124c05eb9bf1/query HTTP/1.1" 200
[32mINFO[0m:     [11-07-2025 09:06:15] 127.0.0.1:50582 - "GET /api/v1/collections HTTP/1.1" 200
[32mINFO[0m:     [11-07-2025 09:06:15] 127.0.0.1:50582 - "POST /api/v1/collections/06759ce4-e469-411b-abf9-124c05eb9bf1/query HTTP/1.1" 200
[32mINFO[0m:     [11-07-2025 09:06:17] 127.0.0.1:50582 - "GET /api/v1/collections HTTP/1.1" 200
[32mINFO[0m:     [11-07-2025 09:06:17] 127.0.0.1:50582 - "POST /api/v1/collections/06759ce4-e469-411b-abf9-124c05eb9bf1/query HTTP/1.1" 200
[32mINFO[0m:     [11-07-2025 09:06:18] 127.0.0.1:50582 - "GET /api/v1/collections HTTP/1.1" 200
[32mINFO[0m:     [11-07-2025 09:06:18] 127.0.0.1:50582 - "POST /api/v1/collections/06759ce4-e469-411b-abf9-124c05eb9bf1/query HTTP/1.1" 200
[32mINFO[0m:     [11-07-2025 09:06:22] 127.0.0.1:50582 - "GET /api/v1/collections HTTP/1.1" 200
[32mINFO[0m:     [11-07-2025 09:06:22] 127.0.0.1:50582 - "POST /api/v1/collections/06759ce4-e469-411b-abf9-124c05eb9bf1/query HTTP/1.1" 200
[32mINFO[0m:     [11-07-2025 09:06:24] 127.0.0.1:50582 - "GET /api/v1/collections HTTP/1.1" 200
[32mINFO[0m:     [11-07-2025 09:06:24] 127.0.0.1:50582 - "POST /api/v1/collections/06759ce4-e469-411b-abf9-124c05eb9bf1/query HTTP/1.1" 200
[32mINFO[0m:     [11-07-2025 09:06:27] 127.0.0.1:50582 - "GET /api/v1/collections HTTP/1.1" 200
[32mINFO[0m:     [11-07-2025 09:06:27] 127.0.0.1:50582 - "POST /api/v1/collections/06759ce4-e469-411b-abf9-124c05eb9bf1/query HTTP/1.1" 200
[32mINFO[0m:     [11-07-2025 09:06:31] 127.0.0.1:50582 - "GET /api/v1/collections HTTP/1.1" 200
[32mINFO[0m:     [11-07-2025 09:06:31] 127.0.0.1:50582 - "POST /api/v1/collections/06759ce4-e469-411b-abf9-124c05eb9bf1/query HTTP/1.1" 200
[32mINFO[0m:     [11-07-2025 09:06:36] 127.0.0.1:50582 - "GET /api/v1/collections HTTP/1.1" 200
[32mINFO[0m:     [11-07-2025 09:06:36] 127.0.0.1:50582 - "POST /api/v1/collections/06759ce4-e469-411b-abf9-124c05eb9bf1/query HTTP/1.1" 200
[32mINFO[0m:     [11-07-2025 09:06:39] 127.0.0.1:50582 - "GET /api/v1/collections HTTP/1.1" 200
[32mINFO[0m:     [11-07-2025 09:06:39] 127.0.0.1:50582 - "POST /api/v1/collections/06759ce4-e469-411b-abf9-124c05eb9bf1/query HTTP/1.1" 200
[32mINFO[0m:     [11-07-2025 09:06:44] 127.0.0.1:50582 - "GET /api/v1/collections HTTP/1.1" 200
[32mINFO[0m:     [11-07-2025 09:06:44] 127.0.0.1:50582 - "POST /api/v1/collections/06759ce4-e469-411b-abf9-124c05eb9bf1/query HTTP/1.1" 200
[32mINFO[0m:     [11-07-2025 09:06:46] 127.0.0.1:50582 - "GET /api/v1/collections HTTP/1.1" 200
[32mINFO[0m:     [11-07-2025 09:06:46] 127.0.0.1:50582 - "POST /api/v1/collections/06759ce4-e469-411b-abf9-124c05eb9bf1/query HTTP/1.1" 200
[32mINFO[0m:     [11-07-2025 09:06:51] 127.0.0.1:50582 - "GET /api/v1/collections HTTP/1.1" 200
[32mINFO[0m:     [11-07-2025 09:06:51] 127.0.0.1:50582 - "POST /api/v1/collections/06759ce4-e469-411b-abf9-124c05eb9bf1/query HTTP/1.1" 200
[32mINFO[0m:     [11-07-2025 09:06:53] 127.0.0.1:50582 - "GET /api/v1/collections HTTP/1.1" 200
[32mINFO[0m:     [11-07-2025 09:06:53] 127.0.0.1:50582 - "POST /api/v1/collections/06759ce4-e469-411b-abf9-124c05eb9bf1/query HTTP/1.1" 200
[32mINFO[0m:     [11-07-2025 09:06:59] 127.0.0.1:50600 - "GET /api/v1/collections HTTP/1.1" 200
[32mINFO[0m:     [11-07-2025 09:06:59] 127.0.0.1:50600 - "POST /api/v1/collections/06759ce4-e469-411b-abf9-124c05eb9bf1/query HTTP/1.1" 200
[32mINFO[0m:     [11-07-2025 09:07:11] 127.0.0.1:50612 - "GET /api/v1/collections HTTP/1.1" 200
[32mINFO[0m:     [11-07-2025 09:07:11] 127.0.0.1:50612 - "POST /api/v1/collections/06759ce4-e469-411b-abf9-124c05eb9bf1/query HTTP/1.1" 200
[32mINFO[0m:     [11-07-2025 09:07:15] 127.0.0.1:50612 - "GET /api/v1/collections HTTP/1.1" 200
[32mINFO[0m:     [11-07-2025 09:07:15] 127.0.0.1:50612 - "POST /api/v1/collections/06759ce4-e469-411b-abf9-124c05eb9bf1/query HTTP/1.1" 200
[32mINFO[0m:     [11-07-2025 09:07:16] 127.0.0.1:50612 - "GET /api/v1/collections HTTP/1.1" 200
[32mINFO[0m:     [11-07-2025 09:07:16] 127.0.0.1:50612 - "POST /api/v1/collections/06759ce4-e469-411b-abf9-124c05eb9bf1/query HTTP/1.1" 200
[32mINFO[0m:     [11-07-2025 09:07:22] 127.0.0.1:50617 - "GET /api/v1/collections HTTP/1.1" 200
[32mINFO[0m:     [11-07-2025 09:07:22] 127.0.0.1:50617 - "POST /api/v1/collections/06759ce4-e469-411b-abf9-124c05eb9bf1/query HTTP/1.1" 200
